layer,win_start,win_end,ppl_new,delta_ppl,seconds,override_nsize,channel_window,eval_batch_size,l2_diff_vs_baseline
transformer.h.0.attn.c_attn,0,256,18.779127785409266,-0.00039579686889723575,11.199909448623657,5,256,16,7.482357978820801
transformer.h.0.attn.c_attn,256,512,18.77772017725855,-0.0018034050196114038,13.578506708145142,5,256,16,7.5102691650390625
transformer.h.0.attn.c_attn,512,768,18.78050863332424,0.0009850510460758244,12.211766004562378,5,256,16,13.40982723236084
transformer.h.0.attn.c_attn,768,1024,18.78186143567216,0.00233785339399617,13.559341192245483,5,256,16,10.562555313110352
transformer.h.0.attn.c_attn,1024,1280,18.77957334530611,4.976302794901244e-05,13.48016905784607,5,256,16,10.312975883483887
transformer.h.0.attn.c_attn,1280,1536,18.779876403713942,0.0003528214357793047,11.900425434112549,5,256,16,11.248551368713379
transformer.h.0.attn.c_attn,1536,1792,18.779949066819732,0.00042548454156943194,12.3580641746521,5,256,16,10.63522720336914
transformer.h.0.attn.c_attn,1792,2048,18.77887270936537,-0.0006508729127929769,13.248589992523193,5,256,16,7.51569128036499
transformer.h.0.attn.c_attn,2048,2304,18.778143446369384,-0.0013801359087786125,13.500128269195557,5,256,16,12.146037101745605
transformer.h.0.attn.c_attn,2304,2560,18.78079417985822,0.0012705975800564318,13.257099151611328,5,256,16,10.829602241516113
transformer.h.0.attn.c_attn,2560,2816,18.779826511955516,0.0003029296773533474,12.000088214874268,5,256,16,10.130656242370605
transformer.h.0.attn.c_attn,2816,3072,18.779162196635284,-0.0003613856428792417,13.151724576950073,5,256,16,10.570463180541992
transformer.h.0.attn.c_attn,3072,3328,18.77934372009422,-0.00017986218394128173,13.140478610992432,5,256,16,8.119598388671875
transformer.h.0.attn.c_attn,3328,3584,18.777009505703937,-0.0025140765742257543,12.57304310798645,5,256,16,2.070331335067749
transformer.h.0.attn.c_attn,3584,3840,18.777620916980503,-0.0019026652976599223,12.71923542022705,5,256,16,2.9212512969970703
transformer.h.0.attn.c_attn,3840,4096,18.77921925033112,-0.00030433194704215794,13.470016956329346,5,256,16,2.883889675140381
transformer.h.0.attn.c_attn,4096,4352,18.779143647825318,-0.00037993445284456584,12.470628023147583,5,256,16,2.6343977451324463
transformer.h.0.attn.c_attn,4352,4608,18.780200959234506,0.0006773769563430676,13.181626319885254,5,256,16,2.7892355918884277
transformer.h.0.attn.c_attn,4608,4800,18.781622954644753,0.002099372366590302,13.157968759536743,5,256,16,2.7654306888580322
transformer.h.0.attn.c_proj,0,256,18.7777707029882,-0.0017528792899632606,13.734446287155151,5,256,16,2.482846736907959
transformer.h.0.attn.c_proj,256,512,18.78077690877515,0.0012533264969860625,13.033975839614868,5,256,16,2.894465446472168
transformer.h.0.attn.c_proj,512,768,18.778464518150777,-0.001059064127385767,12.500082015991211,5,256,16,2.6208066940307617
transformer.h.0.attn.c_proj,768,1024,18.778101873731387,-0.0014217085467755908,13.228787660598755,5,256,16,2.4534852504730225
transformer.h.0.attn.c_proj,1024,1280,18.779004852139135,-0.0005187301390279231,11.048918724060059,5,256,16,2.777631998062134
transformer.h.0.attn.c_proj,1280,1536,18.77842064228072,-0.0011029399974411547,11.052430629730225,5,256,16,2.4703025817871094
transformer.h.0.attn.c_proj,1536,1600,18.78025443403664,0.0007308517584760921,10.934997320175171,5,256,16,1.2392330169677734
transformer.h.0.mlp.c_fc,0,256,18.778639638898177,-0.0008839433799856522,11.45830488204956,5,256,16,5.489795207977295
transformer.h.0.mlp.c_fc,256,512,18.78065076638337,0.0011271841052078457,12.625523328781128,5,256,16,5.493731498718262
transformer.h.0.mlp.c_fc,512,768,18.78179759308314,0.0022740108049781327,12.98490571975708,5,256,16,5.483019828796387
transformer.h.0.mlp.c_fc,768,1024,18.781465333653557,0.0019417513753943183,13.10560917854309,5,256,16,5.541894912719727
transformer.h.0.mlp.c_fc,1024,1280,18.780489699388546,0.0009661171103836352,12.935445308685303,5,256,16,5.530661106109619
transformer.h.0.mlp.c_fc,1280,1536,18.780590254157396,0.0010666718792329277,13.438568115234375,5,256,16,5.506989002227783
transformer.h.0.mlp.c_fc,1536,1792,18.779843782164587,0.0003201998864241773,12.93665885925293,5,256,16,5.55822229385376
transformer.h.0.mlp.c_fc,1792,2048,18.78472075703016,0.005197174751998546,13.143615484237671,5,256,16,5.499800205230713
transformer.h.0.mlp.c_fc,2048,2304,18.779630528177155,0.00010694589899173934,12.847665071487427,5,256,16,5.514102458953857
transformer.h.0.mlp.c_fc,2304,2560,18.779407170568426,-0.0001164117097367523,12.333001375198364,5,256,16,5.50377893447876
transformer.h.0.mlp.c_fc,2560,2816,18.77753994861133,-0.001983633666831963,12.790302991867065,5,256,16,5.5460429191589355
transformer.h.0.mlp.c_fc,2816,3072,18.776023231272955,-0.003500351005207847,13.264379739761353,5,256,16,5.531576156616211
transformer.h.0.mlp.c_fc,3072,3328,18.781054143560667,0.0015305612825038395,12.199273109436035,5,256,16,5.54259729385376
transformer.h.0.mlp.c_fc,3328,3584,18.778998456049287,-0.0005251262288759051,12.491280794143677,5,256,16,5.556606769561768
transformer.h.0.mlp.c_fc,3584,3840,18.78052603209278,0.0010024498146172789,13.415440320968628,5,256,16,5.5505523681640625
transformer.h.0.mlp.c_fc,3840,4096,18.7786334987713,-0.0008900835068637036,13.639207601547241,5,256,16,5.50978946685791
transformer.h.0.mlp.c_fc,4096,4352,18.778071301911712,-0.001452280366450509,11.729133367538452,5,256,16,5.453908920288086
transformer.h.0.mlp.c_fc,4352,4608,18.78033311135487,0.0008095290767080598,12.859713554382324,5,256,16,5.47617769241333
transformer.h.0.mlp.c_fc,4608,4864,18.779587800914793,6.421863663064187e-05,12.56913685798645,5,256,16,5.540555477142334
transformer.h.0.mlp.c_fc,4864,5120,18.78072432802002,0.0012007457418583556,12.558462619781494,5,256,16,5.507326602935791
transformer.h.0.mlp.c_fc,5120,5376,18.776441218053584,-0.0030823642245785265,13.46379017829895,5,256,16,5.497049808502197
transformer.h.0.mlp.c_fc,5376,5632,18.78180232689492,0.0022787446167562564,12.516263008117676,5,256,16,5.507848739624023
transformer.h.0.mlp.c_fc,5632,5888,18.783799206276967,0.004275623998804434,13.023959398269653,5,256,16,5.486105918884277
transformer.h.0.mlp.c_fc,5888,6144,18.777621556542467,-0.001902025735695645,12.386077165603638,5,256,16,5.464711666107178
transformer.h.0.mlp.c_fc,6144,6400,18.780437503232253,0.0009139209540904858,11.104537963867188,5,256,16,5.601256847381592
transformer.h.0.mlp.c_proj,0,256,18.775616508882752,-0.003907073395410521,10.974576473236084,5,256,16,8.288413047790527
transformer.h.0.mlp.c_proj,256,512,18.78290636115245,0.003382778874286174,10.885416746139526,5,256,16,8.239472389221191
transformer.h.0.mlp.c_proj,512,768,18.779015725496873,-0.0005078567812901724,12.15524435043335,5,256,16,8.131211280822754
transformer.h.0.mlp.c_proj,768,1024,18.78187410186292,0.002350519584755517,12.632675647735596,5,256,16,8.099358558654785
transformer.h.0.mlp.c_proj,1024,1280,18.780178955293152,0.0006553730149896353,13.237123012542725,5,256,16,8.144010543823242
transformer.h.0.mlp.c_proj,1280,1536,18.775679051469517,-0.003844530808645885,13.436620712280273,5,256,16,8.474058151245117
transformer.h.0.mlp.c_proj,1536,1600,18.780405264502313,0.0008816822241506372,12.860397338867188,5,256,16,4.199885845184326
transformer.h.1.attn.c_attn,0,256,18.780075588285797,0.0005520060076342759,12.925283432006836,5,256,16,6.244036674499512
transformer.h.1.attn.c_attn,256,512,18.77995418395045,0.0004306016722885886,12.780003309249878,5,256,16,6.450257778167725
transformer.h.1.attn.c_attn,512,768,18.779408449814063,-0.00011513246409933231,12.675679206848145,5,256,16,7.047428607940674
transformer.h.1.attn.c_attn,768,1024,18.777249207250296,-0.0022743750278664265,13.214364767074585,5,256,16,6.730345249176025
transformer.h.1.attn.c_attn,1024,1280,18.781932443215464,0.0024088609373009717,13.879928827285767,5,256,16,7.22759485244751
transformer.h.1.attn.c_attn,1280,1536,18.780595627328132,0.0010720450499697165,13.226961851119995,5,256,16,6.738316535949707
transformer.h.1.attn.c_attn,1536,1792,18.77981000932613,0.0002864270479676634,12.795181035995483,5,256,16,7.738783359527588
transformer.h.1.attn.c_attn,1792,2048,18.780289742841124,0.0007661605629607493,12.68504786491394,5,256,16,5.994113922119141
transformer.h.1.attn.c_attn,2048,2304,18.779200573541647,-0.0003230087365153622,13.954925298690796,5,256,16,7.86641263961792
transformer.h.1.attn.c_attn,2304,2560,18.779277455513334,-0.0002461267648286025,12.580923318862915,5,256,16,7.7350239753723145
transformer.h.1.attn.c_attn,2560,2816,18.780790981508304,0.0012673992301408532,12.27466893196106,5,256,16,8.009385108947754
transformer.h.1.attn.c_attn,2816,3072,18.77987896226923,0.00035537999106693974,13.144596576690674,5,256,16,7.760453701019287
transformer.h.1.attn.c_attn,3072,3328,18.77966903396694,0.00014545168877688752,12.746115684509277,5,256,16,5.415964603424072
transformer.h.1.attn.c_attn,3328,3584,18.778278909849913,-0.0012446724282497712,12.107420921325684,5,256,16,2.7387759685516357
transformer.h.1.attn.c_attn,3584,3840,18.78165429988592,0.002130717607755628,12.582840919494629,5,256,16,3.277369976043701
transformer.h.1.attn.c_attn,3840,4096,18.77773846883612,-0.0017851134420432402,12.864018201828003,5,256,16,3.1762688159942627
transformer.h.1.attn.c_attn,4096,4352,18.781217390323345,0.0016938080451822657,12.465967893600464,5,256,16,3.3154633045196533
transformer.h.1.attn.c_attn,4352,4608,18.780074820711132,0.0005512384329691145,12.896927833557129,5,256,16,2.9880478382110596
transformer.h.1.attn.c_attn,4608,4800,18.780098359681617,0.0005747774034539077,10.883000373840332,5,256,16,2.717202663421631
transformer.h.1.attn.c_proj,0,256,18.779508359167412,-1.5223110750639535e-05,10.89652943611145,5,256,16,4.789150238037109
transformer.h.1.attn.c_proj,256,512,18.777129611912713,-0.00239397036544986,10.980309247970581,5,256,16,4.190427303314209
transformer.h.1.attn.c_proj,512,768,18.780779979188758,0.0012563969105947592,11.338427305221558,5,256,16,4.106598377227783
transformer.h.1.attn.c_proj,768,1024,18.781585596303206,0.002062014025042913,12.408034324645996,5,256,16,4.116183757781982
transformer.h.1.attn.c_proj,1024,1280,18.777748957720803,-0.0017746245573597719,12.721811294555664,5,256,16,4.115405559539795
transformer.h.1.attn.c_proj,1280,1536,18.78185798125799,0.0023343989798263465,13.762343645095825,5,256,16,5.296574115753174
transformer.h.1.attn.c_proj,1536,1600,18.7796971777835,0.00017359550533768697,12.301153182983398,5,256,16,2.163151979446411
transformer.h.1.mlp.c_fc,0,256,18.780396948965862,0.0008733666876992174,12.571397304534912,5,256,16,5.909400939941406
transformer.h.1.mlp.c_fc,256,512,18.778662920230822,-0.00086066204734081,13.553474187850952,5,256,16,5.8844099044799805
transformer.h.1.mlp.c_fc,512,768,18.780467311313547,0.0009437290353844219,12.96285104751587,5,256,16,5.834306240081787
transformer.h.1.mlp.c_fc,768,1024,18.776963714614702,-0.0025598676634608353,12.623068571090698,5,256,16,5.8171210289001465
transformer.h.1.mlp.c_fc,1024,1280,18.77836256767159,-0.0011610146065734739,12.609245538711548,5,256,16,5.867761611938477
transformer.h.1.mlp.c_fc,1280,1536,18.776433287985224,-0.0030902942929387223,13.257744312286377,5,256,16,5.876005172729492
transformer.h.1.mlp.c_fc,1536,1792,18.77864795365652,-0.0008756286216424769,12.594658136367798,5,256,16,5.83549165725708
transformer.h.1.mlp.c_fc,1792,2048,18.781539794054357,0.0020162117761941545,12.209917068481445,5,256,16,5.9023661613464355
transformer.h.1.mlp.c_fc,2048,2304,18.779079302785185,-0.00044427949297798364,13.066846370697021,5,256,16,5.862881660461426
transformer.h.1.mlp.c_fc,2304,2560,18.779407938115796,-0.00011564416236709008,13.005058765411377,5,256,16,5.91681432723999
transformer.h.1.mlp.c_fc,2560,2816,18.77991247937569,0.00038889709752609747,13.505696535110474,5,256,16,5.826845645904541
transformer.h.1.mlp.c_fc,2816,3072,18.77742303755369,-0.002100544724473963,12.568377494812012,5,256,16,5.831962585449219
transformer.h.1.mlp.c_fc,3072,3328,18.778521697645495,-0.0010018846326680375,13.377259969711304,5,256,16,5.821667671203613
transformer.h.1.mlp.c_fc,3328,3584,18.779884207308662,0.00036062503049905104,12.678348779678345,5,256,16,5.883628845214844
transformer.h.1.mlp.c_fc,3584,3840,18.781353899481495,0.0018303172033320436,12.372275590896606,5,256,16,5.861703872680664
transformer.h.1.mlp.c_fc,3840,4096,18.774880977651357,-0.004642604626805991,13.019752502441406,5,256,16,5.807679653167725
transformer.h.1.mlp.c_fc,4096,4352,18.780478697245503,0.0009551149673399095,13.61620044708252,5,256,16,5.862265110015869
transformer.h.1.mlp.c_fc,4352,4608,18.777595846168527,-0.0019277361096357026,12.03828763961792,5,256,16,5.828907012939453
transformer.h.1.mlp.c_fc,4608,4864,18.779533560458287,9.978180123937364e-06,12.848255634307861,5,256,16,5.895977973937988
transformer.h.1.mlp.c_fc,4864,5120,18.778241813993205,-0.0012817682849579626,11.009549617767334,5,256,16,5.863693714141846
transformer.h.1.mlp.c_fc,5120,5376,18.779221680873576,-0.0003019014045868573,11.057950258255005,5,256,16,5.870604991912842
transformer.h.1.mlp.c_fc,5376,5632,18.778626463211722,-0.0008971190664404105,10.993656158447266,5,256,16,5.854180812835693
transformer.h.1.mlp.c_fc,5632,5888,18.780592301079405,0.0010687188012425963,11.860946655273438,5,256,16,5.8240580558776855
transformer.h.1.mlp.c_fc,5888,6144,18.780052433130706,0.0005288508525431723,13.622046709060669,5,256,16,5.868323802947998
transformer.h.1.mlp.c_fc,6144,6400,18.7764614269526,-0.003062155325562088,12.96869945526123,5,256,16,5.868397235870361
transformer.h.1.mlp.c_proj,0,256,18.777297813059736,-0.0022257692184268763,12.659344911575317,5,256,16,10.176000595092773
transformer.h.1.mlp.c_proj,256,512,18.77212021087201,-0.007403371406152104,12.860022068023682,5,256,16,9.886838912963867
transformer.h.1.mlp.c_proj,512,768,18.779159766100516,-0.0003638161776464699,13.102882862091064,5,256,16,9.843873023986816
transformer.h.1.mlp.c_proj,768,1024,18.773536223273243,-0.005987359004919313,13.146089792251587,5,256,16,9.781792640686035
transformer.h.1.mlp.c_proj,1024,1280,18.775882412240723,-0.0036411700374401335,12.564866781234741,5,256,16,9.802057266235352
transformer.h.1.mlp.c_proj,1280,1536,18.78083076902001,0.001307186741847488,13.311673879623413,5,256,16,11.041049003601074
transformer.h.1.mlp.c_proj,1536,1600,18.777451561738037,-0.0020720205401261182,13.026778936386108,5,256,16,5.053276538848877
transformer.h.2.attn.c_attn,0,256,18.777932769980215,-0.0015908122979482187,12.784547567367554,5,256,16,5.709425926208496
transformer.h.2.attn.c_attn,256,512,18.77997068670653,0.0004471044283675951,13.504624605178833,5,256,16,6.145957946777344
transformer.h.2.attn.c_attn,512,768,18.778070150672608,-0.001453431605554556,13.685181140899658,5,256,16,7.525172710418701
transformer.h.2.attn.c_attn,768,1024,18.779472668056986,-5.0914221176867613e-05,12.637810707092285,5,256,16,6.32390832901001
transformer.h.2.attn.c_attn,1024,1280,18.779868472194774,0.0003448899166116348,12.349201440811157,5,256,16,6.883181571960449
transformer.h.2.attn.c_attn,1280,1536,18.77841808392411,-0.0011054983540539354,13.048731565475464,5,256,16,6.483031272888184
transformer.h.2.attn.c_attn,1536,1792,18.780193027578257,0.0006694453000939404,13.677803039550781,5,256,16,7.147764682769775
transformer.h.2.attn.c_attn,1792,2048,18.779115888606018,-0.00040769367214466,12.361437797546387,5,256,16,6.915217876434326
transformer.h.2.attn.c_attn,2048,2304,18.779994481403616,0.0004708991254531725,12.420114278793335,5,256,16,8.627372741699219
transformer.h.2.attn.c_attn,2304,2560,18.779606094311625,8.251203346176794e-05,13.384577751159668,5,256,16,8.445596694946289
transformer.h.2.attn.c_attn,2560,2816,18.779229867966283,-0.00029371431187996677,12.112757444381714,5,256,16,7.469988822937012
transformer.h.2.attn.c_attn,2816,3072,18.779224239339662,-0.00029934293850075733,12.51929235458374,5,256,16,8.19894027709961
transformer.h.2.attn.c_attn,3072,3328,18.78094194421818,0.001418361940018542,12.897006273269653,5,256,16,5.636724948883057
transformer.h.2.attn.c_attn,3328,3584,18.77831152868101,-0.0012120535971540392,10.99360466003418,5,256,16,3.2706050872802734
transformer.h.2.attn.c_attn,3584,3840,18.778026787384615,-0.0014967948935478148,10.98464298248291,5,256,16,3.115797996520996
transformer.h.2.attn.c_attn,3840,4096,18.778932704371996,-0.0005908779061662983,11.041709661483765,5,256,16,3.565200090408325
transformer.h.2.attn.c_attn,4096,4352,18.779695386812097,0.00017180453393450534,11.335309028625488,5,256,16,2.984569549560547
transformer.h.2.attn.c_attn,4352,4608,18.77785039321279,-0.0016731890653716164,12.712510824203491,5,256,16,3.209179401397705
transformer.h.2.attn.c_attn,4608,4800,18.778256012743498,-0.001267569534665114,12.904046773910522,5,256,16,2.7553484439849854
transformer.h.2.attn.c_proj,0,256,18.778239255660964,-0.0012843266171991274,13.412973403930664,5,256,16,4.696379661560059
transformer.h.2.attn.c_proj,256,512,18.780436351848092,0.0009127695699291394,13.435885667800903,5,256,16,4.306612491607666
transformer.h.2.attn.c_proj,512,768,18.77980438052562,0.0002807982474557491,13.52233600616455,5,256,16,4.2484002113342285
transformer.h.2.attn.c_proj,768,1024,18.778748370644195,-0.0007752116339680981,12.866150140762329,5,256,16,4.255528450012207
transformer.h.2.attn.c_proj,1024,1280,18.780237035519715,0.0007134532415520312,13.202497959136963,5,256,16,4.25733757019043
transformer.h.2.attn.c_proj,1280,1536,18.78095422598355,0.0014306437053868137,13.728823184967041,5,256,16,5.205845832824707
transformer.h.2.attn.c_proj,1536,1600,18.780202878184095,0.0006792959059325199,12.114783525466919,5,256,16,2.1807808876037598
transformer.h.2.mlp.c_fc,0,256,18.77996851192389,0.0004449296457273988,12.74228811264038,5,256,16,5.942433834075928
transformer.h.2.mlp.c_fc,256,512,18.781941910908184,0.002418328630021449,12.980247020721436,5,256,16,5.921994686126709
transformer.h.2.mlp.c_fc,512,768,18.779173709698956,-0.0003498725792070445,13.008876085281372,5,256,16,5.969659328460693
transformer.h.2.mlp.c_fc,768,1024,18.780082496459137,0.0005589141809743126,12.122177600860596,5,256,16,6.0105485916137695
transformer.h.2.mlp.c_fc,1024,1280,18.777534576314824,-0.001989005963338286,13.33783483505249,5,256,16,6.027865886688232
transformer.h.2.mlp.c_fc,1280,1536,18.780731236432,0.0012076541538377228,13.186174392700195,5,256,16,5.957355976104736
transformer.h.2.mlp.c_fc,1536,1792,18.77704007579495,-0.0024835064832124942,12.593849182128906,5,256,16,6.0304951667785645
transformer.h.2.mlp.c_fc,1792,2048,18.781611184200358,0.002087601922195148,12.705234050750732,5,256,16,5.920531272888184
transformer.h.2.mlp.c_fc,2048,2304,18.776540344190607,-0.0029832380875554065,13.171142339706421,5,256,16,5.958106517791748
transformer.h.2.mlp.c_fc,2304,2560,18.778551374767314,-0.0009722075108484773,13.25373363494873,5,256,16,6.024179458618164
transformer.h.2.mlp.c_fc,2560,2816,18.777694083010903,-0.0018294992672593935,12.136967182159424,5,256,16,5.984312057495117
transformer.h.2.mlp.c_fc,2816,3072,18.779508487092663,-1.509518549980271e-05,12.947732210159302,5,256,16,5.9676032066345215
transformer.h.2.mlp.c_fc,3072,3328,18.7800139265548,0.0004903442766384103,13.612631559371948,5,256,16,5.979668617248535
transformer.h.2.mlp.c_fc,3328,3584,18.782323053474475,0.0027994711963117425,11.963474750518799,5,256,16,5.967184066772461
transformer.h.2.mlp.c_fc,3584,3840,18.783596399524782,0.0040728172466195645,10.918107986450195,5,256,16,5.968844890594482
transformer.h.2.mlp.c_fc,3840,4096,18.774477349387624,-0.00504623289053896,10.896748065948486,5,256,16,5.907688140869141
transformer.h.2.mlp.c_fc,4096,4352,18.77861354337281,-0.0009100389053529057,11.081873655319214,5,256,16,5.991161346435547
transformer.h.2.mlp.c_fc,4352,4608,18.7791931540003,-0.0003304282778628931,11.711918830871582,5,256,16,5.99368143081665
transformer.h.2.mlp.c_fc,4608,4864,18.77942328906981,-0.00010029320835158728,13.096529483795166,5,256,16,5.94310998916626
transformer.h.2.mlp.c_fc,4864,5120,18.77697228444693,-0.002551297831232091,13.215506792068481,5,256,16,6.017823219299316
transformer.h.2.mlp.c_fc,5120,5376,18.776850516451553,-0.002673065826609644,13.347916603088379,5,256,16,6.012439727783203
transformer.h.2.mlp.c_fc,5376,5632,18.779602768238153,7.918595999001354e-05,12.777097463607788,5,256,16,6.0331244468688965
transformer.h.2.mlp.c_fc,5632,5888,18.78210951544781,0.002585933169648058,13.7895987033844,5,256,16,5.950854778289795
transformer.h.2.mlp.c_fc,5888,6144,18.78037609617528,0.0008525138971187118,13.874570846557617,5,256,16,5.942141532897949
transformer.h.2.mlp.c_fc,6144,6400,18.776921888773234,-0.0026016935049284484,12.12833857536316,5,256,16,5.965262413024902
transformer.h.2.mlp.c_proj,0,256,18.783863695444396,0.00434011316623284,12.180999279022217,5,256,16,10.483399391174316
transformer.h.2.mlp.c_proj,256,512,18.78472587546106,0.005202293182897222,12.70188021659851,5,256,16,10.290102005004883
transformer.h.2.mlp.c_proj,512,768,18.778540117922486,-0.0009834643556771994,13.080218076705933,5,256,16,10.236058235168457
transformer.h.2.mlp.c_proj,768,1024,18.772815351811776,-0.006708230466387022,12.450209617614746,5,256,16,10.254508972167969
transformer.h.2.mlp.c_proj,1024,1280,18.779755256520094,0.0002316742419310458,13.424692153930664,5,256,16,10.279844284057617
transformer.h.2.mlp.c_proj,1280,1536,18.78288908812699,0.0033655058488264444,13.330821990966797,5,256,16,10.733519554138184
transformer.h.2.mlp.c_proj,1536,1600,18.782515226979633,0.0029916447014706193,12.234681129455566,5,256,16,5.163171768188477
transformer.h.3.attn.c_attn,0,256,18.77764905772769,-0.001874524550473211,12.757232427597046,5,256,16,6.713096618652344
transformer.h.3.attn.c_attn,256,512,18.778551374767314,-0.0009722075108484773,13.291646957397461,5,256,16,7.678603649139404
transformer.h.3.attn.c_attn,512,768,18.77943480229355,-8.87799846118753e-05,12.873957395553589,5,256,16,6.563973903656006
transformer.h.3.attn.c_attn,768,1024,18.779238950526434,-0.000284631751728881,11.779404640197754,5,256,16,6.843294143676758
transformer.h.3.attn.c_attn,1024,1280,18.77907648849423,-0.0004470937839329281,13.157542943954468,5,256,16,6.6519269943237305
transformer.h.3.attn.c_attn,1280,1536,18.779027622236665,-0.0004959600414977672,12.879077672958374,5,256,16,5.77714204788208
transformer.h.3.attn.c_attn,1536,1792,18.779256859812843,-0.00026672246531944666,12.395095586776733,5,256,16,7.966102600097656
transformer.h.3.attn.c_attn,1792,2048,18.778162889603973,-0.0013606926741900338,12.846830129623413,5,256,16,9.136466026306152
transformer.h.3.attn.c_attn,2048,2304,18.779528059666024,4.477387861356874e-06,11.034308671951294,5,256,16,8.2989501953125
transformer.h.3.attn.c_attn,2304,2560,18.778238871911157,-0.00128471036700617,10.967748641967773,5,256,16,7.740523338317871
transformer.h.3.attn.c_attn,2560,2816,18.781435779864967,0.0019121975868046093,10.918408870697021,5,256,16,8.701815605163574
transformer.h.3.attn.c_attn,2816,3072,18.782111050763486,0.002587468485323541,11.686970949172974,5,256,16,4.756216526031494
transformer.h.3.attn.c_attn,3072,3328,18.77854485091323,-0.0009787313649312068,12.983500242233276,5,256,16,7.015655994415283
transformer.h.3.attn.c_attn,3328,3584,18.77664995912174,-0.0028736231564217007,12.405497789382935,5,256,16,3.5439224243164062
transformer.h.3.attn.c_attn,3584,3840,18.77938350453987,-0.00014007773829405323,13.055153369903564,5,256,16,3.6184566020965576
transformer.h.3.attn.c_attn,3840,4096,18.778546641774913,-0.0009769405032500345,13.219596862792969,5,256,16,3.375516653060913
transformer.h.3.attn.c_attn,4096,4352,18.779758070912774,0.00023448863461084102,13.206863641738892,5,256,16,3.2859320640563965
transformer.h.3.attn.c_attn,4352,4608,18.77933796350939,-0.0001856187687714339,13.39634394645691,5,256,16,3.2036192417144775
transformer.h.3.attn.c_attn,4608,4800,18.775330657380618,-0.0041929248975449696,13.27197551727295,5,256,16,2.888298749923706
transformer.h.3.attn.c_proj,0,256,18.78280617782587,0.0032825955477058244,13.708975553512573,5,256,16,4.485792636871338
transformer.h.3.attn.c_proj,256,512,18.77721006687414,-0.0023135154040225814,13.468657493591309,5,256,16,4.387939929962158
transformer.h.3.attn.c_proj,512,768,18.779218610714732,-0.00030497156343045617,12.874257564544678,5,256,16,4.338870525360107
transformer.h.3.attn.c_proj,768,1024,18.778370114802264,-0.0011534674758983954,12.975324869155884,5,256,16,4.339874744415283
transformer.h.3.attn.c_proj,1024,1280,18.776779783934458,-0.00274379834370464,13.54236650466919,5,256,16,4.336269378662109
transformer.h.3.attn.c_proj,1280,1536,18.77787047571439,-0.0016531065637721554,12.218007326126099,5,256,16,4.82468843460083
transformer.h.3.attn.c_proj,1536,1600,18.779845701077686,0.00032211879952370737,11.967475891113281,5,256,16,2.2166454792022705
transformer.h.3.mlp.c_fc,0,256,18.779170127856165,-0.0003534544219974123,12.721624612808228,5,256,16,6.023345470428467
transformer.h.3.mlp.c_fc,256,512,18.77983879299144,0.0003152107132784465,12.338234663009644,5,256,16,6.008850574493408
transformer.h.3.mlp.c_fc,512,768,18.781610800381642,0.002087218103479671,12.965059041976929,5,256,16,6.057383060455322
transformer.h.3.mlp.c_fc,768,1024,18.781396502823977,0.0018729205458143383,13.352986812591553,5,256,16,6.000280857086182
transformer.h.3.mlp.c_fc,1024,1280,18.77983751371649,0.00031393143832758597,13.733059406280518,5,256,16,6.030991554260254
transformer.h.3.mlp.c_fc,1280,1536,18.775933700430812,-0.00358988184735054,12.27983832359314,5,256,16,6.027551174163818
transformer.h.3.mlp.c_fc,1536,1792,18.780066121533853,0.0005425392556901443,12.47524356842041,5,256,16,6.062155246734619
transformer.h.3.mlp.c_fc,1792,2048,18.778517348416067,-0.0010062338620961953,13.265665292739868,5,256,16,6.062200546264648
transformer.h.3.mlp.c_fc,2048,2304,18.779332974470623,-0.0001906078075393225,12.702497243881226,5,256,16,5.99494743347168
transformer.h.3.mlp.c_fc,2304,2560,18.78530030023023,0.00577671795206669,10.932587623596191,5,256,16,5.992919921875
transformer.h.3.mlp.c_fc,2560,2816,18.783081395373184,0.003557813095021345,11.00874924659729,5,256,16,6.038569927215576
transformer.h.3.mlp.c_fc,2816,3072,18.77602438238656,-0.0034991998916034106,10.918241262435913,5,256,16,6.057587146759033
transformer.h.3.mlp.c_fc,3072,3328,18.78097341625801,0.001449833979847881,12.556656837463379,5,256,16,6.07603645324707
transformer.h.3.mlp.c_fc,3328,3584,18.782691281130877,0.0031676988527138406,13.073330402374268,5,256,16,6.006216526031494
transformer.h.3.mlp.c_fc,3584,3840,18.780281427355835,0.0007578450776719592,13.51666259765625,5,256,16,6.014097690582275
transformer.h.3.mlp.c_fc,3840,4096,18.77999870304657,0.00047512076840661166,13.217504739761353,5,256,16,6.032994270324707
transformer.h.3.mlp.c_fc,4096,4352,18.7795909990598,6.741678163635356e-05,12.37313961982727,5,256,16,6.0213541984558105
transformer.h.3.mlp.c_fc,4352,4608,18.780948340969974,0.0014247586918116895,12.051203489303589,5,256,16,5.948826313018799
transformer.h.3.mlp.c_fc,4608,4864,18.781461111680905,0.0019375294027419443,13.308567523956299,5,256,16,6.005548477172852
transformer.h.3.mlp.c_fc,4864,5120,18.779807834562092,0.0002842522839294759,13.318655729293823,5,256,16,5.988735675811768
transformer.h.3.mlp.c_fc,5120,5376,18.7814561220781,0.0019325397999381266,12.640681266784668,5,256,16,5.97451639175415
transformer.h.3.mlp.c_fc,5376,5632,18.77518319296061,-0.004340389317551541,12.764986991882324,5,256,16,5.980690956115723
transformer.h.3.mlp.c_fc,5632,5888,18.77880056210591,-0.0007230201722521201,13.645328760147095,5,256,16,6.04517126083374
transformer.h.3.mlp.c_fc,5888,6144,18.77403370082851,-0.00548988144965179,11.947986364364624,5,256,16,5.979842185974121
transformer.h.3.mlp.c_fc,6144,6400,18.781026125646104,0.0015025433679412004,13.40663766860962,5,256,16,5.968469619750977
transformer.h.3.mlp.c_proj,0,256,18.780096568671965,0.0005729863938022106,13.242019176483154,5,256,16,10.774008750915527
transformer.h.3.mlp.c_proj,256,512,18.77960148897927,7.790670110807696e-05,12.538469076156616,5,256,16,10.64461612701416
transformer.h.3.mlp.c_proj,512,768,18.775030613908257,-0.004492968369905981,13.04079532623291,5,256,16,10.634139060974121
transformer.h.3.mlp.c_proj,768,1024,18.78221430103051,0.0026907187523477205,13.542184591293335,5,256,16,10.609772682189941
transformer.h.3.mlp.c_proj,1024,1280,18.778332251261958,-0.001191331016205055,13.20360016822815,5,256,16,10.634156227111816
transformer.h.3.mlp.c_proj,1280,1536,18.784448586475612,0.004925004197449567,13.422274351119995,5,256,16,10.90251350402832
transformer.h.3.mlp.c_proj,1536,1600,18.779278478902764,-0.00024510337539851434,12.472025632858276,5,256,16,5.372293949127197
transformer.h.4.attn.c_attn,0,256,18.776331348533827,-0.0031922337443361926,12.877453327178955,5,256,16,5.461191177368164
transformer.h.4.attn.c_attn,256,512,18.779633342551143,0.0001097602729807079,13.04330325126648,5,256,16,6.959168910980225
transformer.h.4.attn.c_attn,512,768,18.778719972409785,-0.000803609868377464,12.171563625335693,5,256,16,6.3785271644592285
transformer.h.4.attn.c_attn,768,1024,18.778609705798612,-0.0009138764795508791,10.877175092697144,5,256,16,7.0140485763549805
transformer.h.4.attn.c_attn,1024,1280,18.77693710978733,-0.0025864724908331027,11.065280199050903,5,256,16,6.685250282287598
transformer.h.4.attn.c_attn,1280,1536,18.77882307611457,-0.0007005061635929621,10.877447605133057,5,256,16,6.978080749511719
transformer.h.4.attn.c_attn,1536,1792,18.78142567273582,0.0019020904576585451,11.355384111404419,5,256,16,6.034134864807129
transformer.h.4.attn.c_attn,1792,2048,18.77946716728255,-5.641499561193086e-05,13.595890522003174,5,256,16,8.147315979003906
transformer.h.4.attn.c_attn,2048,2304,18.77979248329374,0.0002689010155769722,12.84043836593628,5,256,16,8.700392723083496
transformer.h.4.attn.c_attn,2304,2560,18.777072180839504,-0.002451401438658962,12.3287935256958,5,256,16,7.5659685134887695
transformer.h.4.attn.c_attn,2560,2816,18.776941714466293,-0.0025818678118696425,12.453899621963501,5,256,16,8.62178897857666
transformer.h.4.attn.c_attn,2816,3072,18.78043763116383,0.0009140488856687057,13.428350448608398,5,256,16,8.81710433959961
transformer.h.4.attn.c_attn,3072,3328,18.783940340596004,0.004416758317841385,12.702987432479858,5,256,16,6.525489807128906
transformer.h.4.attn.c_attn,3328,3584,18.775538490815016,-0.003985091463146517,12.52332615852356,5,256,16,3.3775734901428223
transformer.h.4.attn.c_attn,3584,3840,18.77933092768588,-0.0001926545922827927,13.1688814163208,5,256,16,3.5191845893859863
transformer.h.4.attn.c_attn,3840,4096,18.779353314406205,-0.00017026787195817406,13.505799293518066,5,256,16,3.321521520614624
transformer.h.4.attn.c_attn,4096,4352,18.77850123069226,-0.00102235158590247,12.503106355667114,5,256,16,3.5451056957244873
transformer.h.4.attn.c_attn,4352,4608,18.776417555762762,-0.003106026515400373,12.679346084594727,5,256,16,3.7227346897125244
transformer.h.4.attn.c_attn,4608,4800,18.779909281175925,0.00038569889776240984,12.29333782196045,5,256,16,2.8658037185668945
transformer.h.4.attn.c_proj,0,256,18.77891428370991,-0.0006092985682535357,13.298976421356201,5,256,16,4.6133856773376465
transformer.h.4.attn.c_proj,256,512,18.7832592461424,0.003735663864237182,13.323684453964233,5,256,16,4.565366268157959
transformer.h.4.attn.c_proj,512,768,18.779291527122922,-0.00023205515524082898,13.21137285232544,5,256,16,4.5218505859375
transformer.h.4.attn.c_proj,768,1024,18.776715063275233,-0.002808519002929444,13.356343984603882,5,256,16,4.5416259765625
transformer.h.4.attn.c_proj,1024,1280,18.78126766958857,0.001744087310406428,12.727309942245483,5,256,16,4.558894634246826
transformer.h.4.attn.c_proj,1280,1536,18.77758088044468,-0.0019427018334816637,12.584401369094849,5,256,16,4.707030773162842
transformer.h.4.attn.c_proj,1536,1600,18.780536266670037,0.0010126843918740747,13.679016590118408,5,256,16,2.2731735706329346
transformer.h.4.mlp.c_fc,0,256,18.78192425494452,0.002400672666357906,14.192368507385254,5,256,16,5.998167514801025
transformer.h.4.mlp.c_fc,256,512,18.78154222489716,0.0020186426189958695,12.122259378433228,5,256,16,6.002051830291748
transformer.h.4.mlp.c_fc,512,768,18.77969142109032,0.00016783881215687302,12.835487127304077,5,256,16,6.058408260345459
transformer.h.4.mlp.c_fc,768,1024,18.778223777758328,-0.001299804519835135,12.082771062850952,5,256,16,5.982626914978027
transformer.h.4.mlp.c_fc,1024,1280,18.775583127341957,-0.003940454936206095,10.981972694396973,5,256,16,5.966269493103027
transformer.h.4.mlp.c_fc,1280,1536,18.775599882054248,-0.00392370022391475,10.91519546508789,5,256,16,5.9264655113220215
transformer.h.4.mlp.c_fc,1536,1792,18.78038748205194,0.0008638997737762111,10.947248935699463,5,256,16,6.080037593841553
transformer.h.4.mlp.c_fc,1792,2048,18.779359198919977,-0.00016438335818591554,13.16143536567688,5,256,16,5.990653038024902
transformer.h.4.mlp.c_fc,2048,2304,18.776735016656264,-0.0027885656218984423,12.979641199111938,5,256,16,6.045406341552734
transformer.h.4.mlp.c_fc,2304,2560,18.778340054215036,-0.0011835280631267153,12.745084524154663,5,256,16,5.979174613952637
transformer.h.4.mlp.c_fc,2560,2816,18.778237208995424,-0.0012863732827383956,13.063537836074829,5,256,16,6.0574846267700195
transformer.h.4.mlp.c_fc,2816,3072,18.779034402102496,-0.0004891801756663483,12.799866914749146,5,256,16,6.023759365081787
transformer.h.4.mlp.c_fc,3072,3328,18.785782221483327,0.006258639205164229,12.236835241317749,5,256,16,6.067349433898926
transformer.h.4.mlp.c_fc,3328,3584,18.78126076097927,0.0017371787011057904,12.950975179672241,5,256,16,6.062615871429443
transformer.h.4.mlp.c_fc,3584,3840,18.779079302785185,-0.00044427949297798364,13.398154735565186,5,256,16,5.978621959686279
transformer.h.4.mlp.c_fc,3840,4096,18.77631510478278,-0.003208477495384443,12.804427146911621,5,256,16,6.02153205871582
transformer.h.4.mlp.c_fc,4096,4352,18.781777250500166,0.0022536682220035686,12.621100187301636,5,256,16,6.017870903015137
transformer.h.4.mlp.c_fc,4352,4608,18.777405002105226,-0.002118580172936646,13.341388940811157,5,256,16,5.99751091003418
transformer.h.4.mlp.c_fc,4608,4864,18.777216590264498,-0.0023069920136649102,12.604028463363647,5,256,16,5.995972633361816
transformer.h.4.mlp.c_fc,4864,5120,18.77874171880165,-0.0007818634765115462,12.79591989517212,5,256,16,6.081838607788086
transformer.h.4.mlp.c_fc,5120,5376,18.783925625726273,0.004402043448109794,12.482240915298462,5,256,16,5.990990161895752
transformer.h.4.mlp.c_fc,5376,5632,18.77666863337451,-0.0028549489036535647,13.095881462097168,5,256,16,6.061066627502441
transformer.h.4.mlp.c_fc,5632,5888,18.77672555158826,-0.0027980306899024754,13.408928394317627,5,256,16,6.0369157791137695
transformer.h.4.mlp.c_fc,5888,6144,18.775260442174083,-0.004263140104079355,12.466922998428345,5,256,16,6.038504600524902
transformer.h.4.mlp.c_fc,6144,6400,18.77982037144056,0.00029678916239817,12.787745714187622,5,256,16,6.020904064178467
transformer.h.4.mlp.c_proj,0,256,18.779982456122827,0.00045887384466425374,13.875324487686157,5,256,16,10.837159156799316
transformer.h.4.mlp.c_proj,256,512,18.77580055606795,-0.003723026210213476,12.850499153137207,5,256,16,10.754990577697754
transformer.h.4.mlp.c_proj,512,768,18.78536172338809,0.005838141109926198,13.57227373123169,5,256,16,10.708413124084473
transformer.h.4.mlp.c_proj,768,1024,18.77886567371616,-0.0006579085620010972,14.033921718597412,5,256,16,10.685206413269043
transformer.h.4.mlp.c_proj,1024,1280,18.7770654016821,-0.00245818059606151,11.558767795562744,5,256,16,10.745073318481445
transformer.h.4.mlp.c_proj,1280,1536,18.774663559574318,-0.004860022703844891,10.823470830917358,5,256,16,10.902756690979004
transformer.h.4.mlp.c_proj,1536,1600,18.783030727404704,0.0035071451265409337,10.905656337738037,5,256,16,5.392929553985596
transformer.h.5.attn.c_attn,0,256,18.77860471695332,-0.0009188653248415335,10.99711275100708,5,256,16,7.0439653396606445
transformer.h.5.attn.c_attn,256,512,18.77719625264321,-0.002327329634951525,12.556950807571411,5,256,16,7.058356761932373
transformer.h.5.attn.c_attn,512,768,18.77424446136201,-0.005279120916153346,12.825819969177246,5,256,16,6.246536731719971
transformer.h.5.attn.c_attn,768,1024,18.77844635378397,-0.0010772284941928945,12.925123453140259,5,256,16,6.6117939949035645
transformer.h.5.attn.c_attn,1024,1280,18.778920807692327,-0.00060277458583613,13.429805040359497,5,256,16,6.98761510848999
transformer.h.5.attn.c_attn,1280,1536,18.77928781733392,-0.00023576494424304428,12.214070320129395,5,256,16,7.314574241638184
transformer.h.5.attn.c_attn,1536,1792,18.78111836743122,0.0015947851530562218,12.503482580184937,5,256,16,8.1161470413208
transformer.h.5.attn.c_attn,1792,2048,18.777902838007396,-0.0016207442707667497,12.992485523223877,5,256,16,7.955827713012695
transformer.h.5.attn.c_attn,2048,2304,18.780123689693696,0.0006001074155328467,13.586312532424927,5,256,16,8.21142578125
transformer.h.5.attn.c_attn,2304,2560,18.781151119131035,0.0016275368528724243,11.910470724105835,5,256,16,6.9284586906433105
transformer.h.5.attn.c_attn,2560,2816,18.77911473730288,-0.00040884497528281827,13.27266263961792,5,256,16,8.325128555297852
transformer.h.5.attn.c_attn,2816,3072,18.779689885972434,0.00016630369427161895,13.157575130462646,5,256,16,8.42043685913086
transformer.h.5.attn.c_attn,3072,3328,18.778923366117432,-0.0006002161607305823,13.162640810012817,5,256,16,6.630253314971924
transformer.h.5.attn.c_attn,3328,3584,18.782858252617313,0.0033346703391501364,12.60821795463562,5,256,16,3.5305416584014893
transformer.h.5.attn.c_attn,3584,3840,18.777673489046943,-0.0018500932312193186,13.639324188232422,5,256,16,3.655062675476074
transformer.h.5.attn.c_attn,3840,4096,18.784113593059434,0.004590010781271303,13.18364953994751,5,256,16,3.362274408340454
transformer.h.5.attn.c_attn,4096,4352,18.773283525070354,-0.006240057207808292,12.153395414352417,5,256,16,3.624298095703125
transformer.h.5.attn.c_attn,4352,4608,18.775405093460076,-0.004118488818086519,13.174097537994385,5,256,16,3.512856960296631
transformer.h.5.attn.c_attn,4608,4800,18.774840563277117,-0.004683019001046063,13.708335638046265,5,256,16,3.287339925765991
transformer.h.5.attn.c_proj,0,256,18.776273919902156,-0.0032496623760067678,12.774681091308594,5,256,16,4.555816173553467
transformer.h.5.attn.c_proj,256,512,18.782395853991755,0.002872271713592056,12.056112289428711,5,256,16,4.573951244354248
transformer.h.5.attn.c_proj,512,768,18.779964546144434,0.0004409638662714599,13.266259670257568,5,256,16,4.533880233764648
transformer.h.5.attn.c_proj,768,1024,18.783013838112247,0.0034902558340839107,13.706777095794678,5,256,16,4.558709144592285
transformer.h.5.attn.c_proj,1024,1280,18.781137941682445,0.0016143594042823395,13.334307193756104,5,256,16,4.559600353240967
transformer.h.5.attn.c_proj,1280,1536,18.786408379273205,0.006884796995041853,11.061905145645142,5,256,16,4.654363632202148
transformer.h.5.attn.c_proj,1536,1600,18.780344497205466,0.0008209149273028515,11.000626802444458,5,256,16,2.2772364616394043
transformer.h.5.mlp.c_fc,0,256,18.776713912119273,-0.0028096701588893325,11.05265498161316,5,256,16,6.036844730377197
transformer.h.5.mlp.c_fc,256,512,18.77679270251173,-0.0027308797664318263,11.160662412643433,5,256,16,6.039329528808594
transformer.h.5.mlp.c_fc,512,768,18.776649703310188,-0.0028738789679749743,12.448681831359863,5,256,16,5.972595691680908
transformer.h.5.mlp.c_fc,768,1024,18.77939757622893,-0.0001260060492320747,14.065557956695557,5,256,16,6.0196027755737305
transformer.h.5.mlp.c_fc,1024,1280,18.778571585937463,-0.0009519963406994236,12.79150915145874,5,256,16,5.975438594818115
transformer.h.5.mlp.c_fc,1280,1536,18.783105705810623,0.0035821235324604572,12.28394341468811,5,256,16,6.056895732879639
transformer.h.5.mlp.c_fc,1536,1792,18.776045614050194,-0.003477968227969086,12.754972696304321,5,256,16,5.96594762802124
transformer.h.5.mlp.c_fc,1792,2048,18.778285177777757,-0.0012384045004054656,13.164477109909058,5,256,16,6.056567668914795
transformer.h.5.mlp.c_fc,2048,2304,18.77995303259592,0.00042945031775687426,13.207702875137329,5,256,16,5.9789228439331055
transformer.h.5.mlp.c_fc,2304,2560,18.778923366117432,-0.0006002161607305823,12.92894434928894,5,256,16,6.062704563140869
transformer.h.5.mlp.c_fc,2560,2816,18.78138063850497,0.0018570562268074298,12.800134420394897,5,256,16,6.026296615600586
transformer.h.5.mlp.c_fc,2816,3072,18.77933809143348,-0.00018549084468233445,12.734891891479492,5,256,16,6.020532608032227
transformer.h.5.mlp.c_fc,3072,3328,18.78369236459201,0.00416878231384743,13.335370302200317,5,256,16,6.057667255401611
transformer.h.5.mlp.c_fc,3328,3584,18.78220316993353,0.002679587655368465,12.636375427246094,5,256,16,5.995887756347656
transformer.h.5.mlp.c_fc,3584,3840,18.77981640569238,0.0002928234142167696,13.039715051651001,5,256,16,6.072418689727783
transformer.h.5.mlp.c_fc,3840,4096,18.77964396042044,0.00012037814227738863,12.831035614013672,5,256,16,5.993634223937988
transformer.h.5.mlp.c_fc,4096,4352,18.77896007955597,-0.0005635027221941868,11.843605041503906,5,256,16,5.982319355010986
transformer.h.5.mlp.c_fc,4352,4608,18.777453864140455,-0.0020697181377080653,12.880727291107178,5,256,16,6.000704288482666
transformer.h.5.mlp.c_fc,4608,4864,18.781204084891456,0.0016805026132935552,13.362830400466919,5,256,16,6.031089782714844
transformer.h.5.mlp.c_fc,4864,5120,18.780097208318246,0.0005736260400830417,12.094643115997314,5,256,16,5.990779399871826
transformer.h.5.mlp.c_fc,5120,5376,18.782416197244746,0.002892614966583551,12.798147678375244,5,256,16,6.046384334564209
transformer.h.5.mlp.c_fc,5376,5632,18.77477444247901,-0.004749139799152147,13.08124852180481,5,256,16,5.993154048919678
transformer.h.5.mlp.c_fc,5632,5888,18.7771780895032,-0.0023454927749639864,12.414143323898315,5,256,16,6.042109966278076
transformer.h.5.mlp.c_fc,5888,6144,18.77800568139571,-0.0015179008824510731,12.66767430305481,5,256,16,6.037591934204102
transformer.h.5.mlp.c_fc,6144,6400,18.785550472890442,0.006026890612279345,13.217604398727417,5,256,16,6.047304153442383
transformer.h.5.mlp.c_proj,0,256,18.77815252840409,-0.0013710538740738798,11.031641006469727,5,256,16,10.738186836242676
transformer.h.5.mlp.c_proj,256,512,18.772872002584883,-0.0066515796932797855,10.905211687088013,5,256,16,10.678384780883789
transformer.h.5.mlp.c_proj,512,768,18.774446527687346,-0.005077054590817198,10.913038492202759,5,256,16,10.648262977600098
transformer.h.5.mlp.c_proj,768,1024,18.780856100019932,0.0013325177417691236,11.467329263687134,5,256,16,10.603703498840332
transformer.h.5.mlp.c_proj,1024,1280,18.780467439245328,0.0009438569671651464,12.419063806533813,5,256,16,10.661900520324707
transformer.h.5.mlp.c_proj,1280,1536,18.779171151239755,-0.0003524310384079854,12.531752824783325,5,256,16,10.788393020629883
transformer.h.5.mlp.c_proj,1536,1600,18.782401611513947,0.002878029235784396,13.501152753829956,5,256,16,5.3541059494018555
transformer.h.6.attn.c_attn,0,256,18.776950156380657,-0.0025734258975056434,12.629059076309204,5,256,16,7.078713417053223
transformer.h.6.attn.c_attn,256,512,18.77850954538932,-0.0010140368888436058,12.91619348526001,5,256,16,7.445542335510254
transformer.h.6.attn.c_attn,512,768,18.77888435017256,-0.0006392321056019057,13.190084218978882,5,256,16,6.940821170806885
transformer.h.6.attn.c_attn,768,1024,18.781348270218245,0.0018246879400827254,14.073532819747925,5,256,16,6.133415699005127
transformer.h.6.attn.c_attn,1024,1280,18.77890149159409,-0.0006220906840717078,12.505945920944214,5,256,16,6.829161643981934
transformer.h.6.attn.c_attn,1280,1536,18.779034274180475,-0.0004893080976877684,13.856918573379517,5,256,16,7.276400089263916
transformer.h.6.attn.c_attn,1536,1792,18.781288907181242,0.001765324903079346,12.27280592918396,5,256,16,7.301229476928711
transformer.h.6.attn.c_attn,1792,2048,18.780213368445352,0.00068978616718951,12.794036626815796,5,256,16,8.574914932250977
transformer.h.6.attn.c_attn,2048,2304,18.77978519144567,0.0002616091675058385,12.848992586135864,5,256,16,8.528922080993652
transformer.h.6.attn.c_attn,2304,2560,18.778942682238167,-0.0005809000399956687,12.9096999168396,5,256,16,7.8573079109191895
transformer.h.6.attn.c_attn,2560,2816,18.778594483428673,-0.0009290988494896624,13.076067686080933,5,256,16,7.666723728179932
transformer.h.6.attn.c_attn,2816,3072,18.781169286114157,0.001645703835993828,12.716695547103882,5,256,16,8.455528259277344
transformer.h.6.attn.c_attn,3072,3328,18.78165724250308,0.002133660224917122,12.360904693603516,5,256,16,6.25651216506958
transformer.h.6.attn.c_attn,3328,3584,18.78343594702756,0.003912364749396602,13.487094640731812,5,256,16,3.692112684249878
transformer.h.6.attn.c_attn,3584,3840,18.77689592354237,-0.0026276587357934034,12.016899108886719,5,256,16,3.564648389816284
transformer.h.6.attn.c_attn,3840,4096,18.77752933193163,-0.001994250346534443,12.802448272705078,5,256,16,3.566859722137451
transformer.h.6.attn.c_attn,4096,4352,18.780462833701748,0.0009392514235848637,12.346508502960205,5,256,16,3.6179659366607666
transformer.h.6.attn.c_attn,4352,4608,18.77415775255508,-0.005365829723082527,13.744794607162476,5,256,16,3.805927038192749
transformer.h.6.attn.c_attn,4608,4800,18.782790824106574,0.0032672418284107607,11.798622131347656,5,256,16,3.0985796451568604
transformer.h.6.attn.c_proj,0,256,18.778410664691922,-0.0011129175862407692,11.435866355895996,5,256,16,4.55770206451416
transformer.h.6.attn.c_proj,256,512,18.77696576114145,-0.0025578211367118797,10.977793216705322,5,256,16,4.577866554260254
transformer.h.6.attn.c_proj,512,768,18.78618071801777,0.006657135739608577,10.996021509170532,5,256,16,4.549793243408203
transformer.h.6.attn.c_proj,768,1024,18.782830743802865,0.003307161524702451,10.969728708267212,5,256,16,4.557062149047852
transformer.h.6.attn.c_proj,1024,1280,18.777807158345926,-0.0017164239322369212,12.556932210922241,5,256,16,4.565305709838867
transformer.h.6.attn.c_proj,1280,1536,18.782057442732217,0.0025338604540543486,12.686111211776733,5,256,16,4.633211612701416
transformer.h.6.attn.c_proj,1536,1600,18.77731789497037,-0.002205687307792914,13.05625867843628,5,256,16,2.303182601928711
transformer.h.6.mlp.c_fc,0,256,18.78233687147715,0.0028132891989862685,13.794436931610107,5,256,16,5.998983383178711
transformer.h.6.mlp.c_fc,256,512,18.781180672471688,0.0016570901935253346,13.58355450630188,5,256,16,6.0111470222473145
transformer.h.6.mlp.c_fc,512,768,18.775360841047373,-0.004162741230789635,13.533027172088623,5,256,16,6.008862495422363
transformer.h.6.mlp.c_fc,768,1024,18.779739265660606,0.00021568338244293273,12.287109375,5,256,16,6.017765045166016
transformer.h.6.mlp.c_fc,1024,1280,18.781474801110814,0.0019512188326515911,12.522998571395874,5,256,16,5.9671454429626465
transformer.h.6.mlp.c_fc,1280,1536,18.783684175553805,0.0041605932756425545,12.648128509521484,5,256,16,5.994725704193115
transformer.h.6.mlp.c_fc,1536,1792,18.778050323788094,-0.0014732584900691847,12.76743483543396,5,256,16,6.006284713745117
transformer.h.6.mlp.c_fc,1792,2048,18.783681360572746,0.004157778294583636,12.33285140991211,5,256,16,5.951303482055664
transformer.h.6.mlp.c_fc,2048,2304,18.779435569842057,-8.80124361053447e-05,13.272273778915405,5,256,16,5.974114418029785
transformer.h.6.mlp.c_fc,2304,2560,18.776843737374172,-0.002679844903990869,12.125508069992065,5,256,16,6.035719394683838
transformer.h.6.mlp.c_fc,2560,2816,18.77928001398702,-0.00024356829114324796,12.477604150772095,5,256,16,5.995560169219971
transformer.h.6.mlp.c_fc,2816,3072,18.777089704333196,-0.0024338779449664116,13.205893278121948,5,256,16,5.981865406036377
transformer.h.6.mlp.c_fc,3072,3328,18.780636693755284,0.0011131114771210093,13.263484001159668,5,256,16,6.092682361602783
transformer.h.6.mlp.c_fc,3328,3584,18.779116911986645,-0.00040667029151819634,12.31460952758789,5,256,16,6.088135719299316
transformer.h.6.mlp.c_fc,3584,3840,18.778464134396366,-0.0010594478817971265,12.886767864227295,5,256,16,5.9980926513671875
transformer.h.6.mlp.c_fc,3840,4096,18.77598243073624,-0.003541151541924137,13.058598041534424,5,256,16,6.012752532958984
transformer.h.6.mlp.c_fc,4096,4352,18.78027119291745,0.0007476106392871884,12.386611700057983,5,256,16,6.0542097091674805
transformer.h.6.mlp.c_fc,4352,4608,18.775969896419873,-0.0035536858582894126,13.004112720489502,5,256,16,5.987215518951416
transformer.h.6.mlp.c_fc,4608,4864,18.775492959108902,-0.0040306231692603944,13.353012084960938,5,256,16,6.035734176635742
transformer.h.6.mlp.c_fc,4864,5120,18.77781125158349,-0.0017123306946729144,13.321332454681396,5,256,16,5.99899435043335
transformer.h.6.mlp.c_fc,5120,5376,18.77891965640115,-0.0006039258770123013,10.99767017364502,5,256,16,5.995553970336914
transformer.h.6.mlp.c_fc,5376,5632,18.77959419720536,7.061492719628859e-05,10.919111013412476,5,256,16,5.97975492477417
transformer.h.6.mlp.c_fc,5632,5888,18.782426432852063,0.00290285057389994,11.017372369766235,5,256,16,6.020934104919434
transformer.h.6.mlp.c_fc,5888,6144,18.78322892182741,0.0037053395492456787,11.070154905319214,5,256,16,6.019142150878906
transformer.h.6.mlp.c_fc,6144,6400,18.78055379339655,0.001030211118386859,13.00815486907959,5,256,16,6.083564758300781
transformer.h.6.mlp.c_proj,0,256,18.78089153789028,0.0013679556121175551,12.88778042793274,5,256,16,10.69488525390625
transformer.h.6.mlp.c_proj,256,512,18.785798985296953,0.006275403018790371,11.99976134300232,5,256,16,10.699888229370117
transformer.h.6.mlp.c_proj,512,768,18.774906428520286,-0.00461715375787719,13.41728162765503,5,256,16,10.6391019821167
transformer.h.6.mlp.c_proj,768,1024,18.780101302055012,0.0005777197768495057,13.675634622573853,5,256,16,10.633526802062988
transformer.h.6.mlp.c_proj,1024,1280,18.78315637398136,0.003632791703196858,11.673413276672363,5,256,16,10.66585922241211
transformer.h.6.mlp.c_proj,1280,1536,18.774792091721487,-0.004731490556675766,12.400974035263062,5,256,16,10.790670394897461
transformer.h.6.mlp.c_proj,1536,1600,18.780043989821593,0.0005204075434299682,13.27989673614502,5,256,16,5.447233200073242
transformer.h.7.attn.c_attn,0,256,18.77657884364427,-0.002944738633892996,11.945380926132202,5,256,16,6.7905592918396
transformer.h.7.attn.c_attn,256,512,18.778898037724318,-0.0006255445538450033,12.660885095596313,5,256,16,6.861962795257568
transformer.h.7.attn.c_attn,512,768,18.778621090604357,-0.0009024916738056277,12.731987714767456,5,256,16,7.0899577140808105
transformer.h.7.attn.c_attn,768,1024,18.777716979432135,-0.0018066028460275163,13.221759796142578,5,256,16,7.327121734619141
transformer.h.7.attn.c_attn,1024,1280,18.778537559549594,-0.0009860227285685141,12.474220752716064,5,256,16,7.394867897033691
transformer.h.7.attn.c_attn,1280,1536,18.77922948419624,-0.00029409808192326636,12.919929265975952,5,256,16,6.758256912231445
transformer.h.7.attn.c_attn,1536,1792,18.783631074845836,0.004107492567673177,13.762293338775635,5,256,16,7.279980659484863
transformer.h.7.attn.c_attn,1792,2048,18.78276331539087,0.0032397331127071993,12.980069637298584,5,256,16,8.589956283569336
transformer.h.7.attn.c_attn,2048,2304,18.780105651651294,0.0005820693731308779,12.343964338302612,5,256,16,8.466005325317383
transformer.h.7.attn.c_attn,2304,2560,18.77798828496208,-0.0015352973160815964,12.627733945846558,5,256,16,8.541263580322266
transformer.h.7.attn.c_attn,2560,2816,18.78006919183126,0.000545609553096682,12.92485237121582,5,256,16,8.657848358154297
transformer.h.7.attn.c_attn,2816,3072,18.779172430469313,-0.0003511518088501475,11.981283187866211,5,256,16,7.8393144607543945
transformer.h.7.attn.c_attn,3072,3328,18.778912236970793,-0.0006113453073695041,13.020277738571167,5,256,16,6.380288124084473
transformer.h.7.attn.c_attn,3328,3584,18.779596627796355,7.30455181923162e-05,12.740326166152954,5,256,16,3.647883892059326
transformer.h.7.attn.c_attn,3584,3840,18.776332755473554,-0.003190826804608804,12.005441904067993,5,256,16,3.5458908081054688
transformer.h.7.attn.c_attn,3840,4096,18.782555018144194,0.0030314358660312735,10.816913604736328,5,256,16,3.8020687103271484
transformer.h.7.attn.c_attn,4096,4352,18.783989219637306,0.00446563735914296,10.993750095367432,5,256,16,3.698274850845337
transformer.h.7.attn.c_attn,4352,4608,18.78444180465508,0.004918222376918635,10.966628551483154,5,256,16,3.7915611267089844
transformer.h.7.attn.c_attn,4608,4800,18.777190240897742,-0.0023333413804209613,12.073716402053833,5,256,16,2.9730827808380127
transformer.h.7.attn.c_proj,0,256,18.774262237995785,-0.005261344282377678,12.855773448944092,5,256,16,4.546615123748779
transformer.h.7.attn.c_proj,256,512,18.783284836319723,0.003761254041560136,13.941279172897339,5,256,16,4.552318096160889
transformer.h.7.attn.c_proj,512,768,18.77458055769016,-0.0049430245880017765,13.118362665176392,5,256,16,4.5071516036987305
transformer.h.7.attn.c_proj,768,1024,18.780877081278057,0.0013534989998937874,12.822903394699097,5,256,16,4.511968612670898
transformer.h.7.attn.c_proj,1024,1280,18.7740944477056,-0.005429134572562333,13.057483196258545,5,256,16,4.524150371551514
transformer.h.7.attn.c_proj,1280,1536,18.777634987348822,-0.0018885949293405702,12.586533069610596,5,256,16,4.575048923492432
transformer.h.7.attn.c_proj,1536,1600,18.781086127532497,0.001562545254333969,13.116744756698608,5,256,16,2.3237435817718506
transformer.h.7.mlp.c_fc,0,256,18.778645139430207,-0.000878442847955796,12.777808666229248,5,256,16,5.950098991394043
transformer.h.7.mlp.c_fc,256,512,18.77570386392362,-0.00381971835454209,13.405500411987305,5,256,16,6.020626544952393
transformer.h.7.mlp.c_fc,512,768,18.77910655026036,-0.0004170320178040754,12.559433937072754,5,256,16,5.984829902648926
transformer.h.7.mlp.c_fc,768,1024,18.781193722013533,0.0016701397353706682,13.382899761199951,5,256,16,6.021900177001953
transformer.h.7.mlp.c_fc,1024,1280,18.776637168548376,-0.0028864137297865966,13.236156940460205,5,256,16,5.986484527587891
transformer.h.7.mlp.c_fc,1280,1536,18.781145234055767,0.001621651777604427,13.401480197906494,5,256,16,5.992087364196777
transformer.h.7.mlp.c_fc,1536,1792,18.780311746912286,0.000788164634123234,13.723887205123901,5,256,16,6.018550395965576
transformer.h.7.mlp.c_fc,1792,2048,18.779226797806096,-0.0002967844720664914,11.917011022567749,5,256,16,6.085068702697754
transformer.h.7.mlp.c_fc,2048,2304,18.778118758607107,-0.001404823671055766,13.105906963348389,5,256,16,6.070322036743164
transformer.h.7.mlp.c_fc,2304,2560,18.78215608674573,0.0026325044675665765,12.67112112045288,5,256,16,5.959848880767822
transformer.h.7.mlp.c_fc,2560,2816,18.784297851494813,0.00477426921665014,12.934346437454224,5,256,16,6.050491809844971
transformer.h.7.mlp.c_fc,2816,3072,18.77829413196403,-0.0012294503141312418,12.483830690383911,5,256,16,6.042708873748779
transformer.h.7.mlp.c_fc,3072,3328,18.780006890478038,0.00048330819987540963,13.58707308769226,5,256,16,5.966620922088623
transformer.h.7.mlp.c_fc,3328,3584,18.779163987555837,-0.00035959472232605094,13.102541208267212,5,256,16,5.9576592445373535
transformer.h.7.mlp.c_fc,3584,3840,18.781351212787463,0.0018276305093003486,13.15562915802002,5,256,16,5.995739459991455
transformer.h.7.mlp.c_fc,3840,4096,18.778349775931595,-0.0011738063465678295,11.297721147537231,5,256,16,5.979058742523193
transformer.h.7.mlp.c_fc,4096,4352,18.780329401360106,0.0008058190819433264,10.874725103378296,5,256,16,6.099245071411133
transformer.h.7.mlp.c_fc,4352,4608,18.77304374626683,-0.006479836011333617,10.993290185928345,5,256,16,5.972638130187988
transformer.h.7.mlp.c_fc,4608,4864,18.777301010814767,-0.0022225714633954397,10.908378601074219,5,256,16,6.047865867614746
transformer.h.7.mlp.c_fc,4864,5120,18.78225562688504,0.0027320446068763715,12.763191223144531,5,256,16,5.956876754760742
transformer.h.7.mlp.c_fc,5120,5376,18.778485240900558,-0.0010383413776047234,13.21671175956726,5,256,16,6.058331489562988
transformer.h.7.mlp.c_fc,5376,5632,18.77980425259836,0.00028067032019762905,12.699940919876099,5,256,16,5.983067989349365
transformer.h.7.mlp.c_fc,5632,5888,18.774761397397413,-0.004762184880750198,12.878965139389038,5,256,16,6.059515953063965
transformer.h.7.mlp.c_fc,5888,6144,18.777903989236236,-0.0016195930419264926,13.17973256111145,5,256,16,6.01837158203125
transformer.h.7.mlp.c_fc,6144,6400,18.776164818776152,-0.0033587635020104756,12.024587154388428,5,256,16,6.028210163116455
transformer.h.7.mlp.c_proj,0,256,18.778407466747915,-0.0011161155302481518,11.997316598892212,5,256,16,10.635244369506836
transformer.h.7.mlp.c_proj,256,512,18.783015757349265,0.0034921750711021105,13.417784690856934,5,256,16,10.807768821716309
transformer.h.7.mlp.c_proj,512,768,18.774531831023097,-0.0049917512550656795,12.866116285324097,5,256,16,10.623905181884766
transformer.h.7.mlp.c_proj,768,1024,18.785721180853248,0.0061975985750848395,13.031831979751587,5,256,16,10.598821640014648
transformer.h.7.mlp.c_proj,1024,1280,18.777788099220245,-0.0017354830579172642,13.246237516403198,5,256,16,10.63302993774414
transformer.h.7.mlp.c_proj,1280,1536,18.77862045100835,-0.0009031312698120075,13.923355340957642,5,256,16,10.704591751098633
transformer.h.7.mlp.c_proj,1536,1600,18.776601099178407,-0.002922483099755624,13.384521007537842,5,256,16,5.614360332489014
transformer.h.8.attn.c_attn,0,256,18.778989501527164,-0.000534080750998811,11.99360203742981,5,256,16,7.344692230224609
transformer.h.8.attn.c_attn,256,512,18.780852389921844,0.0013288076436808183,12.987788677215576,5,256,16,7.299660682678223
transformer.h.8.attn.c_attn,512,768,18.775700922239203,-0.003822660038959924,13.45137333869934,5,256,16,6.958367824554443
transformer.h.8.attn.c_attn,768,1024,18.779176524004484,-0.00034705827367886855,12.134306907653809,5,256,16,6.97329568862915
transformer.h.8.attn.c_attn,1024,1280,18.781143315009878,0.0016197327317151178,12.816028118133545,5,256,16,7.073891639709473
transformer.h.8.attn.c_attn,1280,1536,18.78332002287046,0.003796440592296335,13.461780071258545,5,256,16,6.625006198883057
transformer.h.8.attn.c_attn,1536,1792,18.78002390499546,0.0005003227172970526,13.192337036132812,5,256,16,8.118531227111816
transformer.h.8.attn.c_attn,1792,2048,18.780276693927387,0.000753111649224536,13.012372970581055,5,256,16,8.510425567626953
transformer.h.8.attn.c_attn,2048,2304,18.78046628785933,0.0009427055811670471,12.596274137496948,5,256,16,8.036307334899902
transformer.h.8.attn.c_attn,2304,2560,18.780146844936635,0.0006232626584719014,11.591380596160889,5,256,16,7.992953777313232
transformer.h.8.attn.c_attn,2560,2816,18.77856250370009,-0.0009610785780722608,10.959668159484863,5,256,16,8.057283401489258
transformer.h.8.attn.c_attn,2816,3072,18.781694217166716,0.002170634888553735,10.847824573516846,5,256,16,7.71278190612793
transformer.h.8.attn.c_attn,3072,3328,18.77645336897127,-0.0030702133068913895,10.899733066558838,5,256,16,6.199306011199951
transformer.h.8.attn.c_attn,3328,3584,18.772281973343766,-0.007241608934396737,12.016859292984009,5,256,16,3.8559560775756836
transformer.h.8.attn.c_attn,3584,3840,18.779364060041434,-0.0001595222367285487,13.241386413574219,5,256,16,3.9430084228515625
transformer.h.8.attn.c_attn,3840,4096,18.780466415791103,0.0009428335129406662,12.749346494674683,5,256,16,3.8593475818634033
transformer.h.8.attn.c_attn,4096,4352,18.778090617156014,-0.0014329651221487438,13.704266548156738,5,256,16,3.911332607269287
transformer.h.8.attn.c_attn,4352,4608,18.782952294682634,0.003428712404470957,13.53324556350708,5,256,16,3.764401435852051
transformer.h.8.attn.c_attn,4608,4800,18.779717390186875,0.0001938079087118183,12.138653755187988,5,256,16,3.251692771911621
transformer.h.8.attn.c_proj,0,256,18.77186459064577,-0.007658991632393253,13.057145595550537,5,256,16,4.578711986541748
transformer.h.8.attn.c_proj,256,512,18.780348463065156,0.0008248807869932762,13.375331163406372,5,256,16,4.614294528961182
transformer.h.8.attn.c_proj,512,768,18.78068019100346,0.0011566087252958823,13.437110662460327,5,256,16,4.550586223602295
transformer.h.8.attn.c_proj,768,1024,18.782307316317148,0.0027837340389851306,13.247411966323853,5,256,16,4.563100337982178
transformer.h.8.attn.c_proj,1024,1280,18.779778667162955,0.0002550848847917564,12.944025039672852,5,256,16,4.572946071624756
transformer.h.8.attn.c_proj,1280,1536,18.780143007049094,0.0006194247709316869,12.96689486503601,5,256,16,4.649591445922852
transformer.h.8.attn.c_proj,1536,1600,18.779386702650093,-0.00013687962806940845,12.997231721878052,5,256,16,2.3337979316711426
transformer.h.8.mlp.c_fc,0,256,18.771745668965522,-0.00777791331264055,12.523074865341187,5,256,16,6.0044331550598145
transformer.h.8.mlp.c_fc,256,512,18.78213523200189,0.0026116497237289593,13.122213125228882,5,256,16,6.010799407958984
transformer.h.8.mlp.c_fc,512,768,18.77665341257805,-0.002870169700113223,13.658795595169067,5,256,16,5.974965572357178
transformer.h.8.mlp.c_fc,768,1024,18.78328585992754,0.003762277649375534,12.175277709960938,5,256,16,5.9800310134887695
transformer.h.8.mlp.c_fc,1024,1280,18.78196941842088,0.0024458361427157627,12.912700653076172,5,256,16,6.059072017669678
transformer.h.8.mlp.c_fc,1280,1536,18.780285393202206,0.0007618109240432602,12.245237112045288,5,256,16,6.107039928436279
transformer.h.8.mlp.c_fc,1536,1792,18.779888684782502,0.00036510250433963165,12.349793195724487,5,256,16,6.003076076507568
transformer.h.8.mlp.c_fc,1792,2048,18.77690551660378,-0.002618065674383274,12.68192195892334,5,256,16,6.024433612823486
transformer.h.8.mlp.c_fc,2048,2304,18.776851155987277,-0.00267242629088571,13.473461151123047,5,256,16,5.982291221618652
transformer.h.8.mlp.c_fc,2304,2560,18.779921434337922,0.0003978520597591739,13.22686243057251,5,256,16,6.042887210845947
transformer.h.8.mlp.c_fc,2560,2816,18.783869581371494,0.004345999093331443,11.354433298110962,5,256,16,6.021457672119141
transformer.h.8.mlp.c_fc,2816,3072,18.783193479546625,0.003669897268462563,10.968949317932129,5,256,16,5.9808807373046875
transformer.h.8.mlp.c_fc,3072,3328,18.774250088496068,-0.005273493782095073,10.92736554145813,5,256,16,5.998843193054199
transformer.h.8.mlp.c_fc,3328,3584,18.777128844458456,-0.0023947378197064495,10.911543130874634,5,256,16,6.000843524932861
transformer.h.8.mlp.c_fc,3584,3840,18.774346261593315,-0.005177320684847331,12.259596824645996,5,256,16,6.025337219238281
transformer.h.8.mlp.c_fc,3840,4096,18.77593280512455,-0.0035907771536116684,13.504544019699097,5,256,16,6.026317596435547
transformer.h.8.mlp.c_fc,4096,4352,18.781829322438938,0.002305740160775116,12.116782188415527,5,256,16,6.002968788146973
transformer.h.8.mlp.c_fc,4352,4608,18.77814881884009,-0.0013747634380720797,12.901893138885498,5,256,16,5.977858066558838
transformer.h.8.mlp.c_fc,4608,4864,18.779272466490646,-0.000251115787516909,13.15255856513977,5,256,16,6.019672393798828
transformer.h.8.mlp.c_fc,4864,5120,18.773762836092956,-0.0057607461852065,13.574376106262207,5,256,16,6.071314811706543
transformer.h.8.mlp.c_fc,5120,5376,18.776727214370126,-0.002796367908036501,12.294863224029541,5,256,16,6.004504203796387
transformer.h.8.mlp.c_fc,5376,5632,18.77840068710843,-0.0011228951697326295,13.210773706436157,5,256,16,6.013606548309326
transformer.h.8.mlp.c_fc,5632,5888,18.77837267315234,-0.0011509091258226078,13.094616174697876,5,256,16,6.041090965270996
transformer.h.8.mlp.c_fc,5888,6144,18.778381115710047,-0.0011424665681154522,12.340267181396484,5,256,16,5.979564666748047
transformer.h.8.mlp.c_fc,6144,6400,18.776089100665114,-0.00343448161304849,12.814767599105835,5,256,16,6.03397798538208
transformer.h.8.mlp.c_proj,0,256,18.782543758899365,0.003020176621202353,12.383959293365479,5,256,16,10.615262985229492
transformer.h.8.mlp.c_proj,256,512,18.781815120986767,0.0022915387086044348,13.232288599014282,5,256,16,10.87333869934082
transformer.h.8.mlp.c_proj,512,768,18.777675663563816,-0.0018479187143469744,13.115979433059692,5,256,16,10.595780372619629
transformer.h.8.mlp.c_proj,768,1024,18.778082686391045,-0.0014408958871179323,13.163812160491943,5,256,16,10.594907760620117
transformer.h.8.mlp.c_proj,1024,1280,18.7742605754322,-0.005263006845961371,12.998669385910034,5,256,16,10.624137878417969
transformer.h.8.mlp.c_proj,1280,1536,18.777856149341627,-0.0016674329365358176,12.917803525924683,5,256,16,10.705290794372559
transformer.h.8.mlp.c_proj,1536,1600,18.77841475806105,-0.0011088242171126694,12.876379489898682,5,256,16,6.132402420043945
transformer.h.9.attn.c_attn,0,256,18.77921656394244,-0.0003070183357216649,13.149603366851807,5,256,16,7.488671779632568
transformer.h.9.attn.c_attn,256,512,18.78056262073215,0.0010390384539888942,13.094875574111938,5,256,16,7.706879615783691
transformer.h.9.attn.c_attn,512,768,18.780176524626796,0.0006529423486334451,12.414053201675415,5,256,16,7.182145118713379
transformer.h.9.attn.c_attn,768,1024,18.780313026219538,0.0007894439413753673,12.095188856124878,5,256,16,7.034667015075684
transformer.h.9.attn.c_attn,1024,1280,18.779817045329132,0.00029346305096922265,12.170013189315796,5,256,16,7.337743282318115
transformer.h.9.attn.c_attn,1280,1536,18.77970997044134,0.00018638816317562146,10.877355098724365,5,256,16,7.1884565353393555
transformer.h.9.attn.c_attn,1536,1792,18.778889339092142,-0.0006342431860204556,11.15954303741455,5,256,16,7.746893405914307
transformer.h.9.attn.c_attn,1792,2048,18.77999269040386,0.000469108125695783,10.991350650787354,5,256,16,8.142621040344238
transformer.h.9.attn.c_attn,2048,2304,18.778210346530837,-0.0013132357473253364,11.476163148880005,5,256,16,8.241819381713867
transformer.h.9.attn.c_attn,2304,2560,18.78076373158912,0.0012401493109557293,12.287299156188965,5,256,16,7.58587646484375
transformer.h.9.attn.c_attn,2560,2816,18.781107876664446,0.0015842943862836023,13.489856004714966,5,256,16,8.020094871520996
transformer.h.9.attn.c_attn,2816,3072,18.779213749630916,-0.0003098326472468216,12.717661142349243,5,256,16,7.957796096801758
transformer.h.9.attn.c_attn,3072,3328,18.780251363708953,0.0007277814307897756,12.495131254196167,5,256,16,6.1167778968811035
transformer.h.9.attn.c_attn,3328,3584,18.781324729681124,0.001801147402961334,13.417015552520752,5,256,16,4.056394100189209
transformer.h.9.attn.c_attn,3584,3840,18.779011120309296,-0.0005124619688672283,13.657409191131592,5,256,16,3.937252998352051
transformer.h.9.attn.c_attn,3840,4096,18.776508240055378,-0.003015342222784767,12.720088005065918,5,256,16,4.022679805755615
transformer.h.9.attn.c_attn,4096,4352,18.779573729083193,5.014680503023783e-05,12.505162715911865,5,256,16,4.128540992736816
transformer.h.9.attn.c_attn,4352,4608,18.779791971585013,0.0002683893068500254,12.669445276260376,5,256,16,4.029513835906982
transformer.h.9.attn.c_attn,4608,4800,18.781535572064975,0.0020119897868120518,13.448059558868408,5,256,16,3.448925495147705
transformer.h.9.attn.c_proj,0,256,18.77816007545035,-0.0013635068278112783,12.110064506530762,5,256,16,4.507689952850342
transformer.h.9.attn.c_proj,256,512,18.775271057570976,-0.0042525247071871775,12.64743947982788,5,256,16,4.52890682220459
transformer.h.9.attn.c_proj,512,768,18.782908280378482,0.0033846981003193832,13.196110010147095,5,256,16,4.492828369140625
transformer.h.9.attn.c_proj,768,1024,18.776978296122618,-0.0025452861555450568,12.850280046463013,5,256,16,4.514780044555664
transformer.h.9.attn.c_proj,1024,1280,18.78105555085428,0.0015319685761170376,13.3454110622406,5,256,16,4.498589038848877
transformer.h.9.attn.c_proj,1280,1536,18.775495517066993,-0.004028065211169718,13.460372686386108,5,256,16,4.574007987976074
transformer.h.9.attn.c_proj,1536,1600,18.77999767961789,0.00047409733972614276,13.000623226165771,5,256,16,2.3129191398620605
transformer.h.9.mlp.c_fc,0,256,18.78190839017974,0.002384807901577801,12.293244361877441,5,256,16,6.051548480987549
transformer.h.9.mlp.c_fc,256,512,18.782664156401196,0.0031405741230337014,12.90878701210022,5,256,16,6.083332538604736
transformer.h.9.mlp.c_fc,512,768,18.77821674235225,-0.0013068399259132946,13.65648627281189,5,256,16,5.958328723907471
transformer.h.9.mlp.c_fc,768,1024,18.775903899545202,-0.0036196827329604275,13.430318593978882,5,256,16,6.027775287628174
transformer.h.9.mlp.c_fc,1024,1280,18.776801144359098,-0.0027224379190649017,11.862080812454224,5,256,16,6.0150604248046875
transformer.h.9.mlp.c_fc,1280,1536,18.778638359704914,-0.0008852225732489671,11.737000703811646,5,256,16,6.045265197753906
transformer.h.9.mlp.c_fc,1536,1792,18.780388633433105,0.0008650511549426199,10.970075845718384,5,256,16,5.987605094909668
transformer.h.9.mlp.c_fc,1792,2048,18.77921605224941,-0.00030753002875272273,11.020670652389526,5,256,16,5.925926685333252
transformer.h.9.mlp.c_fc,2048,2304,18.77050624300781,-0.009017339270354086,10.97823977470398,5,256,16,6.08206844329834
transformer.h.9.mlp.c_fc,2304,2560,18.77797856343267,-0.0015450188454941838,12.999408721923828,5,256,16,6.007915496826172
transformer.h.9.mlp.c_fc,2560,2816,18.77559757987915,-0.003926002399012418,13.20502781867981,5,256,16,5.98279333114624
transformer.h.9.mlp.c_fc,2816,3072,18.780722153150116,0.0011985708719528532,12.810009241104126,5,256,16,6.0352783203125
transformer.h.9.mlp.c_fc,3072,3328,18.778916970055338,-0.000606612222824765,12.758213520050049,5,256,16,5.9655609130859375
transformer.h.9.mlp.c_fc,3328,3584,18.778795061528353,-0.0007285207498100021,13.016628980636597,5,256,16,6.014230251312256
transformer.h.9.mlp.c_fc,3584,3840,18.77934525518381,-0.0001783270943533921,12.974846124649048,5,256,16,6.025893688201904
transformer.h.9.mlp.c_fc,3840,4096,18.78128442937356,0.0017608470953973665,12.2739577293396,5,256,16,6.010343074798584
transformer.h.9.mlp.c_fc,4096,4352,18.77992284154666,0.0003992592684980423,13.972198963165283,5,256,16,5.9868316650390625
transformer.h.9.mlp.c_fc,4352,4608,18.783095469833132,0.0035718875549690665,13.144967794418335,5,256,16,6.056522846221924
transformer.h.9.mlp.c_fc,4608,4864,18.776178248540567,-0.0033453337375952685,12.736198902130127,5,256,16,6.037832736968994
transformer.h.9.mlp.c_fc,4864,5120,18.78587691803152,0.006353335753356504,12.852619647979736,5,256,16,5.969422817230225
transformer.h.9.mlp.c_fc,5120,5376,18.77593331672812,-0.0035902655500414937,13.316547632217407,5,256,16,5.965473175048828
transformer.h.9.mlp.c_fc,5376,5632,18.77851427837237,-0.001009303905792791,13.351581811904907,5,256,16,6.015153408050537
transformer.h.9.mlp.c_fc,5632,5888,18.78420277903475,0.004679196756587345,12.926239490509033,5,256,16,5.957185745239258
transformer.h.9.mlp.c_fc,5888,6144,18.779864250581088,0.0003406683029254509,13.001819849014282,5,256,16,6.023571968078613
transformer.h.9.mlp.c_fc,6144,6400,18.78215096901503,0.0026273867368686865,13.240960597991943,5,256,16,6.017350673675537
transformer.h.9.mlp.c_proj,0,256,18.77317303461722,-0.006350547660943562,13.39378571510315,5,256,16,10.538405418395996
transformer.h.9.mlp.c_proj,256,512,18.776482403301156,-0.003041178977007064,13.669880628585815,5,256,16,10.846874237060547
transformer.h.9.mlp.c_proj,512,768,18.77755939122105,-0.00196419105711243,14.348428726196289,5,256,16,10.529388427734375
transformer.h.9.mlp.c_proj,768,1024,18.7871059689659,0.0075823866877371415,13.53279161453247,5,256,16,10.512438774108887
transformer.h.9.mlp.c_proj,1024,1280,18.778988478153483,-0.0005351041246797195,13.733396053314209,5,256,16,10.531923294067383
transformer.h.9.mlp.c_proj,1280,1536,18.77882102938539,-0.0007025528927719904,13.356297492980957,5,256,16,10.637947082519531
transformer.h.9.mlp.c_proj,1536,1600,18.78020850710405,0.000684924825886668,10.98178243637085,5,256,16,6.629180908203125
transformer.h.10.attn.c_attn,0,256,18.779801694053244,0.00027811177508141327,11.133768320083618,5,256,16,7.05310583114624
transformer.h.10.attn.c_attn,256,512,18.778248337742006,-0.0012752445361563503,11.034896850585938,5,256,16,7.107320785522461
transformer.h.10.attn.c_attn,512,768,18.78081388170571,0.0012902994275485469,10.987723588943481,5,256,16,7.021446228027344
transformer.h.10.attn.c_attn,768,1024,18.779911328023715,0.000387745745552337,12.32351016998291,5,256,16,7.292779445648193
transformer.h.10.attn.c_attn,1024,1280,18.7794385121116,-8.507016656267297e-05,13.130372762680054,5,256,16,7.153429985046387
transformer.h.10.attn.c_attn,1280,1536,18.780235116566626,0.0007115342884631559,12.343192100524902,5,256,16,7.1526665687561035
transformer.h.10.attn.c_attn,1536,1792,18.78102395074124,0.0015003684630769953,13.357726573944092,5,256,16,7.830986022949219
transformer.h.10.attn.c_attn,1792,2048,18.77759981144779,-0.001923770830373428,13.396588563919067,5,256,16,7.532940864562988
transformer.h.10.attn.c_attn,2048,2304,18.781716606704304,0.0021930244261412213,13.30507516860962,5,256,16,7.600531101226807
transformer.h.10.attn.c_attn,2304,2560,18.777548518706553,-0.001975063571610036,13.306995391845703,5,256,16,7.748285293579102
transformer.h.10.attn.c_attn,2560,2816,18.781199223293694,0.0016756410155309709,12.874120473861694,5,256,16,7.803231239318848
transformer.h.10.attn.c_attn,2816,3072,18.7790379839194,-0.0004855983587610524,12.98076343536377,5,256,16,7.780104637145996
transformer.h.10.attn.c_attn,3072,3328,18.774339355530024,-0.005184226748138343,13.33051061630249,5,256,16,6.344569206237793
transformer.h.10.attn.c_attn,3328,3584,18.77924048560746,-0.00028309667070303135,12.720644235610962,5,256,16,4.385122299194336
transformer.h.10.attn.c_attn,3584,3840,18.77210461013816,-0.007418972140001756,12.729054927825928,5,256,16,4.1554646492004395
transformer.h.10.attn.c_attn,3840,4096,18.78075157788204,0.0012279956038767637,12.89215350151062,5,256,16,4.2350382804870605
transformer.h.10.attn.c_attn,4096,4352,18.781011924801255,0.0014883425230927116,12.829991340637207,5,256,16,4.243127822875977
transformer.h.10.attn.c_attn,4352,4608,18.777835811027636,-0.0016877712505269926,12.226104021072388,5,256,16,4.178134918212891
transformer.h.10.attn.c_attn,4608,4800,18.77713792600245,-0.0023856562757131883,12.45622444152832,5,256,16,3.5978853702545166
transformer.h.10.attn.c_proj,0,256,18.781159051191928,0.0016354689137649814,13.257296562194824,5,256,16,4.710407733917236
transformer.h.10.attn.c_proj,256,512,18.780194818597117,0.0006712363189542714,12.831583976745605,5,256,16,4.731253147125244
transformer.h.10.attn.c_proj,512,768,18.77663831969962,-0.002885262578541159,12.070948123931885,5,256,16,4.69325590133667
transformer.h.10.attn.c_proj,768,1024,18.773782914223013,-0.0057406680551501665,13.059409141540527,5,256,16,4.70377779006958
transformer.h.10.attn.c_proj,1024,1280,18.774941855164112,-0.004581727114050693,12.340656518936157,5,256,16,4.7077131271362305
transformer.h.10.attn.c_proj,1280,1536,18.774122071613668,-0.00540151066449468,13.026134014129639,5,256,16,4.780850887298584
transformer.h.10.attn.c_proj,1536,1600,18.78154158520166,0.002018002923495743,13.140792846679688,5,256,16,2.4333128929138184
transformer.h.10.mlp.c_fc,0,256,18.781572674428396,0.0020490921502336334,10.950821876525879,5,256,16,6.0076470375061035
transformer.h.10.mlp.c_fc,256,512,18.77758407824792,-0.0019395040302434552,11.054508447647095,5,256,16,6.0253777503967285
transformer.h.10.mlp.c_fc,512,768,18.776139749908282,-0.0033838323698809347,10.922873973846436,5,256,16,6.035290241241455
transformer.h.10.mlp.c_fc,768,1024,18.78193167556491,0.0024080932867462934,11.22246503829956,5,256,16,6.001483917236328
transformer.h.10.mlp.c_fc,1024,1280,18.780160789267985,0.0006372069898219479,12.756349563598633,5,256,16,6.000682353973389
transformer.h.10.mlp.c_fc,1280,1536,18.778568004209525,-0.0009555780686376636,13.053419351577759,5,256,16,6.03709602355957
transformer.h.10.mlp.c_fc,1536,1792,18.777308813339335,-0.0022147689388276603,13.337626218795776,5,256,16,6.031569480895996
transformer.h.10.mlp.c_fc,1792,2048,18.7774369798626,-0.0020866024155630214,13.652082681655884,5,256,16,5.985809803009033
transformer.h.10.mlp.c_fc,2048,2304,18.774218371944357,-0.005305210333805377,12.411227226257324,5,256,16,5.960383415222168
transformer.h.10.mlp.c_fc,2304,2560,18.775219515398884,-0.004304066879278423,12.68503212928772,5,256,16,6.035620212554932
transformer.h.10.mlp.c_fc,2560,2816,18.78154196901895,0.002018386740786582,13.291248083114624,5,256,16,5.9884748458862305
transformer.h.10.mlp.c_fc,2816,3072,18.78123338244145,0.001709800163286701,11.947100400924683,5,256,16,5.97456169128418
transformer.h.10.mlp.c_fc,3072,3328,18.777907442923187,-0.001616139354975843,12.38875150680542,5,256,16,6.010944366455078
transformer.h.10.mlp.c_fc,3328,3584,18.784081092106263,0.004557509828099882,13.075509309768677,5,256,16,6.043747901916504
transformer.h.10.mlp.c_fc,3584,3840,18.77815188882404,-0.0013716934541214698,12.734580278396606,5,256,16,5.9703898429870605
transformer.h.10.mlp.c_fc,3840,4096,18.78304736081363,0.003523778535466704,12.523897171020508,5,256,16,6.01706600189209
transformer.h.10.mlp.c_fc,4096,4352,18.778153167984165,-0.001370414293997868,12.890138864517212,5,256,16,6.011007785797119
transformer.h.10.mlp.c_fc,4352,4608,18.777848730331456,-0.0016748519467064682,13.288517475128174,5,256,16,5.986665725708008
transformer.h.10.mlp.c_fc,4608,4864,18.782740028974654,0.0032164466964914595,12.764010667800903,5,256,16,6.0674896240234375
transformer.h.10.mlp.c_fc,4864,5120,18.775944955713225,-0.0035786265649377924,13.317448377609253,5,256,16,6.048468589782715
transformer.h.10.mlp.c_fc,5120,5376,18.78000829769318,0.000484715415016268,12.372512578964233,5,256,16,6.007188320159912
transformer.h.10.mlp.c_fc,5376,5632,18.780955249464355,0.0014316671861926977,12.267829656600952,5,256,16,5.956030368804932
transformer.h.10.mlp.c_fc,5632,5888,18.778225952338918,-0.001297629939244871,12.325577020645142,5,256,16,6.031232833862305
transformer.h.10.mlp.c_fc,5888,6144,18.784200859676446,0.004677277398283053,12.947652101516724,5,256,16,6.028217792510986
transformer.h.10.mlp.c_fc,6144,6400,18.77949927647696,-2.430580120105219e-05,12.754401206970215,5,256,16,6.016219139099121
transformer.h.10.mlp.c_proj,0,256,18.776573727433252,-0.0029498548449105044,13.410908699035645,5,256,16,10.581801414489746
transformer.h.10.mlp.c_proj,256,512,18.780890898216935,0.0013673159387721512,12.15537166595459,5,256,16,11.070372581481934
transformer.h.10.mlp.c_proj,512,768,18.7752997063829,-0.004223875895263518,11.08976149559021,5,256,16,10.580414772033691
transformer.h.10.mlp.c_proj,768,1024,18.777071797113546,-0.0024517851646166378,11.042652606964111,5,256,16,10.56471061706543
transformer.h.10.mlp.c_proj,1024,1280,18.768472933121508,-0.011050649156654657,11.058323621749878,5,256,16,10.560773849487305
transformer.h.10.mlp.c_proj,1280,1536,18.7697985295166,-0.009725052761563546,12.314639806747437,5,256,16,10.682500839233398
transformer.h.10.mlp.c_proj,1536,1600,18.784095679141288,0.004572096863125097,12.612469673156738,5,256,16,6.407195091247559
transformer.h.11.attn.c_attn,0,256,18.780196865476018,0.0006732831978553122,12.182202816009521,5,256,16,7.60020112991333
transformer.h.11.attn.c_attn,256,512,18.77927515288731,-0.00024842939085445437,12.333199262619019,5,256,16,7.297276973724365
transformer.h.11.attn.c_attn,512,768,18.77943416266983,-8.941960833297458e-05,12.757129669189453,5,256,16,7.211004257202148
transformer.h.11.attn.c_attn,768,1024,18.7778703478003,-0.0016532344778639185,12.867056131362915,5,256,16,6.550282001495361
transformer.h.11.attn.c_attn,1024,1280,18.7785607128369,-0.0009628694412633365,12.39914608001709,5,256,16,6.797122001647949
transformer.h.11.attn.c_attn,1280,1536,18.78049967808201,0.0009760958038462775,12.80215573310852,5,256,16,7.321307182312012
transformer.h.11.attn.c_attn,1536,1792,18.783119140539547,0.0035955582613844683,12.084076881408691,5,256,16,8.203798294067383
transformer.h.11.attn.c_attn,1792,2048,18.78044006186399,0.0009164795858289665,13.22147798538208,5,256,16,8.059172630310059
transformer.h.11.attn.c_attn,2048,2304,18.779578206483013,5.4624204850028946e-05,12.759811162948608,5,256,16,7.871354103088379
transformer.h.11.attn.c_attn,2304,2560,18.77929638822687,-0.00022719405129123516,12.860974788665771,5,256,16,7.918782711029053
transformer.h.11.attn.c_attn,2560,2816,18.780773966295914,0.0012503840177515713,12.748181581497192,5,256,16,6.3706865310668945
transformer.h.11.attn.c_attn,2816,3072,18.776615936215823,-0.0029076460623400635,13.307559728622437,5,256,16,7.7659783363342285
transformer.h.11.attn.c_attn,3072,3328,18.78055046715523,0.0010268848770671468,13.063661813735962,5,256,16,6.468981742858887
transformer.h.11.attn.c_attn,3328,3584,18.77693647024867,-0.0025871120294915784,12.333360195159912,5,256,16,4.237641334533691
transformer.h.11.attn.c_attn,3584,3840,18.783420080985877,0.0038964987077143576,12.893972158432007,5,256,16,4.434889793395996
transformer.h.11.attn.c_attn,3840,4096,18.778066313209457,-0.001457269068705358,13.753807067871094,5,256,16,4.4361066818237305
transformer.h.11.attn.c_attn,4096,4352,18.77787124319896,-0.0016523390792038128,13.422043561935425,5,256,16,4.2075347900390625
transformer.h.11.attn.c_attn,4352,4608,18.780633367499274,0.0011097852211108261,12.372040748596191,5,256,16,4.195851802825928
transformer.h.11.attn.c_attn,4608,4800,18.782294266001553,0.002770683723390732,12.48923921585083,5,256,16,3.6500234603881836
transformer.h.11.attn.c_proj,0,256,18.777385815476947,-0.0021377668012156903,13.389214992523193,5,256,16,4.858659267425537
transformer.h.11.attn.c_proj,256,512,18.78372934326211,0.00420576098394676,13.489031553268433,5,256,16,4.859771251678467
transformer.h.11.attn.c_proj,512,768,18.77858757580269,-0.0009360064754737607,11.374611139297485,5,256,16,4.815589904785156
transformer.h.11.attn.c_proj,768,1024,18.780120363528543,0.0005967812503797632,11.034250736236572,5,256,16,4.834236145019531
transformer.h.11.attn.c_proj,1024,1280,18.775524422017625,-0.003999160260537593,10.951270341873169,5,256,16,4.818451404571533
transformer.h.11.attn.c_proj,1280,1536,18.774937634657913,-0.004585947620249442,10.983664274215698,5,256,16,4.947742938995361
transformer.h.11.attn.c_proj,1536,1600,18.77687724906356,-0.0026463332146029472,13.200626611709595,5,256,16,2.522374391555786
transformer.h.11.mlp.c_fc,0,256,18.78223144549163,0.002707863213466055,13.786182880401611,5,256,16,6.032568454742432
transformer.h.11.mlp.c_fc,256,512,18.77952895514372,5.37286555868377e-06,12.70407772064209,5,256,16,5.965331077575684
transformer.h.11.mlp.c_fc,512,768,18.77672478415052,-0.002798798127642499,13.267462968826294,5,256,16,5.989530563354492
transformer.h.11.mlp.c_fc,768,1024,18.78119461757066,0.0016710352924960148,12.779637336730957,5,256,16,6.035575866699219
transformer.h.11.mlp.c_fc,1024,1280,18.77939220340096,-0.00013137887720304775,13.466282844543457,5,256,16,6.017735958099365
transformer.h.11.mlp.c_fc,1280,1536,18.77888371056758,-0.0006398717105824403,12.222790002822876,5,256,16,5.9391560554504395
transformer.h.11.mlp.c_fc,1536,1792,18.783674195168324,0.004150612890160943,12.99635910987854,5,256,16,6.021082878112793
transformer.h.11.mlp.c_fc,1792,2048,18.78152917511317,0.0020055928350082297,12.919992685317993,5,256,16,5.940432548522949
transformer.h.11.mlp.c_fc,2048,2304,18.783922554798394,0.004398972520231581,13.207754373550415,5,256,16,5.994438648223877
transformer.h.11.mlp.c_fc,2304,2560,18.77537171229517,-0.004151869982994327,12.600571632385254,5,256,16,5.9849772453308105
transformer.h.11.mlp.c_fc,2560,2816,18.777467550649558,-0.002056031628605126,12.425106287002563,5,256,16,6.050219535827637
transformer.h.11.mlp.c_fc,2816,3072,18.78188523276487,0.0023616504867085553,13.290467500686646,5,256,16,6.050644397735596
transformer.h.11.mlp.c_fc,3072,3328,18.781047490901376,0.001523908623212833,13.340850830078125,5,256,16,5.973145008087158
transformer.h.11.mlp.c_fc,3328,3584,18.777171054488903,-0.0023525277892595398,12.177639722824097,5,256,16,6.004201889038086
transformer.h.11.mlp.c_fc,3584,3840,18.781660952760163,0.0021373704820000228,12.63598895072937,5,256,16,6.0020318031311035
transformer.h.11.mlp.c_fc,3840,4096,18.77769907161427,-0.0018245106638943298,13.082082033157349,5,256,16,6.027169227600098
transformer.h.11.mlp.c_fc,4096,4352,18.783788586058325,0.0042650037801621465,12.430030345916748,5,256,16,5.993046760559082
transformer.h.11.mlp.c_fc,4352,4608,18.7755437346422,-0.003979847635964262,13.098539352416992,5,256,16,5.987040042877197
transformer.h.11.mlp.c_fc,4608,4864,18.78209403435512,0.0025704520769558314,13.496840238571167,5,256,16,5.998669147491455
transformer.h.11.mlp.c_fc,4864,5120,18.78388224891651,0.004358666638346165,13.258883953094482,5,256,16,5.964940547943115
transformer.h.11.mlp.c_fc,5120,5376,18.777827624542685,-0.0016959577354782596,12.573364973068237,5,256,16,6.11649227142334
transformer.h.11.mlp.c_fc,5376,5632,18.77951769771288,-5.884565283054144e-06,12.580269575119019,5,256,16,6.01364278793335
transformer.h.11.mlp.c_fc,5632,5888,18.777447084845253,-0.0020764974329097186,10.990350008010864,5,256,16,6.023020267486572
transformer.h.11.mlp.c_fc,5888,6144,18.779857726270908,0.00033414399274533935,10.92933702468872,5,256,16,6.022675037384033
transformer.h.11.mlp.c_fc,6144,6400,18.781499749162943,0.001976166884780639,10.909802913665771,5,256,16,6.045290946960449
transformer.h.11.mlp.c_proj,0,256,18.76969905539605,-0.009824526882113105,11.751705884933472,5,256,16,10.605149269104004
transformer.h.11.mlp.c_proj,256,512,18.788812491827148,0.009288909548985202,13.171710968017578,5,256,16,10.840742111206055
transformer.h.11.mlp.c_proj,512,768,18.77849496269229,-0.0010286195858739688,12.638791561126709,5,256,16,10.575743675231934
transformer.h.11.mlp.c_proj,768,1024,18.778621602281188,-0.0009019799969749442,12.974998474121094,5,256,16,10.594257354736328
transformer.h.11.mlp.c_proj,1024,1280,18.78446176624706,0.004938183968896226,13.305297374725342,5,256,16,10.56721019744873
transformer.h.11.mlp.c_proj,1280,1536,18.77283594044769,-0.006687641830474433,12.58449387550354,5,256,16,10.694052696228027
transformer.h.11.mlp.c_proj,1536,1600,18.78434673146642,0.004823149188258213,12.537070512771606,5,256,16,6.0968098640441895
transformer.h.12.attn.c_attn,0,256,18.77505900656341,-0.004464575714752783,13.276806354522705,5,256,16,6.596622467041016
transformer.h.12.attn.c_attn,256,512,18.781827915087344,0.0023043328091816306,13.231526136398315,5,256,16,7.08935022354126
transformer.h.12.attn.c_attn,512,768,18.7805993373755,0.0010757550973359287,11.238037347793579,5,256,16,6.926883220672607
transformer.h.12.attn.c_attn,768,1024,18.779545329600634,2.174732247084421e-05,12.747021198272705,5,256,16,7.205021858215332
transformer.h.12.attn.c_attn,1024,1280,18.779235752441373,-0.0002878298367896548,12.292496919631958,5,256,16,7.262818813323975
transformer.h.12.attn.c_attn,1280,1536,18.78029358075866,0.0007699984804965254,11.834022283554077,5,256,16,7.979949951171875
transformer.h.12.attn.c_attn,1536,1792,18.782914549851558,0.003390967573395187,12.94775915145874,5,256,16,6.933821678161621
transformer.h.12.attn.c_attn,1792,2048,18.780993374164257,0.0014697918860946402,12.809530019760132,5,256,16,7.836630344390869
transformer.h.12.attn.c_attn,2048,2304,18.782517146165702,0.002993563887539352,12.82546091079712,5,256,16,7.628925323486328
transformer.h.12.attn.c_attn,2304,2560,18.779249696096233,-0.00027388618192958347,12.879236459732056,5,256,16,7.813376426696777
transformer.h.12.attn.c_attn,2560,2816,18.781622570825796,0.0020989885476332404,12.662581443786621,5,256,16,8.017916679382324
transformer.h.12.attn.c_attn,2816,3072,18.77752779699048,-0.0019957852876828497,13.512853622436523,5,256,16,8.743827819824219
transformer.h.12.attn.c_attn,3072,3328,18.776006604084277,-0.003516978193886189,13.281718254089355,5,256,16,6.149817943572998
transformer.h.12.attn.c_attn,3328,3584,18.78694919779113,0.0074256155129681645,13.571028232574463,5,256,16,4.423515319824219
transformer.h.12.attn.c_attn,3584,3840,18.779934227148516,0.00041064487035313846,13.68635082244873,5,256,16,4.300518035888672
transformer.h.12.attn.c_attn,3840,4096,18.78333895965959,0.003815377381428675,13.45724868774414,5,256,16,4.284490585327148
transformer.h.12.attn.c_attn,4096,4352,18.775385397286634,-0.004138184991528959,11.042836427688599,5,256,16,4.540343761444092
transformer.h.12.attn.c_attn,4352,4608,18.77722362529586,-0.0022999569823021204,10.982571601867676,5,256,16,4.2681884765625
transformer.h.12.attn.c_attn,4608,4800,18.77702766868088,-0.0024959135972828506,10.98755693435669,5,256,16,3.730456590652466
transformer.h.12.attn.c_proj,0,256,18.77927809513172,-0.0002454871464436792,11.007240772247314,5,256,16,4.844134330749512
transformer.h.12.attn.c_proj,256,512,18.774016563850303,-0.005507018427859833,12.960538864135742,5,256,16,4.871899127960205
transformer.h.12.attn.c_proj,512,768,18.77631024445055,-0.0032133378276135716,13.446273565292358,5,256,16,4.833158493041992
transformer.h.12.attn.c_proj,768,1024,18.782366938462538,0.0028433561843748123,13.277940511703491,5,256,16,4.838057518005371
transformer.h.12.attn.c_proj,1024,1280,18.78159544763948,0.002071865361315872,12.750513076782227,5,256,16,4.858727931976318
transformer.h.12.attn.c_proj,1280,1536,18.77509392191443,-0.00442966036373349,13.19240403175354,5,256,16,4.910473823547363
transformer.h.12.attn.c_proj,1536,1600,18.7786680370111,-0.0008555452670613306,13.692382574081421,5,256,16,2.5004334449768066
transformer.h.12.mlp.c_fc,0,256,18.782882818662415,0.0033592363842522843,12.514940738677979,5,256,16,6.005112171173096
transformer.h.12.mlp.c_fc,256,512,18.778038299752193,-0.0014852825259694669,12.429393291473389,5,256,16,6.011043071746826
transformer.h.12.mlp.c_fc,512,768,18.77704519213303,-0.002478390145132181,12.56352972984314,5,256,16,6.020803451538086
transformer.h.12.mlp.c_fc,768,1024,18.779932052370103,0.0004084700919406714,13.092965364456177,5,256,16,5.9777092933654785
transformer.h.12.mlp.c_fc,1024,1280,18.780218229787923,0.0006946475097606708,12.403607606887817,5,256,16,6.0063323974609375
transformer.h.12.mlp.c_fc,1280,1536,18.777158903106773,-0.0023646791713893833,12.940908432006836,5,256,16,5.99992561340332
transformer.h.12.mlp.c_fc,1536,1792,18.772611129111898,-0.006912453166265209,13.563427209854126,5,256,16,5.970251083374023
transformer.h.12.mlp.c_fc,1792,2048,18.779837641643983,0.0003140593658201851,12.60805606842041,5,256,16,6.021260738372803
transformer.h.12.mlp.c_fc,2048,2304,18.777074866921417,-0.0024487153567456232,13.37955927848816,5,256,16,5.9894514083862305
transformer.h.12.mlp.c_fc,2304,2560,18.775577627706834,-0.003945954571328514,12.73819351196289,5,256,16,5.999698162078857
transformer.h.12.mlp.c_fc,2560,2816,18.787280658387367,0.007757076109204064,12.954113483428955,5,256,16,6.004271984100342
transformer.h.12.mlp.c_fc,2816,3072,18.788708821324544,0.009185239046381355,12.819417953491211,5,256,16,6.042834758758545
transformer.h.12.mlp.c_fc,3072,3328,18.77938542340594,-0.00013815887222179413,12.270765542984009,5,256,16,6.0188517570495605
transformer.h.12.mlp.c_fc,3328,3584,18.77722362529586,-0.0022999569823021204,12.685818910598755,5,256,16,6.03563928604126
transformer.h.12.mlp.c_fc,3584,3840,18.781081521837198,0.0015579395590350487,12.588294982910156,5,256,16,5.993504524230957
transformer.h.12.mlp.c_fc,3840,4096,18.773892257282654,-0.005631324995508891,12.729445695877075,5,256,16,6.050384044647217
transformer.h.12.mlp.c_fc,4096,4352,18.78117772992919,0.001654147651027671,13.079760074615479,5,256,16,6.036407947540283
transformer.h.12.mlp.c_fc,4352,4608,18.777902198435843,-0.0016213838423198013,11.14024043083191,5,256,16,5.992276191711426
transformer.h.12.mlp.c_fc,4608,4864,18.774199700128488,-0.00532388214967483,11.026178121566772,5,256,16,6.075114727020264
transformer.h.12.mlp.c_fc,4864,5120,18.784304505305464,0.004780923027301043,11.04246473312378,5,256,16,5.951867580413818
transformer.h.12.mlp.c_fc,5120,5376,18.77894971791622,-0.0005738643619430661,11.288902044296265,5,256,16,5.966029167175293
transformer.h.12.mlp.c_fc,5376,5632,18.778696946845844,-0.0008266354323183123,12.155499935150146,5,256,16,6.000421047210693
transformer.h.12.mlp.c_fc,5632,5888,18.774513158895477,-0.005010423382685758,13.355892419815063,5,256,16,5.992367744445801
transformer.h.12.mlp.c_fc,5888,6144,18.776337104197015,-0.0031864780811474702,13.605496168136597,5,256,16,6.041517734527588
transformer.h.12.mlp.c_fc,6144,6400,18.781488490550696,0.0019649082725337053,12.624544143676758,5,256,16,5.995962142944336
transformer.h.12.mlp.c_proj,0,256,18.785299276512625,0.005775694234461781,13.154428482055664,5,256,16,10.586526870727539
transformer.h.12.mlp.c_proj,256,512,18.786789996402238,0.007266414124075027,13.248203039169312,5,256,16,10.808475494384766
transformer.h.12.mlp.c_proj,512,768,18.78307576559216,0.0035521833139959824,12.140231847763062,5,256,16,10.604201316833496
transformer.h.12.mlp.c_proj,768,1024,18.77132049815223,-0.00820308412593107,12.938917875289917,5,256,16,10.592529296875
transformer.h.12.mlp.c_proj,1024,1280,18.769766564767426,-0.009757017510736432,13.576895713806152,5,256,16,10.59334659576416
transformer.h.12.mlp.c_proj,1280,1536,18.78103252242657,0.0015089401484082998,13.436866998672485,5,256,16,10.694838523864746
transformer.h.12.mlp.c_proj,1536,1600,18.779737346758377,0.0002137644802147065,13.097447872161865,5,256,16,6.019230365753174
transformer.h.13.attn.c_attn,0,256,18.780265563978713,0.000741981700549843,12.440137147903442,5,256,16,7.048427581787109
transformer.h.13.attn.c_attn,256,512,18.777981633388784,-0.0015419488893790856,13.37777042388916,5,256,16,7.1175360679626465
transformer.h.13.attn.c_attn,512,768,18.78120306139708,0.001679479118916305,13.218112230300903,5,256,16,6.792500019073486
transformer.h.13.attn.c_attn,768,1024,18.77860497279151,-0.0009186094866535655,14.149774551391602,5,256,16,6.939785480499268
transformer.h.13.attn.c_attn,1024,1280,18.77970843532194,0.00018485304377691136,12.509602785110474,5,256,16,6.765703201293945
transformer.h.13.attn.c_attn,1280,1536,18.780496479782247,0.0009728975040843579,12.533036231994629,5,256,16,7.8182854652404785
transformer.h.13.attn.c_attn,1536,1792,18.77833519335864,-0.00118838891952322,13.055596828460693,5,256,16,7.430232048034668
transformer.h.13.attn.c_attn,1792,2048,18.782159157384815,0.0026355751066517996,13.6284339427948,5,256,16,7.499141693115234
transformer.h.13.attn.c_attn,2048,2304,18.777541227729774,-0.0019823545483887983,13.181280851364136,5,256,16,7.395622730255127
transformer.h.13.attn.c_attn,2304,2560,18.779326322421007,-0.00019725985715624006,12.216989040374756,5,256,16,7.461852550506592
transformer.h.13.attn.c_attn,2560,2816,18.778081663066782,-0.0014419192113805934,13.05931305885315,5,256,16,7.151077747344971
transformer.h.13.attn.c_attn,2816,3072,18.780084031609114,0.0005604493309512293,10.977450609207153,5,256,16,8.469141006469727
transformer.h.13.attn.c_attn,3072,3328,18.784104764054774,0.004581181776611487,10.91421127319336,5,256,16,6.3194661140441895
transformer.h.13.attn.c_attn,3328,3584,18.778209706948815,-0.0013138753293482353,10.929244041442871,5,256,16,4.249298572540283
transformer.h.13.attn.c_attn,3584,3840,18.784009564616067,0.004485982337904204,11.147560119628906,5,256,16,4.184351444244385
transformer.h.13.attn.c_attn,3840,4096,18.77722157874101,-0.002302003537153041,12.283263206481934,5,256,16,4.531123161315918
transformer.h.13.attn.c_attn,4096,4352,18.781444735553567,0.0019211532754042082,13.183504581451416,5,256,16,4.273787021636963
transformer.h.13.attn.c_attn,4352,4608,18.773396318078692,-0.006127264199470517,13.54108715057373,5,256,16,4.131951332092285
transformer.h.13.attn.c_attn,4608,4800,18.781313982923983,0.001790400645820256,13.33845829963684,5,256,16,3.816058874130249
transformer.h.13.attn.c_proj,0,256,18.78017780392484,0.0006542216466769446,13.310418367385864,5,256,16,4.958956718444824
transformer.h.13.attn.c_proj,256,512,18.776722865556312,-0.002800716721850449,12.97490930557251,5,256,16,4.968599796295166
transformer.h.13.attn.c_proj,512,768,18.779238566756206,-0.0002850155219569217,13.53027081489563,5,256,16,4.949624061584473
transformer.h.13.attn.c_proj,768,1024,18.781352620103338,0.0018290378251748507,13.232012033462524,5,256,16,4.929964542388916
transformer.h.13.attn.c_proj,1024,1280,18.778036636854218,-0.0014869454239452295,12.36488938331604,5,256,16,4.938449382781982
transformer.h.13.attn.c_proj,1280,1536,18.789276200348194,0.00975261807003136,12.975293397903442,5,256,16,5.000985145568848
transformer.h.13.attn.c_proj,1536,1600,18.781988993559096,0.0024654112809336937,13.026700496673584,5,256,16,2.5556459426879883
transformer.h.13.mlp.c_fc,0,256,18.78258598110226,0.0030623988240989775,12.812952518463135,5,256,16,6.042563438415527
transformer.h.13.mlp.c_fc,256,512,18.78204874263656,0.0025251603583988924,13.160350799560547,5,256,16,5.995712757110596
transformer.h.13.mlp.c_fc,512,768,18.77654827430417,-0.0029753079739940347,13.54032015800476,5,256,16,6.032136917114258
transformer.h.13.mlp.c_fc,768,1024,18.780439422206022,0.0009158399278597074,13.720854759216309,5,256,16,5.977629661560059
transformer.h.13.mlp.c_fc,1024,1280,18.779516674310404,-6.9079677587069455e-06,13.116016387939453,5,256,16,6.049354553222656
transformer.h.13.mlp.c_fc,1280,1536,18.779661102535343,0.00013752025718005711,12.69347071647644,5,256,16,5.942007064819336
transformer.h.13.mlp.c_fc,1536,1792,18.77825895482823,-0.001264627449931055,12.99103593826294,5,256,16,6.046878337860107
transformer.h.13.mlp.c_fc,1792,2048,18.77507358659221,-0.004449995685952501,13.432617425918579,5,256,16,5.997411251068115
transformer.h.13.mlp.c_fc,2048,2304,18.779382225295933,-0.00014135698222972337,12.239776372909546,5,256,16,6.016561508178711
transformer.h.13.mlp.c_fc,2304,2560,18.776956679680723,-0.0025669025974401904,12.620665550231934,5,256,16,5.97605037689209
transformer.h.13.mlp.c_fc,2560,2816,18.77493878570496,-0.004584796573201544,12.699072360992432,5,256,16,6.012157440185547
transformer.h.13.mlp.c_fc,2816,3072,18.774333344699222,-0.0051902375789403266,11.99552583694458,5,256,16,5.937625408172607
transformer.h.13.mlp.c_fc,3072,3328,18.778226847754524,-0.001296734523638321,11.064677238464355,5,256,16,6.0251784324646
transformer.h.13.mlp.c_fc,3328,3584,18.77878636294388,-0.0007372193342831679,10.913253784179688,5,256,16,6.041172981262207
transformer.h.13.mlp.c_fc,3584,3840,18.781783263714225,0.002259681436061811,11.007126092910767,5,256,16,5.981159687042236
transformer.h.13.mlp.c_fc,3840,4096,18.770185563019467,-0.009338019258695596,11.325486898422241,5,256,16,5.991616725921631
transformer.h.13.mlp.c_fc,4096,4352,18.781123868689303,0.0016002864111399617,13.069036483764648,5,256,16,5.971020221710205
transformer.h.13.mlp.c_fc,4352,4608,18.778275967762053,-0.0012476145161102181,12.257871150970459,5,256,16,6.012654781341553
transformer.h.13.mlp.c_fc,4608,4864,18.777530227314017,-0.001993354964145766,12.4072847366333,5,256,16,5.927269458770752
transformer.h.13.mlp.c_fc,4864,5120,18.77704327350609,-0.0024803087720712824,12.720566749572754,5,256,16,5.96770715713501
transformer.h.13.mlp.c_fc,5120,5376,18.778558921973875,-0.0009646603042874347,13.56185269355774,5,256,16,5.9913177490234375
transformer.h.13.mlp.c_fc,5376,5632,18.777572949895006,-0.0019506323831564032,12.776468515396118,5,256,16,6.010519981384277
transformer.h.13.mlp.c_fc,5632,5888,18.780084543325806,0.0005609610476433602,13.695925951004028,5,256,16,6.011882305145264
transformer.h.13.mlp.c_fc,5888,6144,18.780629785378075,0.001106203099912051,12.901796340942383,5,256,16,6.042078018188477
transformer.h.13.mlp.c_fc,6144,6400,18.77776469105881,-0.0017588912193531314,13.300097465515137,5,256,16,6.01816987991333
transformer.h.13.mlp.c_proj,0,256,18.774365573006015,-0.005158009272147268,13.118948698043823,5,256,16,10.672253608703613
transformer.h.13.mlp.c_proj,256,512,18.7818453150781,0.002321732799938303,12.444609880447388,5,256,16,10.874213218688965
transformer.h.13.mlp.c_proj,512,768,18.77788096467281,-0.0016426176053521147,12.854358911514282,5,256,16,10.676939010620117
transformer.h.13.mlp.c_proj,768,1024,18.770652008449993,-0.008871573828169943,12.700013875961304,5,256,16,10.673239707946777
transformer.h.13.mlp.c_proj,1024,1280,18.779866553279344,0.00034297100118152457,12.701095342636108,5,256,16,10.669234275817871
transformer.h.13.mlp.c_proj,1280,1536,18.77681227225461,-0.0027113100235531817,13.093690156936646,5,256,16,10.789447784423828
transformer.h.13.mlp.c_proj,1536,1600,18.776582297087497,-0.00294128519066561,12.937639713287354,5,256,16,5.9337968826293945
transformer.h.14.attn.c_attn,0,256,18.777847451192066,-0.001676131086096433,13.346831798553467,5,256,16,7.214290142059326
transformer.h.14.attn.c_attn,256,512,18.778340949636085,-0.001182632642077408,13.227825164794922,5,256,16,7.159602165222168
transformer.h.14.attn.c_attn,512,768,18.77806938317992,-0.001454199098244402,12.192274808883667,5,256,16,7.021083831787109
transformer.h.14.attn.c_attn,768,1024,18.78233264930859,0.002809067030426604,13.594261884689331,5,256,16,7.881042003631592
transformer.h.14.attn.c_attn,1024,1280,18.781084336428634,0.0015607541504714106,12.288471460342407,5,256,16,6.64302921295166
transformer.h.14.attn.c_attn,1280,1536,18.78028923111885,0.0007656488406873052,12.445614337921143,5,256,16,6.629087924957275
transformer.h.14.attn.c_attn,1536,1792,18.77948315791036,-4.042436780338221e-05,10.887118339538574,5,256,16,7.362670421600342
transformer.h.14.attn.c_attn,1792,2048,18.780758230436515,0.0012346481583520585,11.071431159973145,5,256,16,7.690334796905518
transformer.h.14.attn.c_attn,2048,2304,18.780534987347576,0.001011405069412774,11.023123979568481,5,256,16,7.577725410461426
transformer.h.14.attn.c_attn,2304,2560,18.781880370990798,0.002356788712635449,11.34500002861023,5,256,16,8.257184028625488
transformer.h.14.attn.c_attn,2560,2816,18.77797984258099,-0.0015437396971726969,12.124508380889893,5,256,16,7.161277770996094
transformer.h.14.attn.c_attn,2816,3072,18.77958460277032,6.1020492157837225e-05,12.753531694412231,5,256,16,7.154877662658691
transformer.h.14.attn.c_attn,3072,3328,18.780636693755284,0.0011131114771210093,12.897632837295532,5,256,16,5.97196626663208
transformer.h.14.attn.c_attn,3328,3584,18.77929114335161,-0.00023243892655244736,13.27958345413208,5,256,16,4.7588701248168945
transformer.h.14.attn.c_attn,3584,3840,18.77489095336471,-0.004632628913451953,12.050019979476929,5,256,16,4.467357158660889
transformer.h.14.attn.c_attn,3840,4096,18.78574165567561,0.00621807339744862,12.968989610671997,5,256,16,4.439143180847168
transformer.h.14.attn.c_attn,4096,4352,18.777861010074023,-0.0016625722041396784,12.083006858825684,5,256,16,4.52955436706543
transformer.h.14.attn.c_attn,4352,4608,18.780983651079076,0.0014600688009132057,12.772578001022339,5,256,16,4.59827184677124
transformer.h.14.attn.c_attn,4608,4800,18.778764872340673,-0.000758709937489499,12.49782943725586,5,256,16,4.098276138305664
transformer.h.14.attn.c_proj,0,256,18.781066041591824,0.0015424593136614817,13.241145372390747,5,256,16,4.987101078033447
transformer.h.14.attn.c_proj,256,512,18.77707102966166,-0.002452552616503567,11.817708015441895,5,256,16,4.994149208068848
transformer.h.14.attn.c_proj,512,768,18.775337691705403,-0.004185890572760087,13.126756191253662,5,256,16,4.963752746582031
transformer.h.14.attn.c_proj,768,1024,18.778288631534817,-0.0012349507433455642,13.480785131454468,5,256,16,4.977987766265869
transformer.h.14.attn.c_proj,1024,1280,18.782558472686567,0.0030348904084043227,12.391340732574463,5,256,16,4.982711315155029
transformer.h.14.attn.c_proj,1280,1536,18.776094856254048,-0.0034287260241150364,12.871071338653564,5,256,16,5.036766052246094
transformer.h.14.attn.c_proj,1536,1600,18.77952588493464,2.3026564761607915e-06,13.20508623123169,5,256,16,2.5709245204925537
transformer.h.14.mlp.c_fc,0,256,18.780664711088882,0.0011411288107190387,12.349426031112671,5,256,16,5.981051445007324
transformer.h.14.mlp.c_fc,256,512,18.774745922361383,-0.004777659916779697,12.052316904067993,5,256,16,6.037025451660156
transformer.h.14.mlp.c_fc,512,768,18.781967115464777,0.0024435331866143883,13.188741445541382,5,256,16,5.9862799644470215
transformer.h.14.mlp.c_fc,768,1024,18.780030557292186,0.0005069750140229701,13.502942562103271,5,256,16,5.975525856018066
transformer.h.14.mlp.c_fc,1024,1280,18.781372066660765,0.0018484843826023223,11.260923385620117,5,256,16,6.034046649932861
transformer.h.14.mlp.c_fc,1280,1536,18.77643725301899,-0.0030863292591725155,13.502590894699097,5,256,16,5.956867218017578
transformer.h.14.mlp.c_fc,1536,1792,18.78075605556268,0.0012324732845172548,13.095086574554443,5,256,16,5.930616855621338
transformer.h.14.mlp.c_fc,1792,2048,18.773536351157812,-0.0059872311203506,10.96916389465332,5,256,16,5.972723960876465
transformer.h.14.mlp.c_fc,2048,2304,18.776886458393257,-0.0026371238849058898,11.090590953826904,5,256,16,6.00447940826416
transformer.h.14.mlp.c_fc,2304,2560,18.779188676692286,-0.00033490558587701,10.961364984512329,5,256,16,6.00501012802124
transformer.h.14.mlp.c_fc,2560,2816,18.77648547301267,-0.00303810926549275,10.968520164489746,5,256,16,5.9755353927612305
transformer.h.14.mlp.c_fc,2816,3072,18.777831461957057,-0.0016921203211062164,12.199095249176025,5,256,16,5.8949809074401855
transformer.h.14.mlp.c_fc,3072,3328,18.778790968076326,-0.0007326142018371229,11.993830680847168,5,256,16,5.948428153991699
transformer.h.14.mlp.c_fc,3328,3584,18.77318083542649,-0.006342746851672132,12.248541831970215,5,256,16,5.956336975097656
transformer.h.14.mlp.c_fc,3584,3840,18.779687455369377,0.0001638730912141284,13.028686046600342,5,256,16,5.972530364990234
transformer.h.14.mlp.c_fc,3840,4096,18.77356602040091,-0.005957561877252715,12.606611490249634,5,256,16,5.979905605316162
transformer.h.14.mlp.c_fc,4096,4352,18.77838699991918,-0.0011365823589812862,13.019500494003296,5,256,16,5.954898357391357
transformer.h.14.mlp.c_fc,4352,4608,18.77244143542135,-0.007082146856813409,12.111646890640259,5,256,16,5.962204456329346
transformer.h.14.mlp.c_fc,4608,4864,18.779432115874048,-9.146640411472617e-05,13.41042184829712,5,256,16,5.967156887054443
transformer.h.14.mlp.c_fc,4864,5120,18.776690889015075,-0.002832693263087549,12.730395317077637,5,256,16,5.967227935791016
transformer.h.14.mlp.c_fc,5120,5376,18.774394731997933,-0.005128850280229358,12.77865195274353,5,256,16,5.998686790466309
transformer.h.14.mlp.c_fc,5376,5632,18.777923688051796,-0.0015998942263664162,12.66987419128418,5,256,16,5.997806549072266
transformer.h.14.mlp.c_fc,5632,5888,18.779183303924082,-0.00034027835408068086,13.504280090332031,5,256,16,5.974613666534424
transformer.h.14.mlp.c_fc,5888,6144,18.780466159927556,0.0009425776493934279,12.400421857833862,5,256,16,6.044813632965088
transformer.h.14.mlp.c_fc,6144,6400,18.778167110835202,-0.0013564714429605829,12.91210150718689,5,256,16,5.9498138427734375
transformer.h.14.mlp.c_proj,0,256,18.77406234775237,-0.005461234525792946,12.527689456939697,5,256,16,10.742151260375977
transformer.h.14.mlp.c_proj,256,512,18.776968447208137,-0.0025551350700254716,13.086453676223755,5,256,16,10.948451042175293
transformer.h.14.mlp.c_proj,512,768,18.779169232395578,-0.0003543498825848701,12.882057189941406,5,256,16,10.714810371398926
transformer.h.14.mlp.c_proj,768,1024,18.78101269241422,0.0014891101360561265,12.640573501586914,5,256,16,10.727649688720703
transformer.h.14.mlp.c_proj,1024,1280,18.784468164197698,0.004944581919534841,12.995307922363281,5,256,16,10.73593521118164
transformer.h.14.mlp.c_proj,1280,1536,18.777559774956963,-0.0019638073212000506,12.593177795410156,5,256,16,10.798232078552246
transformer.h.14.mlp.c_proj,1536,1600,18.780492513891293,0.0009689316131300529,12.734395503997803,5,256,16,5.7522993087768555
transformer.h.15.attn.c_attn,0,256,18.779905443336933,0.00038186105877002774,13.220829010009766,5,256,16,6.981045722961426
transformer.h.15.attn.c_attn,256,512,18.780228975918067,0.0007053936399046279,11.745882272720337,5,256,16,6.840386867523193
transformer.h.15.attn.c_attn,512,768,18.779205562545236,-0.0003180197329264445,11.00724196434021,5,256,16,6.776059150695801
transformer.h.15.attn.c_attn,768,1024,18.781778401966537,0.0022548196883747096,10.982458591461182,5,256,16,6.574888229370117
transformer.h.15.attn.c_attn,1024,1280,18.781266390216285,0.0017428079381218708,10.974253416061401,5,256,16,7.995519161224365
transformer.h.15.attn.c_attn,1280,1536,18.7787500336052,-0.000773548672963642,11.525447607040405,5,256,16,7.031148433685303
transformer.h.15.attn.c_attn,1536,1792,18.782607731971094,0.0030841496929312484,13.386237621307373,5,256,16,7.253730297088623
transformer.h.15.attn.c_attn,1792,2048,18.778961102928104,-0.0005624793500587089,13.20292067527771,5,256,16,7.40571928024292
transformer.h.15.attn.c_attn,2048,2304,18.77971700640686,0.0001934241286960514,12.311872005462646,5,256,16,7.393249034881592
transformer.h.15.attn.c_attn,2304,2560,18.78133867488705,0.0018150926088864594,12.486294031143188,5,256,16,6.848446846008301
transformer.h.15.attn.c_attn,2560,2816,18.779285386782895,-0.0002381954952674903,13.32237696647644,5,256,16,7.238461494445801
transformer.h.15.attn.c_attn,2816,3072,18.778411688034122,-0.0011118942440404567,12.406744003295898,5,256,16,8.439828872680664
transformer.h.15.attn.c_attn,3072,3328,18.778068999433582,-0.0014545828445804432,12.72897982597351,5,256,16,6.2089643478393555
transformer.h.15.attn.c_attn,3328,3584,18.781522394346634,0.0019988120684715227,13.181482315063477,5,256,16,4.731088161468506
transformer.h.15.attn.c_attn,3584,3840,18.780546629185196,0.0010230469070329207,12.609019994735718,5,256,16,4.7480149269104
transformer.h.15.attn.c_attn,3840,4096,18.77627289667646,-0.0032506856017029406,12.433204889297485,5,256,16,4.719899654388428
transformer.h.15.attn.c_attn,4096,4352,18.77881335415297,-0.0007102281251931686,12.421768426895142,5,256,16,4.589982509613037
transformer.h.15.attn.c_attn,4352,4608,18.78102062441665,0.00149704213848878,13.249900341033936,5,256,16,4.4286580085754395
transformer.h.15.attn.c_attn,4608,4800,18.77861891597801,-0.0009046663001512911,12.578330278396606,5,256,16,4.203258514404297
transformer.h.15.attn.c_proj,0,256,18.782203041989927,0.0026794597117643093,12.602872848510742,5,256,16,5.270102500915527
transformer.h.15.attn.c_proj,256,512,18.78286746488046,0.0033438826022980095,12.903196811676025,5,256,16,5.283032417297363
transformer.h.15.attn.c_proj,512,768,18.77969845704889,0.00017487477072819502,12.79355001449585,5,256,16,5.2535481452941895
transformer.h.15.attn.c_proj,768,1024,18.7811975601158,0.0016739778376368974,12.585784196853638,5,256,16,5.251613140106201
transformer.h.15.attn.c_proj,1024,1280,18.775353295126134,-0.004170287152028607,13.872503519058228,5,256,16,5.242806911468506
transformer.h.15.attn.c_proj,1280,1536,18.7759984183968,-0.003525163881363369,12.424052476882935,5,256,16,5.304269313812256
transformer.h.15.attn.c_proj,1536,1600,18.780632855767628,0.0011092734894653233,11.699128150939941,5,256,16,2.7312281131744385
transformer.h.15.mlp.c_fc,0,256,18.776819946669153,-0.002703635609009325,13.440261363983154,5,256,16,6.013632297515869
transformer.h.15.mlp.c_fc,256,512,18.774209419701556,-0.0053141625766066625,13.307169198989868,5,256,16,5.979859352111816
transformer.h.15.mlp.c_fc,512,768,18.773393504639404,-0.00613007763875828,11.695155382156372,5,256,16,5.987163066864014
transformer.h.15.mlp.c_fc,768,1024,18.777462562107708,-0.0020610201704549524,11.00555968284607,5,256,16,6.047904968261719
transformer.h.15.mlp.c_fc,1024,1280,18.78084061996036,0.0013170376821989294,11.059120655059814,5,256,16,6.007792949676514
transformer.h.15.mlp.c_fc,1280,1536,18.77372383086984,-0.005799751408321896,10.816418170928955,5,256,16,6.057766437530518
transformer.h.15.mlp.c_fc,1536,1792,18.7782166144358,-0.0013069678423640596,11.4183509349823,5,256,16,5.96052885055542
transformer.h.15.mlp.c_fc,1792,2048,18.778791991439256,-0.000731590838906726,13.0402991771698,5,256,16,6.000009059906006
transformer.h.15.mlp.c_fc,2048,2304,18.782917108820754,0.0033935265425917294,12.48118543624878,5,256,16,5.996094226837158
transformer.h.15.mlp.c_fc,2304,2560,18.779147869277008,-0.00037571300115502027,13.214134216308594,5,256,16,6.009149074554443
transformer.h.15.mlp.c_fc,2560,2816,18.781048386451523,0.0015248041733606499,12.988412141799927,5,256,16,6.038807392120361
transformer.h.15.mlp.c_fc,2816,3072,18.774326310750723,-0.00519727152743954,12.765829801559448,5,256,16,5.972586631774902
transformer.h.15.mlp.c_fc,3072,3328,18.77830103948208,-0.0012225427960821378,12.399030685424805,5,256,16,5.971344947814941
transformer.h.15.mlp.c_fc,3328,3584,18.778795573209916,-0.0007280090682471041,13.116025686264038,5,256,16,6.072039604187012
transformer.h.15.mlp.c_fc,3584,3840,18.77742738652967,-0.002096195748492846,12.864975929260254,5,256,16,6.033585548400879
transformer.h.15.mlp.c_fc,3840,4096,18.779521279621957,-2.302656206154552e-06,13.852957963943481,5,256,16,6.028750419616699
transformer.h.15.mlp.c_fc,4096,4352,18.783410484596207,0.0038869023180438944,12.557276487350464,5,256,16,5.988922595977783
transformer.h.15.mlp.c_fc,4352,4608,18.779367258148348,-0.00015632412981503307,12.890858173370361,5,256,16,5.91080379486084
transformer.h.15.mlp.c_fc,4608,4864,18.7782603619124,-0.0012632203657645391,13.579571723937988,5,256,16,5.952768802642822
transformer.h.15.mlp.c_fc,4864,5120,18.77667004033951,-0.002853541938652171,12.999711036682129,5,256,16,6.0008416175842285
transformer.h.15.mlp.c_fc,5120,5376,18.78032338861152,0.0007998063333580774,12.918466806411743,5,256,16,6.0011444091796875
transformer.h.15.mlp.c_fc,5376,5632,18.772298213605673,-0.007225368672489907,12.847438335418701,5,256,16,6.0425238609313965
transformer.h.15.mlp.c_fc,5632,5888,18.778801841310223,-0.0007217409679398656,12.015360116958618,5,256,16,5.957714080810547
transformer.h.15.mlp.c_fc,5888,6144,18.77737430350939,-0.002149278768772689,12.265318155288696,5,256,16,6.003542900085449
transformer.h.15.mlp.c_fc,6144,6400,18.781494887488645,0.001971305210481944,12.647547245025635,5,256,16,5.996271133422852
transformer.h.15.mlp.c_proj,0,256,18.777765586452432,-0.0017579958257307737,12.919031143188477,5,256,16,10.718753814697266
transformer.h.15.mlp.c_proj,256,512,18.772857680025652,-0.006665902252510847,12.847765684127808,5,256,16,10.88769245147705
transformer.h.15.mlp.c_proj,512,768,18.78615384418991,0.006630261911748647,13.185942888259888,5,256,16,10.697998046875
transformer.h.15.mlp.c_proj,768,1024,18.769708389063613,-0.009815193214549822,13.552891492843628,5,256,16,10.689779281616211
transformer.h.15.mlp.c_proj,1024,1280,18.774185632334284,-0.005337949943879039,11.053653001785278,5,256,16,10.71872329711914
transformer.h.15.mlp.c_proj,1280,1536,18.77685384203758,-0.0026697402405844173,10.95546293258667,5,256,16,10.826990127563477
transformer.h.15.mlp.c_proj,1536,1600,18.774337948739664,-0.0051856335384989904,10.892047882080078,5,256,16,5.912574768066406
transformer.h.16.attn.c_attn,0,256,18.779166673936984,-0.00035690834117829695,11.262242317199707,5,256,16,7.022874355316162
transformer.h.16.attn.c_attn,256,512,18.777407176591005,-0.002116405687157652,11.732270002365112,5,256,16,6.820755958557129
transformer.h.16.attn.c_attn,512,768,18.779299458398434,-0.00022412387972892134,13.833505868911743,5,256,16,6.291445732116699
transformer.h.16.attn.c_attn,768,1024,18.775821531678215,-0.0037020505999478814,13.352897882461548,5,256,16,6.796759605407715
transformer.h.16.attn.c_attn,1024,1280,18.78362007086248,0.00409648858431666,13.410311698913574,5,256,16,6.886491298675537
transformer.h.16.attn.c_attn,1280,1536,18.78481813541726,0.005294553139098213,12.273731470108032,5,256,16,7.1817145347595215
transformer.h.16.attn.c_attn,1536,1792,18.780118060799165,0.0005944785210019177,12.529329061508179,5,256,16,6.867243766784668
transformer.h.16.attn.c_attn,1792,2048,18.778118374859762,-0.001405207418400778,13.658374786376953,5,256,16,7.570580959320068
transformer.h.16.attn.c_attn,2048,2304,18.77768052424949,-0.0018430580286725728,12.411128044128418,5,256,16,6.936140060424805
transformer.h.16.attn.c_attn,2304,2560,18.77419867701583,-0.005324905262334312,12.258222579956055,5,256,16,6.5231709480285645
transformer.h.16.attn.c_attn,2560,2816,18.77889266503926,-0.0006309172389045159,12.90398097038269,5,256,16,7.320727825164795
transformer.h.16.attn.c_attn,2816,3072,18.77475717693178,-0.004766405346384062,12.282129526138306,5,256,16,7.391950607299805
transformer.h.16.attn.c_attn,3072,3328,18.778808109412623,-0.0007154728655400788,12.018725156784058,5,256,16,5.790627956390381
transformer.h.16.attn.c_attn,3328,3584,18.77535879469555,-0.004164787582613627,13.025254249572754,5,256,16,4.494370460510254
transformer.h.16.attn.c_attn,3584,3840,18.781089581804707,0.0015659995265444593,13.1728994846344,5,256,16,4.3472700119018555
transformer.h.16.attn.c_attn,3840,4096,18.780264796396292,0.0007412141181291076,12.216933965682983,5,256,16,4.420839786529541
transformer.h.16.attn.c_attn,4096,4352,18.77577842938252,-0.0037451528956431446,12.676098585128784,5,256,16,4.387729644775391
transformer.h.16.attn.c_attn,4352,4608,18.777890686151704,-0.0016328961264591157,12.73904037475586,5,256,16,4.525228023529053
transformer.h.16.attn.c_attn,4608,4800,18.7859484526324,0.006424870354237555,12.74407696723938,5,256,16,3.8011467456817627
transformer.h.16.attn.c_proj,0,256,18.78078381720647,0.001260234928306403,12.58553171157837,5,256,16,5.305307388305664
transformer.h.16.attn.c_proj,256,512,18.7760370446409,-0.0034865376372614776,12.989432573318481,5,256,16,5.300895690917969
transformer.h.16.attn.c_proj,512,768,18.77334017725627,-0.006183405021893407,12.684568643569946,5,256,16,5.28355073928833
transformer.h.16.attn.c_proj,768,1024,18.779745022368452,0.00022144009028934875,12.492807626724243,5,256,16,5.303752899169922
transformer.h.16.attn.c_proj,1024,1280,18.78543683906455,0.005913256786385546,12.596599102020264,5,256,16,5.273861885070801
transformer.h.16.attn.c_proj,1280,1536,18.786598163080356,0.007074580802193253,11.058271884918213,5,256,16,5.323197364807129
transformer.h.16.attn.c_proj,1536,1600,18.781624106101663,0.0021005238235005663,11.140772342681885,5,256,16,2.7087631225585938
transformer.h.16.mlp.c_fc,0,256,18.781595191760555,0.002071609482392489,11.033466339111328,5,256,16,6.008957386016846
transformer.h.16.mlp.c_fc,256,512,18.775489122172417,-0.004034460105746263,10.94092059135437,5,256,16,6.005272388458252
transformer.h.16.mlp.c_fc,512,768,18.782234899974497,0.002711317696334703,10.97849702835083,5,256,16,6.014803886413574
transformer.h.16.mlp.c_fc,768,1024,18.774941855164112,-0.004581727114050693,10.874960899353027,5,256,16,5.965883731842041
transformer.h.16.mlp.c_fc,1024,1280,18.779896744238112,0.00037316195994918644,10.986695289611816,5,256,16,5.950450897216797
transformer.h.16.mlp.c_fc,1280,1536,18.781304131735343,0.0017805494571803138,11.121236562728882,5,256,16,6.021981239318848
transformer.h.16.mlp.c_fc,1536,1792,18.77584570481911,-0.003677877459054457,10.970877408981323,5,256,16,5.999050617218018
transformer.h.16.mlp.c_fc,1792,2048,18.787110448161542,0.00758686588337909,10.950254440307617,5,256,16,6.010566234588623
transformer.h.16.mlp.c_fc,2048,2304,18.772801029295763,-0.006722552982399321,10.946791887283325,5,256,16,5.928865909576416
transformer.h.16.mlp.c_fc,2304,2560,18.775028056013507,-0.004495526264655325,10.911705493927002,5,256,16,6.0738420486450195
transformer.h.16.mlp.c_fc,2560,2816,18.778549072230327,-0.000974510047836219,10.9784996509552,5,256,16,6.0009260177612305
transformer.h.16.mlp.c_fc,2816,3072,18.778742230481765,-0.0007813517963981553,10.983201742172241,5,256,16,5.984899044036865
transformer.h.16.mlp.c_fc,3072,3328,18.784167718787337,0.004644136509174501,10.956574201583862,5,256,16,5.960660934448242
transformer.h.16.mlp.c_fc,3328,3584,18.777453352495453,-0.002070229782709987,10.987527132034302,5,256,16,5.968323230743408
transformer.h.16.mlp.c_fc,3584,3840,18.783437226547644,0.0039136442694811535,10.88283658027649,5,256,16,6.005681037902832
transformer.h.16.mlp.c_fc,3840,4096,18.77785256775014,-0.0016710145280214306,10.932894468307495,5,256,16,6.023906707763672
transformer.h.16.mlp.c_fc,4096,4352,18.780038872666395,0.0005152903882326143,10.901644229888916,5,256,16,6.002352714538574
transformer.h.16.mlp.c_fc,4352,4608,18.769411887563624,-0.010111694714538544,10.857276678085327,5,256,16,6.0689921379089355
transformer.h.16.mlp.c_fc,4608,4864,18.77012201584125,-0.00940156643691381,10.94593071937561,5,256,16,5.914804935455322
transformer.h.16.mlp.c_fc,4864,5120,18.776895667727473,-0.0026279145506897805,10.909499645233154,5,256,16,5.962832927703857
transformer.h.16.mlp.c_fc,5120,5376,18.772619441200952,-0.006904141077210824,10.867121458053589,5,256,16,5.946136474609375
transformer.h.16.mlp.c_fc,5376,5632,18.77839825667223,-0.0011253256059333694,10.778717994689941,5,256,16,5.971826553344727
transformer.h.16.mlp.c_fc,5632,5888,18.779625155282535,0.00010157300437185768,10.888662815093994,5,256,16,6.01018762588501
transformer.h.16.mlp.c_fc,5888,6144,18.7879990137187,0.008475431440537307,10.98883605003357,5,256,16,6.02456521987915
transformer.h.16.mlp.c_fc,6144,6400,18.775469425910817,-0.00405415636734574,10.862042427062988,5,256,16,6.05592155456543
transformer.h.16.mlp.c_proj,0,256,18.783886087568202,0.0043625052900395644,10.881253242492676,5,256,16,10.814215660095215
transformer.h.16.mlp.c_proj,256,512,18.783657049390253,0.004133467112090727,10.975393533706665,5,256,16,10.965901374816895
transformer.h.16.mlp.c_proj,512,768,18.781935129992643,0.0024115477144803776,11.056575775146484,5,256,16,10.797738075256348
transformer.h.16.mlp.c_proj,768,1024,18.77774435284388,-0.001779229434283991,10.91188645362854,5,256,16,10.82534408569336
transformer.h.16.mlp.c_proj,1024,1280,18.781796313674757,0.0022727313965944518,10.996846437454224,5,256,16,10.8204927444458
transformer.h.16.mlp.c_proj,1280,1536,18.77099737477463,-0.00852620750353239,11.001020431518555,5,256,16,10.925893783569336
transformer.h.16.mlp.c_proj,1536,1600,18.774003647183047,-0.005519935095115613,10.834226131439209,5,256,16,5.7919487953186035
transformer.h.17.attn.c_attn,0,256,18.78151369449882,0.0019901122206569255,10.854788780212402,5,256,16,6.542159557342529
transformer.h.17.attn.c_attn,256,512,18.775631217243316,-0.003892365034847245,11.070137739181519,5,256,16,6.916823387145996
transformer.h.17.attn.c_attn,512,768,18.778690934619917,-0.0008326476582460884,10.98949933052063,5,256,16,6.429555892944336
transformer.h.17.attn.c_attn,768,1024,18.784969642347775,0.005446060069612457,10.988483190536499,5,256,16,6.703505039215088
transformer.h.17.attn.c_attn,1024,1280,18.78132907956076,0.001805497282596491,10.933108806610107,5,256,16,6.69162130355835
transformer.h.17.attn.c_attn,1280,1536,18.781713280257037,0.00218969797887425,10.92954397201538,5,256,16,6.481686115264893
transformer.h.17.attn.c_attn,1536,1792,18.77662437798372,-0.0028992042944437912,10.845136880874634,5,256,16,7.105940341949463
transformer.h.17.attn.c_attn,1792,2048,18.787848378229715,0.008324795951551778,10.901591539382935,5,256,16,7.100442886352539
transformer.h.17.attn.c_attn,2048,2304,18.775563814676875,-0.003959767601287467,10.923287630081177,5,256,16,6.884348392486572
transformer.h.17.attn.c_attn,2304,2560,18.775528642655743,-0.00399493962241948,10.929932832717896,5,256,16,6.360919952392578
transformer.h.17.attn.c_attn,2560,2816,18.780240745496233,0.0007171632180700271,10.876665592193604,5,256,16,7.387547016143799
transformer.h.17.attn.c_attn,2816,3072,18.77838009236952,-0.0011434899086424366,10.828098773956299,5,256,16,7.251006603240967
transformer.h.17.attn.c_attn,3072,3328,18.77108624273908,-0.00843733953908199,10.909160137176514,5,256,16,5.989468574523926
transformer.h.17.attn.c_attn,3328,3584,18.780790213904407,0.0012666316262439636,10.885661125183105,5,256,16,4.499760150909424
transformer.h.17.attn.c_attn,3584,3840,18.769169473258547,-0.010354109019615976,10.935096740722656,5,256,16,4.698705673217773
transformer.h.17.attn.c_attn,3840,4096,18.78097878953838,0.0014552072602178612,10.916853189468384,5,256,16,4.473977565765381
transformer.h.17.attn.c_attn,4096,4352,18.782325868251974,0.0028022859738108252,10.953847646713257,5,256,16,4.6790008544921875
transformer.h.17.attn.c_attn,4352,4608,18.77790488463649,-0.0016186976416712184,10.881589889526367,5,256,16,4.50426721572876
transformer.h.17.attn.c_attn,4608,4800,18.772010622384784,-0.00751295989337919,10.890368223190308,5,256,16,3.8437697887420654
transformer.h.17.attn.c_proj,0,256,18.77907725602809,-0.000446326250074236,11.030696153640747,5,256,16,5.5668745040893555
transformer.h.17.attn.c_proj,256,512,18.782534290903254,0.0030107086250907855,11.103071212768555,5,256,16,5.564766883850098
transformer.h.17.attn.c_proj,512,768,18.777866766206113,-0.001656816072049594,11.285582304000854,5,256,16,5.5579376220703125
transformer.h.17.attn.c_proj,768,1024,18.783678801499427,0.004155219221264161,10.981531858444214,5,256,16,5.537869453430176
transformer.h.17.attn.c_proj,1024,1280,18.777874313137527,-0.0016492691406355675,10.903614521026611,5,256,16,5.55023193359375
transformer.h.17.attn.c_proj,1280,1536,18.78212013471712,0.002596552438955513,10.862478017807007,5,256,16,5.591060638427734
transformer.h.17.attn.c_proj,1536,1600,18.77741971186685,-0.002103870411310993,10.89622950553894,5,256,16,2.8293652534484863
transformer.h.17.mlp.c_fc,0,256,18.778430875710637,-0.001092706567526136,10.91260838508606,5,256,16,5.963622570037842
transformer.h.17.mlp.c_fc,256,512,18.77771032795494,-0.0018132543232241005,10.86267900466919,5,256,16,5.926239490509033
transformer.h.17.mlp.c_fc,512,768,18.78140417911218,0.0018805968340167567,10.9300217628479,5,256,16,5.977040767669678
transformer.h.17.mlp.c_fc,768,1024,18.77899935150174,-0.0005242307764241616,10.962360382080078,5,256,16,5.953139305114746
transformer.h.17.mlp.c_fc,1024,1280,18.77846439023264,-0.001059192045524071,10.96527910232544,5,256,16,5.927730560302734
transformer.h.17.mlp.c_fc,1280,1536,18.781539794054357,0.0020162117761941545,10.833043098449707,5,256,16,5.9552764892578125
transformer.h.17.mlp.c_fc,1536,1792,18.78002953386177,0.0005059515836087769,10.89682650566101,5,256,16,5.990798473358154
transformer.h.17.mlp.c_fc,1792,2048,18.781960590424042,0.002437008145879105,10.967747449874878,5,256,16,5.923848628997803
transformer.h.17.mlp.c_fc,2048,2304,18.78273670234612,0.003213120067957931,10.918391466140747,5,256,16,5.934877872467041
transformer.h.17.mlp.c_fc,2304,2560,18.78034961444393,0.0008260321657687086,10.923003435134888,5,256,16,5.9987897872924805
transformer.h.17.mlp.c_fc,2560,2816,18.77961210683056,8.852455239605206e-05,10.906174659729004,5,256,16,5.97957181930542
transformer.h.17.mlp.c_fc,2816,3072,18.778247953992015,-0.0012756282861481338,10.9971284866333,5,256,16,5.954904079437256
transformer.h.17.mlp.c_fc,3072,3328,18.77529957848632,-0.0042240037918439555,10.91472840309143,5,256,16,6.054829120635986
transformer.h.17.mlp.c_fc,3328,3584,18.781848897431143,0.0023253151529800675,10.890600204467773,5,256,16,6.008118629455566
transformer.h.17.mlp.c_fc,3584,3840,18.776117750725277,-0.003405831552885985,10.889739751815796,5,256,16,5.915372371673584
transformer.h.17.mlp.c_fc,3840,4096,18.782073435565625,0.002549853287462156,10.903988122940063,5,256,16,6.010308742523193
transformer.h.17.mlp.c_fc,4096,4352,18.780380829628783,0.0008572473506198719,10.911935329437256,5,256,16,5.927567481994629
transformer.h.17.mlp.c_fc,4352,4608,18.780667909417296,0.001144327139133594,10.897349834442139,5,256,16,5.970254898071289
transformer.h.17.mlp.c_fc,4608,4864,18.7810175539637,0.001493971685537332,10.905778169631958,5,256,16,5.998615741729736
transformer.h.17.mlp.c_fc,4864,5120,18.783902593779416,0.004379011501253416,10.912071943283081,5,256,16,5.978740692138672
transformer.h.17.mlp.c_fc,5120,5376,18.77732429048781,-0.0021992917903510545,10.825971841812134,5,256,16,5.951396465301514
transformer.h.17.mlp.c_fc,5376,5632,18.781764072612255,0.0022404903340920157,10.873387813568115,5,256,16,5.983672618865967
transformer.h.17.mlp.c_fc,5632,5888,18.77947880845825,-4.4773819912080626e-05,10.964380741119385,5,256,16,5.997312068939209
transformer.h.17.mlp.c_fc,5888,6144,18.779147997199804,-0.0003755850783591086,10.944499015808105,5,256,16,5.950780391693115
transformer.h.17.mlp.c_fc,6144,6400,18.77879071223561,-0.0007328700425510704,10.877659797668457,5,256,16,5.974067211151123
transformer.h.17.mlp.c_proj,0,256,18.775777406183828,-0.0037461760943351408,10.844441890716553,5,256,16,11.141843795776367
transformer.h.17.mlp.c_proj,256,512,18.787655766216112,0.008132183937949122,11.019476413726807,5,256,16,11.168907165527344
transformer.h.17.mlp.c_proj,512,768,18.78216273979771,0.0026391575195461314,10.867088794708252,5,256,16,11.114789009094238
transformer.h.17.mlp.c_proj,768,1024,18.774471977967337,-0.005051604310825297,11.015955924987793,5,256,16,11.110025405883789
transformer.h.17.mlp.c_proj,1024,1280,18.782182315137415,0.002658732859252666,10.898130178451538,5,256,16,11.119603157043457
transformer.h.17.mlp.c_proj,1280,1536,18.778468995286136,-0.0010545869920264295,10.959113359451294,5,256,16,11.19471549987793
transformer.h.17.mlp.c_proj,1536,1600,18.77545829881113,-0.004065283467031833,11.000630140304565,5,256,16,5.7994561195373535
transformer.h.18.attn.c_attn,0,256,18.776995947436827,-0.0025276348413356686,10.918140649795532,5,256,16,7.027516841888428
transformer.h.18.attn.c_attn,256,512,18.77800056479591,-0.0015230174822526976,10.890177249908447,5,256,16,6.555833339691162
transformer.h.18.attn.c_attn,512,768,18.782170288455703,0.002646706177539926,10.91492509841919,5,256,16,6.473591327667236
transformer.h.18.attn.c_attn,768,1024,18.77817197164808,-0.001351610630081268,10.968947172164917,5,256,16,6.249899387359619
transformer.h.18.attn.c_attn,1024,1280,18.78152994274727,0.0020063604691067383,11.10217571258545,5,256,16,6.476474285125732
transformer.h.18.attn.c_attn,1280,1536,18.778291189873787,-0.0012323924043755596,11.015446901321411,5,256,16,6.710459232330322
transformer.h.18.attn.c_attn,1536,1792,18.783286627633434,0.003763045355270833,10.96281909942627,5,256,16,7.081186771392822
transformer.h.18.attn.c_attn,1792,2048,18.778748882324493,-0.0007746999536699661,11.096947193145752,5,256,16,7.092332363128662
transformer.h.18.attn.c_attn,2048,2304,18.776478054544043,-0.003045527734119702,10.885268688201904,5,256,16,7.014059066772461
transformer.h.18.attn.c_attn,2304,2560,18.77818680992678,-0.0013367723513830754,10.910352230072021,5,256,16,6.627596378326416
transformer.h.18.attn.c_attn,2560,2816,18.77839352371842,-0.0011300585597417978,10.915693044662476,5,256,16,7.131744861602783
transformer.h.18.attn.c_attn,2816,3072,18.779143136134273,-0.0003804461438896567,10.901381731033325,5,256,16,7.193126678466797
transformer.h.18.attn.c_attn,3072,3328,18.77451673985002,-0.0050068424281413115,10.861218690872192,5,256,16,6.082667350769043
transformer.h.18.attn.c_attn,3328,3584,18.77937698039671,-0.00014660188145398934,10.88792610168457,5,256,16,4.778574466705322
transformer.h.18.attn.c_attn,3584,3840,18.777781319804372,-0.0017422624737903902,10.994409561157227,5,256,16,4.790828227996826
transformer.h.18.attn.c_attn,3840,4096,18.77748814438766,-0.0020354378905018677,10.945169687271118,5,256,16,4.9245123863220215
transformer.h.18.attn.c_attn,4096,4352,18.7782603619124,-0.0012632203657645391,10.932011604309082,5,256,16,4.881065845489502
transformer.h.18.attn.c_attn,4352,4608,18.7741433011262,-0.005380281151964539,10.912056684494019,5,256,16,4.795025825500488
transformer.h.18.attn.c_attn,4608,4800,18.780475115153806,0.0009515328756428687,10.916712999343872,5,256,16,4.132724285125732
transformer.h.18.attn.c_proj,0,256,18.774809101514357,-0.00471448076380554,10.936514854431152,5,256,16,5.5576910972595215
transformer.h.18.attn.c_proj,256,512,18.7807573349002,0.0012337526220385087,10.957394123077393,5,256,16,5.556208610534668
transformer.h.18.attn.c_proj,512,768,18.781493736039657,0.001970153761494231,10.83893871307373,5,256,16,5.547245025634766
transformer.h.18.attn.c_proj,768,1024,18.772750516938117,-0.006773065340045292,10.97475266456604,5,256,16,5.546108245849609
transformer.h.18.attn.c_proj,1024,1280,18.77915273034377,-0.0003708519343916805,10.962102890014648,5,256,16,5.548475742340088
transformer.h.18.attn.c_proj,1280,1536,18.780153369347264,0.0006297870691014396,10.995990991592407,5,256,16,5.5775275230407715
transformer.h.18.attn.c_proj,1536,1600,18.780519507552683,0.0009959252745197489,10.867610931396484,5,256,16,2.8326165676116943
transformer.h.18.mlp.c_fc,0,256,18.777068087763045,-0.002455494515118062,10.836934804916382,5,256,16,5.970051288604736
transformer.h.18.mlp.c_fc,256,512,18.777277219530376,-0.0022463627477868897,10.901247501373291,5,256,16,5.901554107666016
transformer.h.18.mlp.c_fc,512,768,18.781821645976972,0.0022980636988094716,10.844479084014893,5,256,16,5.916547775268555
transformer.h.18.mlp.c_fc,768,1024,18.777966283613228,-0.0015572986649345921,10.890314817428589,5,256,16,5.951798439025879
transformer.h.18.mlp.c_fc,1024,1280,18.777479062674292,-0.0020445196038707536,10.919739007949829,5,256,16,5.922084808349609
transformer.h.18.mlp.c_fc,1280,1536,18.782053476511642,0.0025298942334792685,10.934687852859497,5,256,16,6.016276836395264
transformer.h.18.mlp.c_fc,1536,1792,18.783165586390727,0.003642004112563768,10.85757827758789,5,256,16,5.947431564331055
transformer.h.18.mlp.c_fc,1792,2048,18.783049152104702,0.0035255698265395097,10.899061441421509,5,256,16,5.999689102172852
transformer.h.18.mlp.c_fc,2048,2304,18.780397332759776,0.0008737504816132002,10.866311073303223,5,256,16,5.90762186050415
transformer.h.18.mlp.c_fc,2304,2560,18.77591080618401,-0.0036127760941511156,10.894716262817383,5,256,16,5.967652797698975
transformer.h.18.mlp.c_fc,2560,2816,18.779470621257005,-5.296102115792678e-05,10.946966409683228,5,256,16,5.8885884284973145
transformer.h.18.mlp.c_fc,2816,3072,18.77217685954739,-0.007346722730773081,10.951656103134155,5,256,16,5.970221996307373
transformer.h.18.mlp.c_fc,3072,3328,18.77622045643412,-0.0033031258440416877,10.972011804580688,5,256,16,5.938689231872559
transformer.h.18.mlp.c_fc,3328,3584,18.781767015246626,0.002243432968462855,11.129184246063232,5,256,16,5.9773054122924805
transformer.h.18.mlp.c_fc,3584,3840,18.775768197398076,-0.003755384880086865,11.053362131118774,5,256,16,6.016024112701416
transformer.h.18.mlp.c_fc,3840,4096,18.778540757515756,-0.000982824762406409,10.958184480667114,5,256,16,5.910702705383301
transformer.h.18.mlp.c_fc,4096,4352,18.776977017042526,-0.0025465652356366775,10.965678691864014,5,256,16,5.979271411895752
transformer.h.18.mlp.c_fc,4352,4608,18.775773313389607,-0.0037502688885560076,10.90494441986084,5,256,16,5.925718307495117
transformer.h.18.mlp.c_fc,4608,4864,18.77365784189001,-0.005865740388152574,10.93732476234436,5,256,16,5.9250168800354
transformer.h.18.mlp.c_fc,4864,5120,18.780980324761625,0.001456742483462392,10.947146654129028,5,256,16,5.944518566131592
transformer.h.18.mlp.c_fc,5120,5376,18.777526006225965,-0.001997576052197303,10.97146224975586,5,256,16,5.997598648071289
transformer.h.18.mlp.c_fc,5376,5632,18.781517020910748,0.001993438632585054,10.965861320495605,5,256,16,5.939875602722168
transformer.h.18.mlp.c_fc,5632,5888,18.780023265351673,0.0004996830735102264,10.945108890533447,5,256,16,5.902545928955078
transformer.h.18.mlp.c_fc,5888,6144,18.77683798155568,-0.002685600722482917,10.988956212997437,5,256,16,5.947671413421631
transformer.h.18.mlp.c_fc,6144,6400,18.778395058730336,-0.0011285235478268874,10.876376390457153,5,256,16,5.943098545074463
transformer.h.18.mlp.c_proj,0,256,18.782854925967847,0.0033313436896840187,10.933789730072021,5,256,16,11.238550186157227
transformer.h.18.mlp.c_proj,256,512,18.774434505959043,-0.005089076319119812,10.876107692718506,5,256,16,11.287664413452148
transformer.h.18.mlp.c_proj,512,768,18.776991086928366,-0.002532495349797159,10.916790246963501,5,256,16,11.244260787963867
transformer.h.18.mlp.c_proj,768,1024,18.782386514015055,0.002862931736892449,10.954553842544556,5,256,16,11.256851196289062
transformer.h.18.mlp.c_proj,1024,1280,18.779410496607255,-0.00011308567090750898,10.973412036895752,5,256,16,11.213204383850098
transformer.h.18.mlp.c_proj,1280,1536,18.776645354514326,-0.00287822776383706,10.903915882110596,5,256,16,11.326231956481934
transformer.h.18.mlp.c_proj,1536,1600,18.77842115395208,-0.0011024283260816503,10.897108316421509,5,256,16,5.87365198135376
transformer.h.19.attn.c_attn,0,256,18.777281824292743,-0.002241757985419923,10.84408974647522,5,256,16,6.31981897354126
transformer.h.19.attn.c_attn,256,512,18.780683901067523,0.0011603187893598488,10.942047357559204,5,256,16,6.1900553703308105
transformer.h.19.attn.c_attn,512,768,18.77777799405408,-0.0017455882240824394,10.893560409545898,5,256,16,6.066530704498291
transformer.h.19.attn.c_attn,768,1024,18.77971495958025,0.00019137730208740322,10.969038486480713,5,256,16,6.378432273864746
transformer.h.19.attn.c_attn,1024,1280,18.7776986878755,-0.0018248944026630909,10.863198518753052,5,256,16,6.837395668029785
transformer.h.19.attn.c_attn,1280,1536,18.77768564076208,-0.0018379415160829637,10.868355989456177,5,256,16,6.3905253410339355
transformer.h.19.attn.c_attn,1536,1792,18.777634731523847,-0.001888850754315996,10.942872285842896,5,256,16,6.688962936401367
transformer.h.19.attn.c_attn,1792,2048,18.776788097869307,-0.0027354844088556263,10.923844337463379,5,256,16,6.573796272277832
transformer.h.19.attn.c_attn,2048,2304,18.77762884755044,-0.0018947347277240567,10.985620260238647,5,256,16,6.527757167816162
transformer.h.19.attn.c_attn,2304,2560,18.779828430866846,0.0003048485886836261,11.0509192943573,5,256,16,7.047589302062988
transformer.h.19.attn.c_attn,2560,2816,18.773043618385614,-0.006479963892548568,11.05709171295166,5,256,16,7.3541259765625
transformer.h.19.attn.c_attn,2816,3072,18.776642284776674,-0.002881297501488689,10.910264492034912,5,256,16,7.023803234100342
transformer.h.19.attn.c_attn,3072,3328,18.77743186341776,-0.0020917188604023806,10.859708070755005,5,256,16,5.875030994415283
transformer.h.19.attn.c_attn,3328,3584,18.78043814289016,0.0009145606119957961,11.125012159347534,5,256,16,5.088606357574463
transformer.h.19.attn.c_attn,3584,3840,18.77513970844383,-0.0043838738343318084,10.949798107147217,5,256,16,4.81663703918457
transformer.h.19.attn.c_attn,3840,4096,18.783246834918955,0.0037232526407926514,11.007562398910522,5,256,16,4.839179515838623
transformer.h.19.attn.c_attn,4096,4352,18.779707923615497,0.00018434133733435942,10.958837032318115,5,256,16,4.844779968261719
transformer.h.19.attn.c_attn,4352,4608,18.781392536742967,0.0018689544648040624,11.215219497680664,5,256,16,5.082709789276123
transformer.h.19.attn.c_attn,4608,4800,18.779214133400647,-0.0003094488775161608,10.966317892074585,5,256,16,4.595951557159424
transformer.h.19.attn.c_proj,0,256,18.773920264554775,-0.005603317723387846,10.978119373321533,5,256,16,6.05548095703125
transformer.h.19.attn.c_proj,256,512,18.778211497778532,-0.0013120844996308278,10.933305740356445,5,256,16,6.046117305755615
transformer.h.19.attn.c_proj,512,768,18.78058628824665,0.0010627059684864548,10.913657188415527,5,256,16,6.01891565322876
transformer.h.19.attn.c_proj,768,1024,18.78208239155828,0.0025588092801172024,10.849138975143433,5,256,16,6.040369510650635
transformer.h.19.attn.c_proj,1024,1280,18.782731072668412,0.003207490390249035,10.964340686798096,5,256,16,6.018704414367676
transformer.h.19.attn.c_proj,1280,1536,18.778140632218676,-0.0013829500594866317,10.883301973342896,5,256,16,6.180647373199463
transformer.h.19.attn.c_proj,1536,1600,18.775396268548636,-0.0041273137295263496,11.019838809967041,5,256,16,3.115708589553833
transformer.h.19.mlp.c_fc,0,256,18.77821955651436,-0.0013040257638010644,11.037808179855347,5,256,16,5.95796012878418
transformer.h.19.mlp.c_fc,256,512,18.77253350716558,-0.006990075112582872,10.887861013412476,5,256,16,5.932685375213623
transformer.h.19.mlp.c_fc,512,768,18.77732838362013,-0.0021951986580326377,10.882194995880127,5,256,16,5.944929599761963
transformer.h.19.mlp.c_fc,768,1024,18.778912236970793,-0.0006113453073695041,10.913007020950317,5,256,16,5.966647624969482
transformer.h.19.mlp.c_fc,1024,1280,18.780582834066998,0.001059251788834814,10.945441007614136,5,256,16,5.910689353942871
transformer.h.19.mlp.c_fc,1280,1536,18.77624808347036,-0.003275498807802535,10.918842792510986,5,256,16,6.00567626953125
transformer.h.19.mlp.c_fc,1536,1792,18.776707260997387,-0.002816321280775469,10.913007497787476,5,256,16,5.9084906578063965
transformer.h.19.mlp.c_fc,1792,2048,18.783755445896592,0.004231863618429088,10.920614242553711,5,256,16,5.944506645202637
transformer.h.19.mlp.c_fc,2048,2304,18.78236271628721,0.0028391340090472283,10.824123859405518,5,256,16,5.956776142120361
transformer.h.19.mlp.c_fc,2304,2560,18.77979785623624,0.0002742739580767761,10.924363851547241,5,256,16,5.922295093536377
transformer.h.19.mlp.c_fc,2560,2816,18.783059516006393,0.003535933728230134,11.023962497711182,5,256,16,5.965209007263184
transformer.h.19.mlp.c_fc,2816,3072,18.778345042990008,-0.0011785392881549228,10.905200481414795,5,256,16,5.916276931762695
transformer.h.19.mlp.c_fc,3072,3328,18.78031494518058,0.0007913629024187685,10.910820007324219,5,256,16,5.925581455230713
transformer.h.19.mlp.c_fc,3328,3584,18.779849922687195,0.0003263404090319,10.930598020553589,5,256,16,5.9457526206970215
transformer.h.19.mlp.c_fc,3584,3840,18.780203645763994,0.0006800634858308285,10.891758918762207,5,256,16,5.90773868560791
transformer.h.19.mlp.c_fc,3840,4096,18.780491234571812,0.0009676522936494791,10.923630475997925,5,256,16,5.901819705963135
transformer.h.19.mlp.c_fc,4096,4352,18.77680216761358,-0.00272141466458109,11.020544052124023,5,256,16,5.9164204597473145
transformer.h.19.mlp.c_fc,4352,4608,18.77874414928231,-0.0007794329958521473,10.906310081481934,5,256,16,5.951018333435059
transformer.h.19.mlp.c_fc,4608,4864,18.778055824147504,-0.0014677581306585807,10.817263126373291,5,256,16,5.862624645233154
transformer.h.19.mlp.c_fc,4864,5120,18.77898988529231,-0.0005336969858511509,10.962038278579712,5,256,16,5.921350955963135
transformer.h.19.mlp.c_fc,5120,5376,18.781288907181242,0.001765324903079346,10.943111658096313,5,256,16,5.936960220336914
transformer.h.19.mlp.c_fc,5376,5632,18.777457061922064,-0.0020665203560987777,10.956352949142456,5,256,16,5.907331466674805
transformer.h.19.mlp.c_fc,5632,5888,18.779488402839238,-3.517943892461517e-05,10.921248435974121,5,256,16,5.878355503082275
transformer.h.19.mlp.c_fc,5888,6144,18.78024675821836,0.0007231759401982174,10.932264804840088,5,256,16,5.905068397521973
transformer.h.19.mlp.c_fc,6144,6400,18.779501707055662,-2.187522250096663e-05,10.972158432006836,5,256,16,5.939062118530273
transformer.h.19.mlp.c_proj,0,256,18.77859793724262,-0.0009256450355437096,10.892181396484375,5,256,16,11.371819496154785
transformer.h.19.mlp.c_proj,256,512,18.781139860727784,0.001616278449620978,10.911818504333496,5,256,16,11.405494689941406
transformer.h.19.mlp.c_proj,512,768,18.77576845319762,-0.0037551290805417636,10.915066242218018,5,256,16,11.382637977600098
transformer.h.19.mlp.c_proj,768,1024,18.781520475262216,0.0019968929840530336,10.931098937988281,5,256,16,11.34699821472168
transformer.h.19.mlp.c_proj,1024,1280,18.779752058347114,0.0002284760689512666,10.891284704208374,5,256,16,11.343317031860352
transformer.h.19.mlp.c_proj,1280,1536,18.78089294517171,0.001369362893548498,10.97217059135437,5,256,16,11.470772743225098
transformer.h.19.mlp.c_proj,1536,1600,18.77472239009964,-0.004801192178522484,10.892773151397705,5,256,16,5.834671974182129
transformer.h.20.attn.c_attn,0,256,18.77870231947491,-0.00082126280325312,10.89745306968689,5,256,16,6.5282816886901855
transformer.h.20.attn.c_attn,256,512,18.779083012533007,-0.0004405697451552726,10.925526142120361,5,256,16,6.459059238433838
transformer.h.20.attn.c_attn,512,768,18.77953266498037,9.082702206342219e-06,10.897099733352661,5,256,16,6.267196178436279
transformer.h.20.attn.c_attn,768,1024,18.77849636979414,-0.0010272124840220442,10.968192338943481,5,256,16,6.008936405181885
transformer.h.20.attn.c_attn,1024,1280,18.776827493179848,-0.002696089098314758,10.910869121551514,5,256,16,6.600055694580078
transformer.h.20.attn.c_attn,1280,1536,18.781494119855974,0.0019705375778116263,10.860704898834229,5,256,16,5.996525764465332
transformer.h.20.attn.c_attn,1536,1792,18.778149330504043,-0.0013742517741199833,10.955465316772461,5,256,16,7.018777370452881
transformer.h.20.attn.c_attn,1792,2048,18.783131935528406,0.0036083532502431126,10.881565809249878,5,256,16,7.045467853546143
transformer.h.20.attn.c_attn,2048,2304,18.776239641871644,-0.0032839404065185818,10.819483518600464,5,256,16,7.045793533325195
transformer.h.20.attn.c_attn,2304,2560,18.776153691264348,-0.0033698910138149074,10.926206111907959,5,256,16,6.809990406036377
transformer.h.20.attn.c_attn,2560,2816,18.779457700837312,-6.588144085029057e-05,10.854204893112183,5,256,16,7.03965950012207
transformer.h.20.attn.c_attn,2816,3072,18.779520000368638,-3.5819095245415156e-06,10.88176155090332,5,256,16,7.236852169036865
transformer.h.20.attn.c_attn,3072,3328,18.778865929557906,-0.0006576527202568627,10.888090372085571,5,256,16,4.806392192840576
transformer.h.20.attn.c_attn,3328,3584,18.774795033263512,-0.004728549014650696,10.862669467926025,5,256,16,4.708675384521484
transformer.h.20.attn.c_attn,3584,3840,18.779113202232136,-0.00041038004602711453,10.882599115371704,5,256,16,4.7104339599609375
transformer.h.20.attn.c_attn,3840,4096,18.778623904827068,-0.0008996774510947603,10.91129469871521,5,256,16,5.108006477355957
transformer.h.20.attn.c_attn,4096,4352,18.782213021593744,0.00268943931558141,11.001453638076782,5,256,16,4.703609466552734
transformer.h.20.attn.c_attn,4352,4608,18.778589750425407,-0.0009338318527554179,10.950893640518188,5,256,16,4.894612789154053
transformer.h.20.attn.c_attn,4608,4800,18.777728619522904,-0.001794962755258922,10.8785719871521,5,256,16,4.420106410980225
transformer.h.20.attn.c_proj,0,256,18.77775292303239,-0.0017706592457713555,10.935494184494019,5,256,16,6.1194376945495605
transformer.h.20.attn.c_proj,256,512,18.778586168694005,-0.0009374135841575537,10.983640432357788,5,256,16,6.101171970367432
transformer.h.20.attn.c_proj,512,768,18.78022628938496,0.0007027071067966517,10.95403504371643,5,256,16,6.092714309692383
transformer.h.20.attn.c_proj,768,1024,18.78000612290618,0.000482540628016892,10.928557395935059,5,256,16,6.108386993408203
transformer.h.20.attn.c_proj,1024,1280,18.77513983633932,-0.004383745938842054,10.994540214538574,5,256,16,6.085573196411133
transformer.h.20.attn.c_proj,1280,1536,18.77871703025282,-0.0008065520253417446,10.945374250411987,5,256,16,6.220345497131348
transformer.h.20.attn.c_proj,1536,1600,18.781339954264265,0.0018163719861021832,11.042287588119507,5,256,16,3.134599208831787
transformer.h.20.mlp.c_fc,0,256,18.77310794274495,-0.006415639533212669,10.939614295959473,5,256,16,5.953415393829346
transformer.h.20.mlp.c_fc,256,512,18.782830743802865,0.003307161524702451,10.919572591781616,5,256,16,5.879679203033447
transformer.h.20.mlp.c_fc,512,768,18.78079750614271,0.0012739238645487205,10.93405532836914,5,256,16,5.895304203033447
transformer.h.20.mlp.c_fc,768,1024,18.776347592298926,-0.0031759899792369595,10.942832708358765,5,256,16,5.886352062225342
transformer.h.20.mlp.c_fc,1024,1280,18.781284301436212,0.0017607191580495396,10.890457153320312,5,256,16,5.859804153442383
transformer.h.20.mlp.c_fc,1280,1536,18.77771122334596,-0.0018123589322023292,10.950066804885864,5,256,16,5.962959289550781
transformer.h.20.mlp.c_fc,1536,1792,18.776748830547863,-0.0027747517302998403,10.951613426208496,5,256,16,5.891226768493652
transformer.h.20.mlp.c_fc,1792,2048,18.7806409155426,0.0011173332644389689,10.969396829605103,5,256,16,5.957877159118652
transformer.h.20.mlp.c_fc,2048,2304,18.777723247172425,-0.0018003351057380712,10.889795064926147,5,256,16,5.857964038848877
transformer.h.20.mlp.c_fc,2304,2560,18.77633672048608,-0.0031868617920842723,10.947901487350464,5,256,16,5.8464860916137695
transformer.h.20.mlp.c_fc,2560,2816,18.782053476511642,0.0025298942334792685,10.95309591293335,5,256,16,5.914716720581055
transformer.h.20.mlp.c_fc,2816,3072,18.780595883193445,0.0010723009152826535,11.000184297561646,5,256,16,5.954009532928467
transformer.h.20.mlp.c_fc,3072,3328,18.774567896418056,-0.004955685860107195,11.040430784225464,5,256,16,5.901329517364502
transformer.h.20.mlp.c_fc,3328,3584,18.777150844826128,-0.002372737452034812,10.910400867462158,5,256,16,5.874124526977539
transformer.h.20.mlp.c_fc,3584,3840,18.777333372126332,-0.0021902101518307404,10.997879981994629,5,256,16,5.906623840332031
transformer.h.20.mlp.c_fc,3840,4096,18.776297454108587,-0.0032261281695760147,10.90812373161316,5,256,16,5.9161224365234375
transformer.h.20.mlp.c_fc,4096,4352,18.78064987085218,0.001126288574017309,10.938051223754883,5,256,16,5.908858299255371
transformer.h.20.mlp.c_fc,4352,4608,18.77883215847798,-0.0006914238001840545,10.879425525665283,5,256,16,5.973456382751465
transformer.h.20.mlp.c_fc,4608,4864,18.78606080985418,0.006537227576018267,10.912645816802979,5,256,16,5.901173114776611
transformer.h.20.mlp.c_fc,4864,5120,18.777119251282958,-0.002404330995204873,10.93018913269043,5,256,16,5.888477802276611
transformer.h.20.mlp.c_fc,5120,5376,18.77868658535128,-0.0008369969268819943,10.906758785247803,5,256,16,5.969395637512207
transformer.h.20.mlp.c_fc,5376,5632,18.776523716543995,-0.0029998657341678836,10.868026971817017,5,256,16,5.904776096343994
transformer.h.20.mlp.c_fc,5632,5888,18.779396041135065,-0.00012754114309743159,10.92939019203186,5,256,16,5.898374080657959
transformer.h.20.mlp.c_fc,5888,6144,18.784193694073846,0.004670111795682885,10.899137020111084,5,256,16,5.903656005859375
transformer.h.20.mlp.c_fc,6144,6400,18.779213749630916,-0.0003098326472468216,10.88802981376648,5,256,16,5.897871494293213
transformer.h.20.mlp.c_proj,0,256,18.7727523072472,-0.006771275030963864,10.897056818008423,5,256,16,11.444771766662598
transformer.h.20.mlp.c_proj,256,512,18.77890213119968,-0.0006214510784836591,10.847115993499756,5,256,16,11.45273494720459
transformer.h.20.mlp.c_proj,512,768,18.777507586943738,-0.0020159953344247583,10.975085735321045,5,256,16,11.4635648727417
transformer.h.20.mlp.c_proj,768,1024,18.772251794626666,-0.0072717876514971636,10.956592798233032,5,256,16,11.442134857177734
transformer.h.20.mlp.c_proj,1024,1280,18.77641806737955,-0.0031055148986141035,11.005368709564209,5,256,16,11.41319751739502
transformer.h.20.mlp.c_proj,1280,1536,18.781814609222934,0.002291026944771346,10.84605073928833,5,256,16,11.508903503417969
transformer.h.20.mlp.c_proj,1536,1600,18.779956870444636,0.0004332881664730337,11.036938905715942,5,256,16,5.875811576843262
transformer.h.21.attn.c_attn,0,256,18.777380699046045,-0.0021428832321177538,10.947794198989868,5,256,16,6.653136253356934
transformer.h.21.attn.c_attn,256,512,18.778310889095536,-0.001212693182626623,10.95057725906372,5,256,16,6.022786617279053
transformer.h.21.attn.c_attn,512,768,18.776207026639515,-0.0033165556386478556,10.848543167114258,5,256,16,6.135600566864014
transformer.h.21.attn.c_attn,768,1024,18.78095179521685,0.0014282129386877784,10.896984577178955,5,256,16,6.287540912628174
transformer.h.21.attn.c_attn,1024,1280,18.77990416405744,0.0003805817792787991,10.967810153961182,5,256,16,5.923582553863525
transformer.h.21.attn.c_attn,1280,1536,18.77787239442586,-0.0016511878523033374,10.909802198410034,5,256,16,6.712105751037598
transformer.h.21.attn.c_attn,1536,1792,18.778319587459766,-0.0012039948183968363,10.955477476119995,5,256,16,6.844155311584473
transformer.h.21.attn.c_attn,1792,2048,18.781554762933457,0.0020311806552939515,11.013585567474365,5,256,16,7.333572864532471
transformer.h.21.attn.c_attn,2048,2304,18.779686176104736,0.00016259382657324295,10.952613830566406,5,256,16,6.741098880767822
transformer.h.21.attn.c_attn,2304,2560,18.77652742578696,-0.00299615649120355,10.948739290237427,5,256,16,7.1049485206604
transformer.h.21.attn.c_attn,2560,2816,18.77747113216761,-0.002052450110554105,10.854804992675781,5,256,16,6.7437310218811035
transformer.h.21.attn.c_attn,2816,3072,18.778423200637675,-0.0011003816404873135,10.844595432281494,5,256,16,7.546205520629883
transformer.h.21.attn.c_attn,3072,3328,18.77928231661363,-0.00024126566453119835,10.943125009536743,5,256,16,5.363677501678467
transformer.h.21.attn.c_attn,3328,3584,18.780111280542098,0.0005876982639350103,10.890354871749878,5,256,16,4.845348834991455
transformer.h.21.attn.c_attn,3584,3840,18.77140156757329,-0.008122014704873948,10.81953740119934,5,256,16,4.8598127365112305
transformer.h.21.attn.c_attn,3840,4096,18.77632584867953,-0.003197733598632624,10.874340534210205,5,256,16,4.789155960083008
transformer.h.21.attn.c_attn,4096,4352,18.781480814228036,0.001957231949873517,10.913919448852539,5,256,16,4.902770042419434
transformer.h.21.attn.c_attn,4352,4608,18.783877258670486,0.0043536763923235355,10.880474090576172,5,256,16,4.698174476623535
transformer.h.21.attn.c_attn,4608,4800,18.780295499717713,0.0007719174395504069,10.896174907684326,5,256,16,4.559697151184082
transformer.h.21.attn.c_proj,0,256,18.779185606538835,-0.0003379757393275895,10.94355821609497,5,256,16,6.106987476348877
transformer.h.21.attn.c_proj,256,512,18.779645239682203,0.00012165740404057601,10.945982933044434,5,256,16,6.080106258392334
transformer.h.21.attn.c_proj,512,768,18.778999479423522,-0.0005241028546407733,10.901859998703003,5,256,16,6.079870700836182
transformer.h.21.attn.c_proj,768,1024,18.778537047875066,-0.000986534403097039,10.878734350204468,5,256,16,6.080954074859619
transformer.h.21.attn.c_proj,1024,1280,18.781967243406775,0.0024436611286127174,10.851419925689697,5,256,16,6.07450008392334
transformer.h.21.attn.c_proj,1280,1536,18.77408089154336,-0.0054426907348030795,10.906781435012817,5,256,16,6.1733574867248535
transformer.h.21.attn.c_proj,1536,1600,18.778659210565998,-0.0008643717121650241,10.98923635482788,5,256,16,3.1184136867523193
transformer.h.21.mlp.c_fc,0,256,18.778004658075634,-0.0015189242025286376,10.952702283859253,5,256,16,5.923335075378418
transformer.h.21.mlp.c_fc,256,512,18.776670296151345,-0.002853286126818233,10.86678957939148,5,256,16,5.874205112457275
transformer.h.21.mlp.c_fc,512,768,18.78052488070319,0.001001298425027386,10.851690769195557,5,256,16,5.920341491699219
transformer.h.21.mlp.c_fc,768,1024,18.78099657254864,0.0014729902704786468,10.935405969619751,5,256,16,5.979094982147217
transformer.h.21.mlp.c_fc,1024,1280,18.776201526821644,-0.0033220554565183136,10.931647300720215,5,256,16,5.912716865539551
transformer.h.21.mlp.c_fc,1280,1536,18.779569891312775,4.6309034612335154e-05,10.924399375915527,5,256,16,5.9102864265441895
transformer.h.21.mlp.c_fc,1536,1792,18.778027043214923,-0.0014965390632397657,10.952903270721436,5,256,16,5.938709735870361
transformer.h.21.mlp.c_fc,1792,2048,18.78146635716222,0.0019427748840570302,10.869195699691772,5,256,16,5.8953537940979
transformer.h.21.mlp.c_fc,2048,2304,18.78060790886703,0.001084326588866702,10.89947772026062,5,256,16,5.890531539916992
transformer.h.21.mlp.c_fc,2304,2560,18.780625051861833,0.0011014695836699673,10.96823763847351,5,256,16,5.883234024047852
transformer.h.21.mlp.c_fc,2560,2816,18.77617402775643,-0.0033495545217334666,10.93956446647644,5,256,16,5.857711315155029
transformer.h.21.mlp.c_fc,2816,3072,18.7774250841305,-0.0020984981476637188,10.917762279510498,5,256,16,5.907445430755615
transformer.h.21.mlp.c_fc,3072,3328,18.775299322693165,-0.004224259584997725,10.978086948394775,5,256,16,5.900102615356445
transformer.h.21.mlp.c_fc,3328,3584,18.773548372311005,-0.005975209967157724,10.905662775039673,5,256,16,5.9447455406188965
transformer.h.21.mlp.c_fc,3584,3840,18.779182536385886,-0.00034104589227723636,10.93307638168335,5,256,16,5.820891857147217
transformer.h.21.mlp.c_fc,3840,4096,18.780748763340473,0.0012251810623098436,11.054147958755493,5,256,16,5.893946647644043
transformer.h.21.mlp.c_fc,4096,4352,18.7764917403419,-0.0030318419362629356,10.897007703781128,5,256,16,5.889319896697998
transformer.h.21.mlp.c_fc,4352,4608,18.780547140914493,0.0010235586363300797,10.95029091835022,5,256,16,5.910063743591309
transformer.h.21.mlp.c_fc,4608,4864,18.78205219708582,0.002528614807658869,10.83482551574707,5,256,16,5.8964104652404785
transformer.h.21.mlp.c_fc,4864,5120,18.78348264956676,0.003959067288597851,10.908355951309204,5,256,16,5.89525032043457
transformer.h.21.mlp.c_fc,5120,5376,18.783346252887537,0.0038226706093738017,10.972630262374878,5,256,16,5.866909980773926
transformer.h.21.mlp.c_fc,5376,5632,18.77530162483169,-0.004221957446471691,11.002515316009521,5,256,16,5.915440559387207
transformer.h.21.mlp.c_fc,5632,5888,18.779002677468345,-0.0005209048098180347,10.915467977523804,5,256,16,5.912135124206543
transformer.h.21.mlp.c_fc,5888,6144,18.781109411898242,0.0015858296200796929,10.96117115020752,5,256,16,5.907288551330566
transformer.h.21.mlp.c_fc,6144,6400,18.779532025353305,8.443075142139378e-06,10.87499451637268,5,256,16,5.878952503204346
transformer.h.21.mlp.c_proj,0,256,18.775569058511127,-0.003954523767035312,10.941301107406616,5,256,16,11.569324493408203
transformer.h.21.mlp.c_proj,256,512,18.766906068001678,-0.012617514276485053,10.967602491378784,5,256,16,11.556390762329102
transformer.h.21.mlp.c_proj,512,768,18.776901935193614,-0.002621647084549039,10.878550052642822,5,256,16,11.554374694824219
transformer.h.21.mlp.c_proj,768,1024,18.788480364273216,0.00895678199505312,10.904224872589111,5,256,16,11.572455406188965
transformer.h.21.mlp.c_proj,1024,1280,18.782350177711553,0.0028265954333903665,10.894683599472046,5,256,16,11.553250312805176
transformer.h.21.mlp.c_proj,1280,1536,18.783099180374325,0.00357559809616248,10.924684524536133,5,256,16,11.63691520690918
transformer.h.21.mlp.c_proj,1536,1600,18.781864762145673,0.00234117986751059,11.019433736801147,5,256,16,5.868668556213379
transformer.h.22.attn.c_attn,0,256,18.78060381501984,0.0010802327416783442,11.00571084022522,5,256,16,5.97650671005249
transformer.h.22.attn.c_attn,256,512,18.775315821358816,-0.004207760919346271,10.896787881851196,5,256,16,6.275276184082031
transformer.h.22.attn.c_attn,512,768,18.77862288147331,-0.0009007008048520504,10.9538414478302,5,256,16,6.22795295715332
transformer.h.22.attn.c_attn,768,1024,18.780545221929717,0.0010216396515545512,10.952417612075806,5,256,16,6.252949237823486
transformer.h.22.attn.c_attn,1024,1280,18.77777211003578,-0.0017514722423825901,10.983966827392578,5,256,16,6.028204917907715
transformer.h.22.attn.c_attn,1280,1536,18.777172333582214,-0.0023512486959482715,10.977600574493408,5,256,16,6.7111005783081055
transformer.h.22.attn.c_attn,1536,1792,18.778899700698577,-0.0006238815795853725,11.021894931793213,5,256,16,6.497186183929443
transformer.h.22.attn.c_attn,1792,2048,18.78003810509324,0.0005145228150773562,10.946799755096436,5,256,16,6.786350250244141
transformer.h.22.attn.c_attn,2048,2304,18.779353826102977,-0.00016975617518610875,10.920834064483643,5,256,16,6.8439483642578125
transformer.h.22.attn.c_attn,2304,2560,18.779537781997625,1.4199719462482108e-05,11.038658380508423,5,256,16,7.06669807434082
transformer.h.22.attn.c_attn,2560,2816,18.787678802764944,0.00815522048678119,10.920487880706787,5,256,16,6.827143669128418
transformer.h.22.attn.c_attn,2816,3072,18.779404995851042,-0.00011858642712070377,10.925722360610962,5,256,16,7.401444435119629
transformer.h.22.attn.c_attn,3072,3328,18.775546036810685,-0.003977545467478194,10.945051193237305,5,256,16,5.718878746032715
transformer.h.22.attn.c_attn,3328,3584,18.77863605715725,-0.0008875251209126134,11.008177757263184,5,256,16,4.928893089294434
transformer.h.22.attn.c_attn,3584,3840,18.776738470128212,-0.002785112149950919,10.975246906280518,5,256,16,5.083456516265869
transformer.h.22.attn.c_attn,3840,4096,18.783105961710135,0.003582379431971816,10.917419672012329,5,256,16,4.917238712310791
transformer.h.22.attn.c_attn,4096,4352,18.7777405154473,-0.001783066830864044,10.908300161361694,5,256,16,5.132867336273193
transformer.h.22.attn.c_attn,4352,4608,18.781750255030992,0.002226672752829728,10.887693881988525,5,256,16,5.0507636070251465
transformer.h.22.attn.c_attn,4608,4800,18.779128425022552,-0.00039515725561045656,10.899727821350098,5,256,16,4.210839748382568
transformer.h.22.attn.c_proj,0,256,18.77804661424428,-0.0014769680338844182,10.894406795501709,5,256,16,6.082435607910156
transformer.h.22.attn.c_proj,256,512,18.780123433834817,0.0005998515566538742,10.817781209945679,5,256,16,6.100487232208252
transformer.h.22.attn.c_proj,512,768,18.777374431420103,-0.0021491508580595564,10.908316135406494,5,256,16,6.090053558349609
transformer.h.22.attn.c_proj,768,1024,18.77630589573331,-0.0032176865448541037,10.872199058532715,5,256,16,6.093777656555176
transformer.h.22.attn.c_proj,1024,1280,18.78019724926584,0.0006736669876765689,10.894691944122314,5,256,16,6.0675740242004395
transformer.h.22.attn.c_proj,1280,1536,18.780982883467306,0.0014593011891435026,11.017098665237427,5,256,16,6.172834396362305
transformer.h.22.attn.c_proj,1536,1600,18.778628637838942,-0.0008949444392207795,10.903889894485474,5,256,16,3.1103780269622803
transformer.h.22.mlp.c_fc,0,256,18.781509984270837,0.0019864019926743026,10.842214345932007,5,256,16,5.894676208496094
transformer.h.22.mlp.c_fc,256,512,18.781654555765652,0.0021309734874890296,10.956459999084473,5,256,16,5.885700702667236
transformer.h.22.mlp.c_fc,512,768,18.77843560867386,-0.0010879736043030164,10.919632911682129,5,256,16,5.846139430999756
transformer.h.22.mlp.c_fc,768,1024,18.779834315529495,0.0003107332513323513,10.943747758865356,5,256,16,5.884872913360596
transformer.h.22.mlp.c_fc,1024,1280,18.780203645763994,0.0006800634858308285,10.81275200843811,5,256,16,5.928265571594238
transformer.h.22.mlp.c_fc,1280,1536,18.77910156128307,-0.00042202099509225377,10.923763990402222,5,256,16,5.855418682098389
transformer.h.22.mlp.c_fc,1536,1792,18.77857798188192,-0.0009456003962426962,10.884798049926758,5,256,16,5.909092426300049
transformer.h.22.mlp.c_fc,1792,2048,18.776811121092702,-0.002712461185460313,10.920367002487183,5,256,16,5.876608848571777
transformer.h.22.mlp.c_fc,2048,2304,18.77482547185588,-0.004698110422282298,10.921144962310791,5,256,16,5.864744186401367
transformer.h.22.mlp.c_fc,2304,2560,18.776513995772795,-0.003009586505367423,10.919040441513062,5,256,16,5.867815017700195
transformer.h.22.mlp.c_fc,2560,2816,18.78099426971183,0.0014706874336667397,10.938096523284912,5,256,16,5.941212177276611
transformer.h.22.mlp.c_fc,2816,3072,18.780874394652233,0.0013508123740706424,10.844091653823853,5,256,16,5.875866889953613
transformer.h.22.mlp.c_fc,3072,3328,18.779689885972434,0.00016630369427161895,10.947930335998535,5,256,16,5.9200615882873535
transformer.h.22.mlp.c_fc,3328,3584,18.78259033127401,0.0030667489958489114,10.984001636505127,5,256,16,5.925626754760742
transformer.h.22.mlp.c_fc,3584,3840,18.77869029502152,-0.0008332872566434446,10.97725248336792,5,256,16,5.864767074584961
transformer.h.22.mlp.c_fc,3840,4096,18.779239718066936,-0.0002838642112266143,10.974241733551025,5,256,16,5.916564464569092
transformer.h.22.mlp.c_fc,4096,4352,18.780861345332262,0.0013377630540993835,10.960842370986938,5,256,16,5.869568824768066
transformer.h.22.mlp.c_fc,4352,4608,18.781529686869238,0.0020061045910750863,11.01553726196289,5,256,16,5.914113998413086
transformer.h.22.mlp.c_fc,4608,4864,18.779900454147405,0.0003768718692427342,10.932968139648438,5,256,16,5.947647571563721
transformer.h.22.mlp.c_fc,4864,5120,18.77601785941039,-0.00350572286777151,10.981434106826782,5,256,16,5.866052150726318
transformer.h.22.mlp.c_fc,5120,5376,18.782960483401766,0.0034369011236030644,10.963692903518677,5,256,16,5.920905590057373
transformer.h.22.mlp.c_fc,5376,5632,18.780320702064905,0.0007971197867426838,10.933770895004272,5,256,16,5.933279514312744
transformer.h.22.mlp.c_fc,5632,5888,18.779713424460443,0.00018984218228013106,10.91183590888977,5,256,16,5.878369331359863
transformer.h.22.mlp.c_fc,5888,6144,18.780546117455916,0.0010225351777535252,10.93277621269226,5,256,16,5.901435852050781
transformer.h.22.mlp.c_fc,6144,6400,18.779068813157398,-0.0004547691207648086,10.963290214538574,5,256,16,5.857377052307129
transformer.h.22.mlp.c_proj,0,256,18.7813341970675,0.0018106147893384161,10.941614627838135,5,256,16,11.782098770141602
transformer.h.22.mlp.c_proj,256,512,18.777824042956635,-0.0016995393215282206,10.852804899215698,5,256,16,11.78646183013916
transformer.h.22.mlp.c_proj,512,768,18.77239233067574,-0.007131251602423561,10.813671827316284,5,256,16,11.773030281066895
transformer.h.22.mlp.c_proj,768,1024,18.777974598073435,-0.0015489842047280433,11.014196395874023,5,256,16,11.744542121887207
transformer.h.22.mlp.c_proj,1024,1280,18.78438076838042,0.004857186102256605,10.887897729873657,5,256,16,11.748828887939453
transformer.h.22.mlp.c_proj,1280,1536,18.779254685112875,-0.0002688971652879957,10.879101991653442,5,256,16,11.823777198791504
transformer.h.22.mlp.c_proj,1536,1600,18.777208531959094,-0.0023150503190692007,10.960977792739868,5,256,16,5.972752571105957
transformer.h.23.attn.c_attn,0,256,18.779388237743195,-0.000135344534967885,10.902921915054321,5,256,16,6.118547439575195
transformer.h.23.attn.c_attn,256,512,18.77877229171281,-0.0007512905653541679,10.853078842163086,5,256,16,6.236631393432617
transformer.h.23.attn.c_attn,512,768,18.775141754771777,-0.004381827506385605,10.842362880706787,5,256,16,6.520399570465088
transformer.h.23.attn.c_attn,768,1024,18.77902352873395,-0.000500053544211454,10.864523887634277,5,256,16,5.996308326721191
transformer.h.23.attn.c_attn,1024,1280,18.778881919673765,-0.0006416626043979079,10.973856210708618,5,256,16,6.694957733154297
transformer.h.23.attn.c_attn,1280,1536,18.78221980260961,0.002696220331447563,10.943977117538452,5,256,16,6.148739814758301
transformer.h.23.attn.c_attn,1536,1792,18.777280033551687,-0.002243548726475808,10.90726900100708,5,256,16,5.997849464416504
transformer.h.23.attn.c_attn,1792,2048,18.776708412152928,-0.0028151701252348005,10.86300778388977,5,256,16,6.931159019470215
transformer.h.23.attn.c_attn,2048,2304,18.792857495815873,0.013333913537710629,10.881505489349365,5,256,16,6.883300304412842
transformer.h.23.attn.c_attn,2304,2560,18.780318783103265,0.0007952008251024267,10.875091075897217,5,256,16,6.969082355499268
transformer.h.23.attn.c_attn,2560,2816,18.77834274047832,-0.0011808417998437903,10.954076766967773,5,256,16,7.283683776855469
transformer.h.23.attn.c_attn,2816,3072,18.77847116989513,-0.0010524123830322196,10.975538492202759,5,256,16,7.186630725860596
transformer.h.23.attn.c_attn,3072,3328,18.77295857757292,-0.006565004705244348,10.962752342224121,5,256,16,5.975541591644287
transformer.h.23.attn.c_attn,3328,3584,18.78434698738284,0.004823405104676937,10.979917287826538,5,256,16,4.512637615203857
transformer.h.23.attn.c_attn,3584,3840,18.77793916570708,-0.0015844165710809932,10.939928531646729,5,256,16,5.087903022766113
transformer.h.23.attn.c_attn,3840,4096,18.77884149668719,-0.0006820855909737134,10.903263092041016,5,256,16,4.852647304534912
transformer.h.23.attn.c_attn,4096,4352,18.77612772709577,-0.0033958551823936034,10.987192869186401,5,256,16,5.124037742614746
transformer.h.23.attn.c_attn,4352,4608,18.780748763340473,0.0012251810623098436,10.966761827468872,5,256,16,5.106266498565674
transformer.h.23.attn.c_attn,4608,4800,18.78004450153719,0.0005209192590278633,10.934709548950195,5,256,16,4.438595294952393
transformer.h.23.attn.c_proj,0,256,18.782531476094523,0.003007893816359797,10.989851236343384,5,256,16,6.120412349700928
transformer.h.23.attn.c_proj,256,512,18.780251363708953,0.0007277814307897756,10.987101316452026,5,256,16,6.123547077178955
transformer.h.23.attn.c_proj,512,768,18.780816184520408,0.0012926022422448114,11.055255889892578,5,256,16,6.118875503540039
transformer.h.23.attn.c_proj,768,1024,18.78177494756763,0.002251365289467344,10.9931960105896,5,256,16,6.111644268035889
transformer.h.23.attn.c_proj,1024,1280,18.781986178832085,0.002462596553922225,10.921098232269287,5,256,16,6.098731994628906
transformer.h.23.attn.c_proj,1280,1536,18.780491106639868,0.0009675243617053297,10.970482110977173,5,256,16,6.210353851318359
transformer.h.23.attn.c_proj,1536,1600,18.776784516481534,-0.002739065796628637,10.89256477355957,5,256,16,3.1409544944763184
transformer.h.23.mlp.c_fc,0,256,18.77899871189284,-0.0005248703853233394,10.954642057418823,5,256,16,5.8683342933654785
transformer.h.23.mlp.c_fc,256,512,18.777742050405834,-0.0017815318723286566,10.97612452507019,5,256,16,5.837837219238281
transformer.h.23.mlp.c_fc,512,768,18.782141373273745,0.0026177909955826806,10.95572805404663,5,256,16,5.868810653686523
transformer.h.23.mlp.c_fc,768,1024,18.77788429044134,-0.0016392918368239862,10.930412292480469,5,256,16,5.902058124542236
transformer.h.23.mlp.c_fc,1024,1280,18.77680446993638,-0.0027191123417829033,10.883155345916748,5,256,16,5.897448539733887
transformer.h.23.mlp.c_fc,1280,1536,18.779180745463563,-0.0003428368145996785,10.98125171661377,5,256,16,5.833344459533691
transformer.h.23.mlp.c_fc,1536,1792,18.778642453123666,-0.0008811291544965627,10.893385887145996,5,256,16,5.926569938659668
transformer.h.23.mlp.c_fc,1792,2048,18.78282856868902,0.0033049864108569693,10.93601369857788,5,256,16,5.891883850097656
transformer.h.23.mlp.c_fc,2048,2304,18.77778298267974,-0.0017405995984240974,10.818061351776123,5,256,16,5.927640914916992
transformer.h.23.mlp.c_fc,2304,2560,18.776325209161698,-0.003198373116465092,10.995063304901123,5,256,16,5.884485721588135
transformer.h.23.mlp.c_fc,2560,2816,18.7792622326021,-0.00026134967606239456,10.949485063552856,5,256,16,5.868717670440674
transformer.h.23.mlp.c_fc,2816,3072,18.781063866682345,0.0015402844041823016,10.937841653823853,5,256,16,5.91930627822876
transformer.h.23.mlp.c_fc,3072,3328,18.780431106654458,0.0009075243762950436,10.917726755142212,5,256,16,5.848239421844482
transformer.h.23.mlp.c_fc,3328,3584,18.784227346838346,0.004703764560183288,10.968120574951172,5,256,16,5.884358882904053
transformer.h.23.mlp.c_fc,3584,3840,18.78093298876933,0.0014094064911667203,10.875242710113525,5,256,16,5.854944229125977
transformer.h.23.mlp.c_fc,3840,4096,18.77816583167412,-0.0013577506040434173,10.864413261413574,5,256,16,5.887668132781982
transformer.h.23.mlp.c_fc,4096,4352,18.781701765636406,0.0021781833582430465,11.210422039031982,5,256,16,5.933978080749512
transformer.h.23.mlp.c_fc,4352,4608,18.778831518874775,-0.0006920634033882322,10.866150856018066,5,256,16,5.887740135192871
transformer.h.23.mlp.c_fc,4608,4864,18.77911473730288,-0.00040884497528281827,10.946773052215576,5,256,16,5.8822150230407715
transformer.h.23.mlp.c_fc,4864,5120,18.776410776841693,-0.0031128054364693014,10.942053318023682,5,256,16,5.914302349090576
transformer.h.23.mlp.c_fc,5120,5376,18.777310604083127,-0.002212978195036186,10.90183401107788,5,256,16,5.851596355438232
transformer.h.23.mlp.c_fc,5376,5632,18.78205322062647,0.002529638348306662,10.903477430343628,5,256,16,5.833220481872559
transformer.h.23.mlp.c_fc,5632,5888,18.778069639010816,-0.0014539432673466024,10.895190954208374,5,256,16,5.895168781280518
transformer.h.23.mlp.c_fc,5888,6144,18.777919850618566,-0.0016037316595962636,10.95949125289917,5,256,16,5.828051567077637
transformer.h.23.mlp.c_fc,6144,6400,18.779824593044374,0.0003010107662113626,10.944234848022461,5,256,16,5.860562801361084
transformer.h.23.mlp.c_proj,0,256,18.784380256546665,0.004856674268502559,10.93236494064331,5,256,16,11.903403282165527
transformer.h.23.mlp.c_proj,256,512,18.774170541439485,-0.005353040838677714,10.952014207839966,5,256,16,11.907137870788574
transformer.h.23.mlp.c_proj,512,768,18.785276370846006,0.0057527885678432256,10.913402557373047,5,256,16,11.925477981567383
transformer.h.23.mlp.c_proj,768,1024,18.775416348425612,-0.004107233852550962,10.872809886932373,5,256,16,11.905838966369629
transformer.h.23.mlp.c_proj,1024,1280,18.781362471317415,0.0018388890392522228,10.891505002975464,5,256,16,11.894227027893066
transformer.h.23.mlp.c_proj,1280,1536,18.787853881459117,0.008330299180954626,10.909672737121582,5,256,16,11.97402286529541
transformer.h.23.mlp.c_proj,1536,1600,18.776428043909608,-0.0030955383685551396,10.86862826347351,5,256,16,6.017555236816406
transformer.h.24.attn.c_attn,0,256,18.781310912423073,0.001787330144910726,10.868520259857178,5,256,16,6.45244026184082
transformer.h.24.attn.c_attn,256,512,18.776040242181228,-0.0034833400969347394,10.883819580078125,5,256,16,6.425665855407715
transformer.h.24.attn.c_attn,512,768,18.77662399426692,-0.002899588011242571,10.925083637237549,5,256,16,6.710169792175293
transformer.h.24.attn.c_attn,768,1024,18.778599983947476,-0.0009235983306865592,10.919605731964111,5,256,16,6.1964921951293945
transformer.h.24.attn.c_attn,1024,1280,18.77047836869253,-0.00904521358563315,10.867916107177734,5,256,16,6.036392688751221
transformer.h.24.attn.c_attn,1280,1536,18.781827787146295,0.002304204868131876,10.828983545303345,5,256,16,6.383059501647949
transformer.h.24.attn.c_attn,1536,1792,18.780077507222575,0.0005539249444126426,10.893228530883789,5,256,16,7.012516021728516
transformer.h.24.attn.c_attn,1792,2048,18.776639087133823,-0.0028844951443396383,10.913382291793823,5,256,16,6.871932029724121
transformer.h.24.attn.c_attn,2048,2304,18.77953880540124,1.5223123078556e-05,10.882399559020996,5,256,16,7.167126178741455
transformer.h.24.attn.c_attn,2304,2560,18.777847067450267,-0.0016765148278956588,10.903530836105347,5,256,16,6.9161295890808105
transformer.h.24.attn.c_attn,2560,2816,18.77865767553249,-0.0008659067456733283,10.879246234893799,5,256,16,6.131683349609375
transformer.h.24.attn.c_attn,2816,3072,18.784188575787947,0.004664993509784665,10.90402340888977,5,256,16,6.800604343414307
transformer.h.24.attn.c_attn,3072,3328,18.779587417137424,6.383485926164667e-05,10.895322799682617,5,256,16,6.30343770980835
transformer.h.24.attn.c_attn,3328,3584,18.778234138997526,-0.0012894432806369593,10.871541500091553,5,256,16,4.93438196182251
transformer.h.24.attn.c_attn,3584,3840,18.77857900523324,-0.0009445770449225677,10.882180452346802,5,256,16,5.023927688598633
transformer.h.24.attn.c_attn,3840,4096,18.77873033392277,-0.0007932483553929615,10.856480121612549,5,256,16,5.333578109741211
transformer.h.24.attn.c_attn,4096,4352,18.77643252055944,-0.0030910617187238643,10.91297698020935,5,256,16,5.066892147064209
transformer.h.24.attn.c_attn,4352,4608,18.784525489932648,0.005001907654484938,10.957511186599731,5,256,16,5.218977928161621
transformer.h.24.attn.c_attn,4608,4800,18.779019818997885,-0.0005037632802782355,10.879833459854126,5,256,16,4.3821187019348145
transformer.h.24.attn.c_proj,0,256,18.77684808621598,-0.002675496062181537,10.865968227386475,5,256,16,5.980899810791016
transformer.h.24.attn.c_proj,256,512,18.78161374299199,0.0020901607138270606,11.006731033325195,5,256,16,6.017145156860352
transformer.h.24.attn.c_proj,512,768,18.779238055062567,-0.00028552721559549354,10.92525029182434,5,256,16,6.003724098205566
transformer.h.24.attn.c_proj,768,1024,18.777745504063002,-0.0017780782151604058,10.970175743103027,5,256,16,5.9918622970581055
transformer.h.24.attn.c_proj,1024,1280,18.777541739377178,-0.0019818429009852423,11.052200555801392,5,256,16,5.982129096984863
transformer.h.24.attn.c_proj,1280,1536,18.780076227931364,0.0005526456532010116,10.98496413230896,5,256,16,6.095919132232666
transformer.h.24.attn.c_proj,1536,1600,18.780364710305538,0.0008411280273747934,10.919405460357666,5,256,16,3.075688600540161
transformer.h.24.mlp.c_fc,0,256,18.782014709948157,0.0024911276699945972,11.00072979927063,5,256,16,5.859668731689453
transformer.h.24.mlp.c_fc,256,512,18.77791012912458,-0.0016134531535811902,11.026058673858643,5,256,16,5.90910005569458
transformer.h.24.mlp.c_fc,512,768,18.777428026085047,-0.0020955561931153,10.933007955551147,5,256,16,5.824005126953125
transformer.h.24.mlp.c_fc,768,1024,18.7777309219593,-0.0017926603188627155,11.003051042556763,5,256,16,5.908757209777832
transformer.h.24.mlp.c_fc,1024,1280,18.777706874304243,-0.001816707973919307,10.95137333869934,5,256,16,5.894992828369141
transformer.h.24.mlp.c_fc,1280,1536,18.77884738104058,-0.0006762012375816084,10.976229906082153,5,256,16,5.901280403137207
transformer.h.24.mlp.c_fc,1536,1792,18.7810572140196,0.0015336317414380574,11.091708183288574,5,256,16,5.84778356552124
transformer.h.24.mlp.c_fc,1792,2048,18.7770981463141,-0.002425435964063638,11.02725076675415,5,256,16,5.890511989593506
transformer.h.24.mlp.c_fc,2048,2304,18.779009841090726,-0.0005137411874365228,10.912536859512329,5,256,16,5.902418613433838
transformer.h.24.mlp.c_fc,2304,2560,18.78232087841942,0.0027972961412565667,10.878855228424072,5,256,16,5.910119533538818
transformer.h.24.mlp.c_fc,2560,2816,18.780016740986245,0.0004931587080818645,10.856828927993774,5,256,16,5.869986057281494
transformer.h.24.mlp.c_fc,2816,3072,18.778583738233788,-0.0009398440443746381,10.947776556015015,5,256,16,5.889899253845215
transformer.h.24.mlp.c_fc,3072,3328,18.777984319600794,-0.0015392626773689244,10.894835233688354,5,256,16,5.8286213874816895
transformer.h.24.mlp.c_fc,3328,3584,18.778125793976468,-0.0013977883016949022,10.898962020874023,5,256,16,5.879263877868652
transformer.h.24.mlp.c_fc,3584,3840,18.776294384427814,-0.0032291978503486973,10.868411302566528,5,256,16,5.862384796142578
transformer.h.24.mlp.c_fc,3840,4096,18.779169872010286,-0.00035371026787700544,10.856250286102295,5,256,16,5.899151802062988
transformer.h.24.mlp.c_fc,4096,4352,18.778072197319947,-0.00145138495821584,10.93332815170288,5,256,16,5.923239707946777
transformer.h.24.mlp.c_fc,4352,4608,18.779469342007136,-5.424027102662876e-05,10.95877480506897,5,256,16,5.8747148513793945
transformer.h.24.mlp.c_fc,4608,4864,18.777715700301723,-0.0018078819764397736,10.856159448623657,5,256,16,5.887735843658447
transformer.h.24.mlp.c_fc,4864,5120,18.782064863405225,0.0025412811270619784,10.973179578781128,5,256,16,5.9065961837768555
transformer.h.24.mlp.c_fc,5120,5376,18.780963309377686,0.0014397270995232248,10.964891195297241,5,256,16,5.888125419616699
transformer.h.24.mlp.c_fc,5376,5632,18.779879729835887,0.0003561475577242845,10.914307832717896,5,256,16,5.852090358734131
transformer.h.24.mlp.c_fc,5632,5888,18.778737241601267,-0.0007863406768962022,10.96014928817749,5,256,16,5.900129318237305
transformer.h.24.mlp.c_fc,5888,6144,18.776538681425283,-0.002984900852879946,11.031931400299072,5,256,16,5.902090549468994
transformer.h.24.mlp.c_fc,6144,6400,18.779266965774863,-0.0002566165033002221,10.938657283782959,5,256,16,5.891114711761475
transformer.h.24.mlp.c_proj,0,256,18.7748619214957,-0.004661660782463883,10.925227403640747,5,256,16,12.051360130310059
transformer.h.24.mlp.c_proj,256,512,18.77603346339638,-0.0034901188817819673,11.028204441070557,5,256,16,12.071621894836426
transformer.h.24.mlp.c_proj,512,768,18.779322228853182,-0.00020135342498051045,10.913634538650513,5,256,16,12.055303573608398
transformer.h.24.mlp.c_proj,768,1024,18.777963213659625,-0.0015603686185379217,10.929188966751099,5,256,16,12.061803817749023
transformer.h.24.mlp.c_proj,1024,1280,18.780769360677166,0.0012457783990029725,10.93334436416626,5,256,16,12.046768188476562
transformer.h.24.mlp.c_proj,1280,1536,18.784637710683608,0.0051141284054452285,10.947002649307251,5,256,16,12.1229248046875
transformer.h.24.mlp.c_proj,1536,1600,18.77958908017273,6.549789456755661e-05,10.913450717926025,5,256,16,6.088925838470459
transformer.h.25.attn.c_attn,0,256,18.777939805279892,-0.001583776998270281,10.960034370422363,5,256,16,6.3294782638549805
transformer.h.25.attn.c_attn,256,512,18.77813218976909,-0.001391392509074052,10.876805782318115,5,256,16,6.067904472351074
transformer.h.25.attn.c_attn,512,768,18.7809668915625,0.001443309284336891,11.01916241645813,5,256,16,6.2755126953125
transformer.h.25.attn.c_attn,768,1024,18.78202673653025,0.002503154252085693,10.892268180847168,5,256,16,6.244949817657471
transformer.h.25.attn.c_attn,1024,1280,18.78163702801187,0.0021134457337055323,10.904040098190308,5,256,16,6.886185646057129
transformer.h.25.attn.c_attn,1280,1536,18.779094781392995,-0.0004288008851673908,10.882956266403198,5,256,16,6.39510440826416
transformer.h.25.attn.c_attn,1536,1792,18.778982721677544,-0.0005408606006191974,10.901871681213379,5,256,16,6.529898166656494
transformer.h.25.attn.c_attn,1792,2048,18.779984758835578,0.0004611765574153992,11.00583291053772,5,256,16,6.6331634521484375
transformer.h.25.attn.c_attn,2048,2304,18.77828274735651,-0.0012408349216528336,10.97690725326538,5,256,16,6.784353256225586
transformer.h.25.attn.c_attn,2304,2560,18.77840388505128,-0.0011196972268834315,10.861654281616211,5,256,16,6.640984535217285
transformer.h.25.attn.c_attn,2560,2816,18.780256736782732,0.0007331545045694554,10.891900062561035,5,256,16,7.018547534942627
transformer.h.25.attn.c_attn,2816,3072,18.777340407201443,-0.0021831750767198344,10.97232174873352,5,256,16,6.961276531219482
transformer.h.25.attn.c_attn,3072,3328,18.78232548441865,0.0028019021404865896,10.975390672683716,5,256,16,5.9776811599731445
transformer.h.25.attn.c_attn,3328,3584,18.778354380956987,-0.0011692013211757057,10.967401504516602,5,256,16,5.125030994415283
transformer.h.25.attn.c_attn,3584,3840,18.780106291297887,0.0005827090197243479,10.956275463104248,5,256,16,5.1134138107299805
transformer.h.25.attn.c_attn,3840,4096,18.776631156981903,-0.0028924252962596597,11.017635583877563,5,256,16,5.206838607788086
transformer.h.25.attn.c_attn,4096,4352,18.77958076499767,5.718271950883036e-05,10.933870792388916,5,256,16,5.387277126312256
transformer.h.25.attn.c_attn,4352,4608,18.77903273911631,-0.0004908431618524389,10.936179399490356,5,256,16,5.283022403717041
transformer.h.25.attn.c_attn,4608,4800,18.778795061528353,-0.0007285207498100021,10.931784391403198,5,256,16,4.489425182342529
transformer.h.25.attn.c_proj,0,256,18.7790285176905,-0.0004950645876640181,10.907619714736938,5,256,16,5.987297058105469
transformer.h.25.attn.c_proj,256,512,18.775751954134222,-0.0037716281439408306,10.82222604751587,5,256,16,5.99432373046875
transformer.h.25.attn.c_proj,512,768,18.78136861233659,0.001845030058426289,10.850369691848755,5,256,16,5.9844255447387695
transformer.h.25.attn.c_proj,768,1024,18.780901132993037,0.0013775507148743316,10.935741901397705,5,256,16,6.002335548400879
transformer.h.25.attn.c_proj,1024,1280,18.775435916734022,-0.004087665544140862,10.906408548355103,5,256,16,5.984586715698242
transformer.h.25.attn.c_proj,1280,1536,18.777924839281912,-0.001598742996250735,10.829099893569946,5,256,16,6.05446195602417
transformer.h.25.attn.c_proj,1536,1600,18.77957436871168,5.078643351552614e-05,10.936815023422241,5,256,16,3.0456290245056152
transformer.h.25.mlp.c_fc,0,256,18.777781063977404,-0.0017425183007588885,10.941200256347656,5,256,16,5.886159896850586
transformer.h.25.mlp.c_fc,256,512,18.77830973784175,-0.0012138444364140355,10.832864046096802,5,256,16,5.909050941467285
transformer.h.25.mlp.c_fc,512,768,18.78316673794221,0.0036431556640472706,10.95082712173462,5,256,16,5.772653579711914
transformer.h.25.mlp.c_fc,768,1024,18.778367428535063,-0.0011561537430999635,10.993738889694214,5,256,16,5.893328666687012
transformer.h.25.mlp.c_fc,1024,1280,18.78030151245737,0.0007779301792076865,10.889349699020386,5,256,16,5.885388374328613
transformer.h.25.mlp.c_fc,1280,1536,18.779974652487283,0.0004510702091202745,10.954491376876831,5,256,16,5.884506702423096
transformer.h.25.mlp.c_fc,1536,1792,18.77641793947535,-0.003105642802811559,11.001005411148071,5,256,16,5.905719757080078
transformer.h.25.mlp.c_fc,1792,2048,18.77906446380125,-0.0004591184769111578,10.891313314437866,5,256,16,5.925815582275391
transformer.h.25.mlp.c_fc,2048,2304,18.77868198024443,-0.00084160203373429,10.952502250671387,5,256,16,5.917118549346924
transformer.h.25.mlp.c_fc,2304,2560,18.78041370797385,0.0008901256956868053,10.965734958648682,5,256,16,5.908735275268555
transformer.h.25.mlp.c_fc,2560,2816,18.780399763454717,0.0008761811765545247,11.039007186889648,5,256,16,5.851552963256836
transformer.h.25.mlp.c_fc,2816,3072,18.778552909792133,-0.0009706724860301108,10.930810928344727,5,256,16,5.87338399887085
transformer.h.25.mlp.c_fc,3072,3328,18.779044891711063,-0.00047869056709970437,10.949104070663452,5,256,16,5.874845027923584
transformer.h.25.mlp.c_fc,3328,3584,18.77795400380182,-0.0015695784763423148,10.90548062324524,5,256,16,5.905005931854248
transformer.h.25.mlp.c_fc,3584,3840,18.77871012258176,-0.0008134596964026741,10.99424409866333,5,256,16,5.901318073272705
transformer.h.25.mlp.c_fc,3840,4096,18.783719874668364,0.0041962923902012506,10.90079379081726,5,256,16,5.891605377197266
transformer.h.25.mlp.c_fc,4096,4352,18.777952085082017,-0.001571497196145799,10.904367446899414,5,256,16,5.891175270080566
transformer.h.25.mlp.c_fc,4352,4608,18.778302702403472,-0.0012208798746904392,10.846923351287842,5,256,16,5.8721489906311035
transformer.h.25.mlp.c_fc,4608,4864,18.778629661193023,-0.0008939210851401924,10.851777791976929,5,256,16,5.887433052062988
transformer.h.25.mlp.c_fc,4864,5120,18.780195458246748,0.0006718759685853115,10.9296395778656,5,256,16,5.844364166259766
transformer.h.25.mlp.c_fc,5120,5376,18.778043800108083,-0.0014797821700796021,10.888216495513916,5,256,16,5.860074043273926
transformer.h.25.mlp.c_fc,5376,5632,18.7823744872026,0.0028509049244362927,10.938069820404053,5,256,16,5.817492961883545
transformer.h.25.mlp.c_fc,5632,5888,18.781980421437236,0.002456839159073354,10.93909239768982,5,256,16,5.903855323791504
transformer.h.25.mlp.c_fc,5888,6144,18.778851858267227,-0.0006717240109352929,10.896135091781616,5,256,16,5.880977630615234
transformer.h.25.mlp.c_fc,6144,6400,18.779238310909385,-0.000285271368777984,10.963695287704468,5,256,16,5.909142017364502
transformer.h.25.mlp.c_proj,0,256,18.780861729135662,0.0013381468574991118,10.909562349319458,5,256,16,12.295028686523438
transformer.h.25.mlp.c_proj,256,512,18.780335925834148,0.000812343555985251,10.909119606018066,5,256,16,12.318888664245605
transformer.h.25.mlp.c_proj,512,768,18.78432689795476,0.004803315676596753,11.001215934753418,5,256,16,12.329055786132812
transformer.h.25.mlp.c_proj,768,1024,18.773511285799323,-0.006012296478839829,10.981908559799194,5,256,16,12.270767211914062
transformer.h.25.mlp.c_proj,1024,1280,18.77311574352717,-0.006407838750991601,10.896420955657959,5,256,16,12.277989387512207
transformer.h.25.mlp.c_proj,1280,1536,18.790069766183315,0.010546183905152162,10.92370057106018,5,256,16,12.374186515808105
transformer.h.25.mlp.c_proj,1536,1600,18.777656476658972,-0.0018671056191905677,10.915526390075684,5,256,16,6.22094202041626
transformer.h.26.attn.c_attn,0,256,18.781626153136354,0.0021025708581916547,10.956130504608154,5,256,16,6.333980560302734
transformer.h.26.attn.c_attn,256,512,18.781465845407876,0.0019422631297132398,10.894232034683228,5,256,16,6.411036014556885
transformer.h.26.attn.c_attn,512,768,18.77761554466083,-0.0019080376173334912,10.985559225082397,5,256,16,6.350708484649658
transformer.h.26.attn.c_attn,768,1024,18.77903644885493,-0.0004871334232312563,10.911390781402588,5,256,16,6.309815406799316
transformer.h.26.attn.c_attn,1024,1280,18.777774156650636,-0.0017494256275263353,10.880743026733398,5,256,16,6.459342002868652
transformer.h.26.attn.c_attn,1280,1536,18.778697330605013,-0.0008262516731498692,10.8466215133667,5,256,16,6.614269733428955
transformer.h.26.attn.c_attn,1536,1792,18.783961837122057,0.0044382548438939295,10.896010875701904,5,256,16,6.555287837982178
transformer.h.26.attn.c_attn,1792,2048,18.773965664559515,-0.005557917718647332,11.033790826797485,5,256,16,6.910799980163574
transformer.h.26.attn.c_attn,2048,2304,18.780028254573818,0.0005046722956549843,10.930197477340698,5,256,16,6.682674884796143
transformer.h.26.attn.c_attn,2304,2560,18.778766791143536,-0.0007567911346271217,10.841301441192627,5,256,16,6.61676025390625
transformer.h.26.attn.c_attn,2560,2816,18.778550223498783,-0.0009733587793796517,10.966017484664917,5,256,16,6.859333038330078
transformer.h.26.attn.c_attn,2816,3072,18.778471297813315,-0.0010522844648477303,10.989602327346802,5,256,16,7.052407741546631
transformer.h.26.attn.c_attn,3072,3328,18.782398412890295,0.0028748306121322287,10.823173522949219,5,256,16,6.152171611785889
transformer.h.26.attn.c_attn,3328,3584,18.781570371520942,0.0020467892427795675,10.995988607406616,5,256,16,5.373105049133301
transformer.h.26.attn.c_attn,3584,3840,18.778578109800833,-0.0009454724773299006,10.965028285980225,5,256,16,5.1603498458862305
transformer.h.26.attn.c_attn,3840,4096,18.776045741951858,-0.0034778403263047153,10.985833644866943,5,256,16,5.309842586517334
transformer.h.26.attn.c_attn,4096,4352,18.78102817261562,0.0015045903374577563,11.007515668869019,5,256,16,5.5464582443237305
transformer.h.26.attn.c_attn,4352,4608,18.77941663698819,-0.00010694528997134967,10.931246757507324,5,256,16,5.434223175048828
transformer.h.26.attn.c_attn,4608,4800,18.7814328372825,0.0019092550043389167,10.91367483139038,5,256,16,4.643109321594238
transformer.h.26.attn.c_proj,0,256,18.77872508920561,-0.0007984930725513095,10.85802936553955,5,256,16,5.960029125213623
transformer.h.26.attn.c_proj,256,512,18.778410792609694,-0.0011127896684683947,10.876433849334717,5,256,16,5.985435485839844
transformer.h.26.attn.c_proj,512,768,18.77974041700203,0.0002168347238686863,10.863931894302368,5,256,16,5.934120178222656
transformer.h.26.attn.c_proj,768,1024,18.777086634522906,-0.002436947755256824,10.86850619316101,5,256,16,5.954707622528076
transformer.h.26.attn.c_proj,1024,1280,18.781105317941737,0.0015817356635743351,10.918765306472778,5,256,16,5.9296064376831055
transformer.h.26.attn.c_proj,1280,1536,18.781068216501563,0.0015446342234000099,11.006060123443604,5,256,16,6.047444820404053
transformer.h.26.attn.c_proj,1536,1600,18.78025596920067,0.0007323869225075441,10.919468641281128,5,256,16,3.0607151985168457
transformer.h.26.mlp.c_fc,0,256,18.77858386615274,-0.0009397161254227626,10.898512125015259,5,256,16,5.900859832763672
transformer.h.26.mlp.c_fc,256,512,18.781109923642873,0.0015863413647103641,10.842164516448975,5,256,16,5.8640828132629395
transformer.h.26.mlp.c_fc,512,768,18.777145216822635,-0.002378365455527387,10.886348485946655,5,256,16,5.885836601257324
transformer.h.26.mlp.c_fc,768,1024,18.778913388261515,-0.0006101940166480802,11.02165150642395,5,256,16,5.832613468170166
transformer.h.26.mlp.c_fc,1024,1280,18.77573967577087,-0.0037839065072944322,10.863288402557373,5,256,16,5.90322732925415
transformer.h.26.mlp.c_fc,1280,1536,18.778691957977383,-0.0008316243007797652,10.947546482086182,5,256,16,5.867245197296143
transformer.h.26.mlp.c_fc,1536,1792,18.77995175331319,0.00042817103502557075,11.012627363204956,5,256,16,5.859907627105713
transformer.h.26.mlp.c_fc,1792,2048,18.77768653615193,-0.001837046126233588,10.94683289527893,5,256,16,5.87092924118042
transformer.h.26.mlp.c_fc,2048,2304,18.779684768913732,0.00016118663556952129,10.942896127700806,5,256,16,5.843222618103027
transformer.h.26.mlp.c_fc,2304,2560,18.777039819978082,-0.0024837623000806275,10.88481855392456,5,256,16,5.850935935974121
transformer.h.26.mlp.c_fc,2560,2816,18.77713946091173,-0.0023841213664326233,10.997107744216919,5,256,16,5.862255573272705
transformer.h.26.mlp.c_fc,2816,3072,18.773990091086368,-0.005533491191794582,10.883661031723022,5,256,16,5.852758407592773
transformer.h.26.mlp.c_fc,3072,3328,18.77903760015327,-0.0004859821248928142,10.949656009674072,5,256,16,5.852452278137207
transformer.h.26.mlp.c_fc,3328,3584,18.7777273403917,-0.0017962418864634344,10.996550798416138,5,256,16,5.872424602508545
transformer.h.26.mlp.c_fc,3584,3840,18.77719996201904,-0.002323620259122805,10.850894689559937,5,256,16,5.86916446685791
transformer.h.26.mlp.c_fc,3840,4096,18.779357024208146,-0.00016655807001697553,10.98303747177124,5,256,16,5.896822929382324
transformer.h.26.mlp.c_fc,4096,4352,18.780558398962434,0.0010348166842710782,10.97767448425293,5,256,16,5.893001079559326
transformer.h.26.mlp.c_fc,4352,4608,18.779860412751297,0.00033683047313459724,10.988189458847046,5,256,16,5.874000549316406
transformer.h.26.mlp.c_fc,4608,4864,18.7783374958694,-0.0011860864087616108,10.858689308166504,5,256,16,5.846575736999512
transformer.h.26.mlp.c_fc,4864,5120,18.77849176473393,-0.0010318175442343147,10.915521621704102,5,256,16,5.8542680740356445
transformer.h.26.mlp.c_fc,5120,5376,18.779395401512655,-0.0001281807655075795,11.000257015228271,5,256,16,5.8772969245910645
transformer.h.26.mlp.c_fc,5376,5632,18.77979222743938,0.0002686451612170515,11.07572078704834,5,256,16,5.867927551269531
transformer.h.26.mlp.c_fc,5632,5888,18.779250591560665,-0.00027299071749808945,10.839322328567505,5,256,16,5.883938312530518
transformer.h.26.mlp.c_fc,5888,6144,18.77666300551555,-0.002860576762611089,10.967448711395264,5,256,16,5.897881507873535
transformer.h.26.mlp.c_fc,6144,6400,18.777107099934355,-0.0024164823438077576,10.855101585388184,5,256,16,5.867015361785889
transformer.h.26.mlp.c_proj,0,256,18.777439154352074,-0.002084427926089205,10.994644403457642,5,256,16,12.52114486694336
transformer.h.26.mlp.c_proj,256,512,18.77716325202158,-0.0023603302565824436,10.960792779922485,5,256,16,12.547266006469727
transformer.h.26.mlp.c_proj,512,768,18.78447648153678,0.00495289925861897,10.874911308288574,5,256,16,12.539972305297852
transformer.h.26.mlp.c_proj,768,1024,18.77788224381448,-0.0016413384636813078,10.952431201934814,5,256,16,12.509138107299805
transformer.h.26.mlp.c_proj,1024,1280,18.778186298261808,-0.0013372840163548005,10.862966060638428,5,256,16,12.500022888183594
transformer.h.26.mlp.c_proj,1280,1536,18.77257570686594,-0.00694787541222297,10.86545181274414,5,256,16,12.605281829833984
transformer.h.26.mlp.c_proj,1536,1600,18.78219664481079,0.0026730625326258917,11.004706621170044,5,256,16,6.340025901794434
transformer.h.27.attn.c_attn,0,256,18.784787936546763,0.005264354268600613,10.795445442199707,5,256,16,6.362040042877197
transformer.h.27.attn.c_attn,256,512,18.7789979443622,-0.0005256379159632729,10.956419229507446,5,256,16,6.442428112030029
transformer.h.27.attn.c_attn,512,768,18.781684493718707,0.002160911440544311,10.971647500991821,5,256,16,6.088282585144043
transformer.h.27.attn.c_attn,768,1024,18.778838042828443,-0.0006855394497193856,10.904677152633667,5,256,16,6.252223491668701
transformer.h.27.attn.c_attn,1024,1280,18.778412199705237,-0.0011113825729260896,10.991204738616943,5,256,16,6.537727355957031
transformer.h.27.attn.c_attn,1280,1536,18.780179594942247,0.0006560126640842157,10.981497287750244,5,256,16,6.479703903198242
transformer.h.27.attn.c_attn,1536,1792,18.77877267547352,-0.0007509068046438472,10.855039596557617,5,256,16,6.449739933013916
transformer.h.27.attn.c_attn,1792,2048,18.776356417657507,-0.0031671646206561377,11.00143837928772,5,256,16,6.540587425231934
transformer.h.27.attn.c_attn,2048,2304,18.767237174974362,-0.012286407303800928,10.925191640853882,5,256,16,6.3994460105896
transformer.h.27.attn.c_attn,2304,2560,18.77845390094833,-0.0010696813298345376,10.801148414611816,5,256,16,6.615023136138916
transformer.h.27.attn.c_attn,2560,2816,18.7800400240262,0.0005164417480365557,10.939760684967041,5,256,16,6.668275833129883
transformer.h.27.attn.c_attn,2816,3072,18.779010608621856,-0.0005129736563063148,10.95337700843811,5,256,16,6.8065900802612305
transformer.h.27.attn.c_attn,3072,3328,18.78145317949245,0.00192959721428565,10.907159328460693,5,256,16,6.542942523956299
transformer.h.27.attn.c_attn,3328,3584,18.777160054290004,-0.0023635279881588644,10.91914176940918,5,256,16,5.315216541290283
transformer.h.27.attn.c_attn,3584,3840,18.777762772358344,-0.001760809919819195,10.879539251327515,5,256,16,5.289185523986816
transformer.h.27.attn.c_attn,3840,4096,18.774887500232563,-0.004636082045600176,10.905171394348145,5,256,16,5.58234977722168
transformer.h.27.attn.c_attn,4096,4352,18.77894549650907,-0.0005780857690922403,10.972534894943237,5,256,16,5.071665287017822
transformer.h.27.attn.c_attn,4352,4608,18.783338319902896,0.0038147376247330556,10.954752206802368,5,256,16,5.548405170440674
transformer.h.27.attn.c_attn,4608,4800,18.777738980488888,-0.0017846017892750865,10.91442584991455,5,256,16,4.827414512634277
transformer.h.27.attn.c_proj,0,256,18.775788021873005,-0.0037355604051576563,11.032182216644287,5,256,16,5.97977352142334
transformer.h.27.attn.c_proj,256,512,18.778661513116493,-0.000862069161669865,10.925233364105225,5,256,16,6.000528335571289
transformer.h.27.attn.c_proj,512,768,18.780622365272055,0.0010987829938926552,10.919262647628784,5,256,16,5.976701736450195
transformer.h.27.attn.c_proj,768,1024,18.77821520735491,-0.0013083749232514208,10.96277379989624,5,256,16,5.97837495803833
transformer.h.27.attn.c_proj,1024,1280,18.779271826872442,-0.0002517554057206439,10.940941572189331,5,256,16,6.003926753997803
transformer.h.27.attn.c_proj,1280,1536,18.77784233463538,-0.0016812476427823242,11.035476684570312,5,256,16,6.078454494476318
transformer.h.27.attn.c_proj,1536,1600,18.77910987624595,-0.00041370603221224655,10.911108493804932,5,256,16,3.073354721069336
transformer.h.27.mlp.c_fc,0,256,18.77904847352997,-0.00047510874819423066,10.932479858398438,5,256,16,5.8991899490356445
transformer.h.27.mlp.c_fc,256,512,18.78294922391389,0.0034256416357258956,10.93942379951477,5,256,16,5.879858016967773
transformer.h.27.mlp.c_fc,512,768,18.778338391290337,-0.0011851909878259903,10.874983310699463,5,256,16,5.930159091949463
transformer.h.27.mlp.c_fc,768,1024,18.775772673890586,-0.0037509083875768567,10.875243186950684,5,256,16,5.876490116119385
transformer.h.27.mlp.c_fc,1024,1280,18.776330069497803,-0.003193512780359953,10.881690502166748,5,256,16,5.8696818351745605
transformer.h.27.mlp.c_fc,1280,1536,18.77719471772929,-0.002328864548871934,10.820310592651367,5,256,16,5.882913589477539
transformer.h.27.mlp.c_fc,1536,1792,18.781204084891456,0.0016805026132935552,10.858973979949951,5,256,16,5.880667686462402
transformer.h.27.mlp.c_fc,1792,2048,18.779924120827424,0.0004005385492611424,10.959131240844727,5,256,16,5.937058925628662
transformer.h.27.mlp.c_fc,2048,2304,18.777625777652,-0.001897804626164401,10.837018489837646,5,256,16,5.887363910675049
transformer.h.27.mlp.c_fc,2304,2560,18.779324915256968,-0.0001986670211948649,10.822621583938599,5,256,16,5.871029853820801
transformer.h.27.mlp.c_fc,2560,2816,18.781913124019443,0.0023895417412802544,10.920329093933105,5,256,16,5.847026348114014
transformer.h.27.mlp.c_fc,2816,3072,18.780902028536207,0.0013784462580446188,10.937183141708374,5,256,16,5.88239049911499
transformer.h.27.mlp.c_fc,3072,3328,18.77864501151084,-0.0008785707673233389,10.919000148773193,5,256,16,5.898682117462158
transformer.h.27.mlp.c_fc,3328,3584,18.778465029823337,-0.0010585524548254455,11.013190746307373,5,256,16,5.8872833251953125
transformer.h.27.mlp.c_fc,3584,3840,18.78757245093367,0.008048868655507135,10.879537343978882,5,256,16,5.903763294219971
transformer.h.27.mlp.c_fc,3840,4096,18.780496863578183,0.0009732813000198348,10.843222856521606,5,256,16,5.885976314544678
transformer.h.27.mlp.c_fc,4096,4352,18.77853410574676,-0.0009894765314015785,11.026992321014404,5,256,16,5.906289100646973
transformer.h.27.mlp.c_fc,4352,4608,18.779487507363477,-3.607491468571311e-05,11.038990259170532,5,256,16,5.898965358734131
transformer.h.27.mlp.c_fc,4608,4864,18.777008482438156,-0.0025150998400071956,10.98097276687622,5,256,16,5.899479389190674
transformer.h.27.mlp.c_fc,4864,5120,18.77995814972772,0.00043456744955605586,10.963676929473877,5,256,16,5.865659713745117
transformer.h.27.mlp.c_fc,5120,5376,18.777590729680405,-0.0019328525977577726,10.992097854614258,5,256,16,5.886571407318115
transformer.h.27.mlp.c_fc,5376,5632,18.779305342895327,-0.0002182393828356055,11.251911163330078,5,256,16,5.848541259765625
transformer.h.27.mlp.c_fc,5632,5888,18.780526927618062,0.0010033453398996528,10.912692785263062,5,256,16,5.842596530914307
transformer.h.27.mlp.c_fc,5888,6144,18.780805949790597,0.0012823675124344902,10.951227903366089,5,256,16,5.867528438568115
transformer.h.27.mlp.c_fc,6144,6400,18.780499294286006,0.000975712007843299,10.885373592376709,5,256,16,5.853260517120361
transformer.h.27.mlp.c_proj,0,256,18.78028923111885,0.0007656488406873052,10.977858781814575,5,256,16,12.75699234008789
transformer.h.27.mlp.c_proj,256,512,18.778596274295083,-0.0009273079830798281,11.06944751739502,5,256,16,12.769076347351074
transformer.h.27.mlp.c_proj,512,768,18.78796663402571,0.008443051747548225,10.907869577407837,5,256,16,12.738340377807617
transformer.h.27.mlp.c_proj,768,1024,18.786511397217883,0.006987814939719783,10.958850860595703,5,256,16,12.723676681518555
transformer.h.27.mlp.c_proj,1024,1280,18.78180143130881,0.0022778490306478716,10.930423498153687,5,256,16,12.714491844177246
transformer.h.27.mlp.c_proj,1280,1536,18.78126511084409,0.0017415285659261315,10.891484260559082,5,256,16,12.854735374450684
transformer.h.27.mlp.c_proj,1536,1600,18.7802227073414,0.0006991250632388812,10.95573091506958,5,256,16,6.443816661834717
transformer.h.28.attn.c_attn,0,256,18.78050389983853,0.0009803175603657621,10.917537450790405,5,256,16,5.827175617218018
transformer.h.28.attn.c_attn,256,512,18.77998028133883,0.0004566990606669208,10.914486646652222,5,256,16,6.212277412414551
transformer.h.28.attn.c_attn,512,768,18.778711145940274,-0.0008124363378883004,10.901125192642212,5,256,16,6.366428852081299
transformer.h.28.attn.c_attn,768,1024,18.77648508929871,-0.0030384929794529114,10.884673595428467,5,256,16,6.21909761428833
transformer.h.28.attn.c_attn,1024,1280,18.781004504544256,0.0014809222660936427,10.877582788467407,5,256,16,6.296143054962158
transformer.h.28.attn.c_attn,1280,1536,18.777766226019324,-0.0017573562588388825,10.891932249069214,5,256,16,6.341508388519287
transformer.h.28.attn.c_attn,1536,1792,18.7794619223596,-6.165991856121877e-05,10.867785692214966,5,256,16,6.271279811859131
transformer.h.28.attn.c_attn,1792,2048,18.77967568613796,0.00015210385979713692,10.86257028579712,5,256,16,6.534657955169678
transformer.h.28.attn.c_attn,2048,2304,18.781005272156918,0.001481689878755077,10.908205270767212,5,256,16,6.320465087890625
transformer.h.28.attn.c_attn,2304,2560,18.781103782708275,0.0015802004301121997,10.908973455429077,5,256,16,6.41624641418457
transformer.h.28.attn.c_attn,2560,2816,18.77789119780862,-0.0016323844695413925,10.91564393043518,5,256,16,6.559371471405029
transformer.h.28.attn.c_attn,2816,3072,18.778348368840728,-0.0011752134374347634,10.87230920791626,5,256,16,6.670990943908691
transformer.h.28.attn.c_attn,3072,3328,18.777660697776355,-0.0018628845018078266,10.921082258224487,5,256,16,5.84303092956543
transformer.h.28.attn.c_attn,3328,3584,18.781973512565745,0.002449930287582447,11.023257732391357,5,256,16,5.630434989929199
transformer.h.28.attn.c_attn,3584,3840,18.778481659189087,-0.0010419230890761355,10.922576904296875,5,256,16,5.968514919281006
transformer.h.28.attn.c_attn,3840,4096,18.777377629188184,-0.0021459530899790025,10.951989889144897,5,256,16,5.628638744354248
transformer.h.28.attn.c_attn,4096,4352,18.776234142044217,-0.0032894402339458395,10.908910751342773,5,256,16,5.816051483154297
transformer.h.28.attn.c_attn,4352,4608,18.769572220264045,-0.009951362014117393,11.046687602996826,5,256,16,5.487575531005859
transformer.h.28.attn.c_attn,4608,4800,18.78374520956502,0.004221627286856489,11.013201713562012,5,256,16,5.375311851501465
transformer.h.28.attn.c_proj,0,256,18.773777287228977,-0.005746295049185335,11.0172598361969,5,256,16,6.323225498199463
transformer.h.28.attn.c_proj,256,512,18.774103016228292,-0.005420566049870956,10.955898523330688,5,256,16,6.323443412780762
transformer.h.28.attn.c_proj,512,768,18.782800292231986,0.0032767099538233424,10.999011039733887,5,256,16,6.288822174072266
transformer.h.28.attn.c_proj,768,1024,18.776350661988396,-0.0031729202897672337,10.946470260620117,5,256,16,6.311219215393066
transformer.h.28.attn.c_proj,1024,1280,18.780447609829622,0.0009240275514592611,10.905759811401367,5,256,16,6.289261817932129
transformer.h.28.attn.c_proj,1280,1536,18.777484051220526,-0.0020395310576368786,10.95117735862732,5,256,16,6.429712772369385
transformer.h.28.attn.c_proj,1536,1600,18.780175757048013,0.0006521747698506886,10.932586908340454,5,256,16,3.2573020458221436
transformer.h.28.mlp.c_fc,0,256,18.77876436065994,-0.000759221618221062,10.874141454696655,5,256,16,5.928116798400879
transformer.h.28.mlp.c_fc,256,512,18.778727647604043,-0.0007959346741195361,10.898185968399048,5,256,16,5.870169162750244
transformer.h.28.mlp.c_fc,512,768,18.777813426116314,-0.0017101561618488859,10.918744325637817,5,256,16,5.887394428253174
transformer.h.28.mlp.c_fc,768,1024,18.77677786533463,-0.002745716943532983,10.997742176055908,5,256,16,5.883459091186523
transformer.h.28.mlp.c_fc,1024,1280,18.778607019497137,-0.0009165627810254762,10.91655945777893,5,256,16,5.881333351135254
transformer.h.28.mlp.c_fc,1280,1536,18.779366874375494,-0.0001567079026685292,10.913853883743286,5,256,16,5.895499229431152
transformer.h.28.mlp.c_fc,1536,1792,18.779768560925568,0.00024497864740524733,10.930497407913208,5,256,16,5.935908794403076
transformer.h.28.mlp.c_fc,1792,2048,18.77837420816255,-0.001149374115613,10.96277403831482,5,256,16,5.887478828430176
transformer.h.28.mlp.c_fc,2048,2304,18.78266889043139,0.0031453081532255567,10.918262720108032,5,256,16,5.85801362991333
transformer.h.28.mlp.c_fc,2304,2560,18.777444782443666,-0.0020787998344964365,10.981716394424438,5,256,16,5.8958563804626465
transformer.h.28.mlp.c_fc,2560,2816,18.777924839281912,-0.001598742996250735,10.916768550872803,5,256,16,5.903894901275635
transformer.h.28.mlp.c_fc,2816,3072,18.77862224187724,-0.0009013404009223791,10.912544012069702,5,256,16,5.939854621887207
transformer.h.28.mlp.c_fc,3072,3328,18.778737241601267,-0.0007863406768962022,11.01426076889038,5,256,16,5.902756690979004
transformer.h.28.mlp.c_fc,3328,3584,18.777475225331926,-0.002048356946236396,11.005703926086426,5,256,16,5.912018775939941
transformer.h.28.mlp.c_fc,3584,3840,18.77847347242257,-0.0010501098555941724,10.816798448562622,5,256,16,5.877644062042236
transformer.h.28.mlp.c_fc,3840,4096,18.781429127070492,0.0019055447923292945,10.862757205963135,5,256,16,5.872067451477051
transformer.h.28.mlp.c_fc,4096,4352,18.77759098550478,-0.0019325967733827554,10.87828803062439,5,256,16,5.907166481018066
transformer.h.28.mlp.c_fc,4352,4608,18.778563782888188,-0.0009597993899745916,11.004659175872803,5,256,16,5.862593650817871
transformer.h.28.mlp.c_fc,4608,4864,18.77634132501781,-0.0031822572603523724,10.879274845123291,5,256,16,5.893314361572266
transformer.h.28.mlp.c_fc,4864,5120,18.778030113178964,-0.0014934690991985633,11.01894736289978,5,256,16,5.916048049926758
transformer.h.28.mlp.c_fc,5120,5376,18.779516034683894,-7.547594268686453e-06,10.88817048072815,5,256,16,5.902649402618408
transformer.h.28.mlp.c_fc,5376,5632,18.77681086527895,-0.0027127169992127165,10.828675508499146,5,256,16,5.914677619934082
transformer.h.28.mlp.c_fc,5632,5888,18.779529722696065,6.1404179021451455e-06,10.93334674835205,5,256,16,5.844423294067383
transformer.h.28.mlp.c_fc,5888,6144,18.782052452970976,0.0025288706928137117,10.854581594467163,5,256,16,5.86590051651001
transformer.h.28.mlp.c_fc,6144,6400,18.780276565996903,0.0007529837187405519,10.936094999313354,5,256,16,5.9096174240112305
transformer.h.28.mlp.c_proj,0,256,18.778369603132298,-0.001153979145865236,10.829693078994751,5,256,16,13.002776145935059
transformer.h.28.mlp.c_proj,256,512,18.780007402192616,0.0004838199144536759,10.854059934616089,5,256,16,13.072030067443848
transformer.h.28.mlp.c_proj,512,768,18.776766481646362,-0.0027571006318005686,10.95110297203064,5,256,16,13.058426856994629
transformer.h.28.mlp.c_proj,768,1024,18.780614433437837,0.001090851159673889,10.97811770439148,5,256,16,12.987902641296387
transformer.h.28.mlp.c_proj,1024,1280,18.778426142748607,-0.001097439529555544,10.896597623825073,5,256,16,12.996334075927734
transformer.h.28.mlp.c_proj,1280,1536,18.783043266434685,0.0035196841565223735,10.977944374084473,5,256,16,13.147679328918457
transformer.h.28.mlp.c_proj,1536,1600,18.777759574524683,-0.0017640077534792908,10.943889379501343,5,256,16,6.582413196563721
transformer.h.29.attn.c_attn,0,256,18.777940572767285,-0.001583009510877531,10.998852729797363,5,256,16,6.63279914855957
transformer.h.29.attn.c_attn,256,512,18.776426892771255,-0.0030966895069077793,10.957384586334229,5,256,16,6.297121047973633
transformer.h.29.attn.c_attn,512,768,18.780612130647878,0.0010885483697151699,10.964733839035034,5,256,16,6.261825084686279
transformer.h.29.attn.c_attn,768,1024,18.768790259691887,-0.010733322586276017,10.933276891708374,5,256,16,6.553412914276123
transformer.h.29.attn.c_attn,1024,1280,18.779719181160377,0.0001955988822146537,10.924172163009644,5,256,16,6.114612102508545
transformer.h.29.attn.c_attn,1280,1536,18.778824483241007,-0.0006990990371562589,10.976204633712769,5,256,16,6.425476551055908
transformer.h.29.attn.c_attn,1536,1792,18.777000680038388,-0.0025229022397752487,10.858986854553223,5,256,16,6.712602138519287
transformer.h.29.attn.c_attn,1792,2048,18.775922189353512,-0.0036013929246507814,10.830892324447632,5,256,16,6.489043712615967
transformer.h.29.attn.c_attn,2048,2304,18.7792687567054,-0.00025482557276390594,10.90384578704834,5,256,16,6.422924041748047
transformer.h.29.attn.c_attn,2304,2560,18.78165583516438,0.0021322528862164347,10.946248054504395,5,256,16,6.719762325286865
transformer.h.29.attn.c_attn,2560,2816,18.77766543054546,-0.0018581517327014296,10.969890594482422,5,256,16,6.04484224319458
transformer.h.29.attn.c_attn,2816,3072,18.779045275477344,-0.00047830680081872856,10.912963390350342,5,256,16,6.648672580718994
transformer.h.29.attn.c_attn,3072,3328,18.77901559757498,-0.0005079847031836948,10.87084412574768,5,256,16,6.04765510559082
transformer.h.29.attn.c_attn,3328,3584,18.77824206982645,-0.0012815124517118193,10.989594459533691,5,256,16,5.430503845214844
transformer.h.29.attn.c_attn,3584,3840,18.779654962074478,0.00013137979631494545,10.921446323394775,5,256,16,5.689356803894043
transformer.h.29.attn.c_attn,3840,4096,18.77730497603176,-0.0022186062464015777,10.867249965667725,5,256,16,5.836156845092773
transformer.h.29.attn.c_attn,4096,4352,18.782913398315532,0.003389816037369542,10.985029220581055,5,256,16,5.6794257164001465
transformer.h.29.attn.c_attn,4352,4608,18.780578612292736,0.0010550300145730773,10.975290060043335,5,256,16,5.749260425567627
transformer.h.29.attn.c_attn,4608,4800,18.78122928845792,0.0017057061797558504,10.941408395767212,5,256,16,4.836447238922119
transformer.h.29.attn.c_proj,0,256,18.77851235959531,-0.001011222682851809,11.036425828933716,5,256,16,6.063925743103027
transformer.h.29.attn.c_proj,256,512,18.77961415364596,9.057136779588859e-05,11.000033855438232,5,256,16,6.065770626068115
transformer.h.29.attn.c_proj,512,768,18.77732505795006,-0.002198524328104412,10.877713918685913,5,256,16,6.003503799438477
transformer.h.29.attn.c_proj,768,1024,18.778089338000147,-0.0014342442780161946,10.881717681884766,5,256,16,6.016274929046631
transformer.h.29.attn.c_proj,1024,1280,18.773253088977867,-0.006270493300295499,10.961625337600708,5,256,16,6.0302734375
transformer.h.29.attn.c_proj,1280,1536,18.7783374958694,-0.0011860864087616108,10.97611927986145,5,256,16,6.159725189208984
transformer.h.29.attn.c_proj,1536,1600,18.776673493799503,-0.0028500884786595293,10.857237100601196,5,256,16,3.1284899711608887
transformer.h.29.mlp.c_fc,0,256,18.78019891235515,0.0006753300769872794,10.980993032455444,5,256,16,5.898458957672119
transformer.h.29.mlp.c_fc,256,512,18.778818982656446,-0.0007045996217165396,10.895039796829224,5,256,16,5.926185607910156
transformer.h.29.mlp.c_fc,512,768,18.77609741429414,-0.0034261679840241754,10.877868890762329,5,256,16,5.932454586029053
transformer.h.29.mlp.c_fc,768,1024,18.78089767875548,0.0013740964773170106,10.997622728347778,5,256,16,5.886080741882324
transformer.h.29.mlp.c_fc,1024,1280,18.779765746531318,0.00024216425315515266,10.901747465133667,5,256,16,5.883180618286133
transformer.h.29.mlp.c_fc,1280,1536,18.77755811210137,-0.001965470176791939,11.026903867721558,5,256,16,5.911932468414307
transformer.h.29.mlp.c_fc,1536,1792,18.779220529563954,-0.00030305271420871804,11.026824235916138,5,256,16,5.9079270362854
transformer.h.29.mlp.c_fc,1792,2048,18.778290806122925,-0.001232776155237758,11.083057403564453,5,256,16,5.901422500610352
transformer.h.29.mlp.c_fc,2048,2304,18.77700464519196,-0.0025189370862044314,11.100154876708984,5,256,16,5.88560152053833
transformer.h.29.mlp.c_fc,2304,2560,18.780032860010827,0.0005092777326645148,10.89053201675415,5,256,16,5.900637626647949
transformer.h.29.mlp.c_fc,2560,2816,18.78124528058616,0.0017216983079961778,10.93700623512268,5,256,16,5.8932905197143555
transformer.h.29.mlp.c_fc,2816,3072,18.77832201788579,-0.0012015643923710684,10.908737182617188,5,256,16,5.8680500984191895
transformer.h.29.mlp.c_fc,3072,3328,18.779351523467597,-0.00017205881056625572,10.902526617050171,5,256,16,5.924959659576416
transformer.h.29.mlp.c_fc,3328,3584,18.780294987995283,0.0007714057171206434,10.929736137390137,5,256,16,5.8871355056762695
transformer.h.29.mlp.c_fc,3584,3840,18.77985235331128,0.0003287710331179028,10.873001098632812,5,256,16,5.8956756591796875
transformer.h.29.mlp.c_fc,3840,4096,18.779758454693628,0.00023487241546504833,10.967854022979736,5,256,16,5.8857574462890625
transformer.h.29.mlp.c_fc,4096,4352,18.779216819788967,-0.0003067624891954779,10.939404726028442,5,256,16,5.881835460662842
transformer.h.29.mlp.c_fc,4352,4608,18.779710482147827,0.00018689986966435868,10.923784971237183,5,256,16,5.902486324310303
transformer.h.29.mlp.c_fc,4608,4864,18.779036193010864,-0.0004873892672989655,10.829240798950195,5,256,16,5.91834831237793
transformer.h.29.mlp.c_fc,4864,5120,18.779476377882503,-4.720439565986112e-05,10.96770691871643,5,256,16,5.895350456237793
transformer.h.29.mlp.c_fc,5120,5376,18.780170383997394,0.0006468017192311493,10.940964698791504,5,256,16,5.908385753631592
transformer.h.29.mlp.c_fc,5376,5632,18.782778157297592,0.0032545750194294953,10.88257908821106,5,256,16,5.888974189758301
transformer.h.29.mlp.c_fc,5632,5888,18.77876295353801,-0.0007606287401529244,10.928662538528442,5,256,16,5.89693021774292
transformer.h.29.mlp.c_fc,5888,6144,18.777137158547863,-0.00238642373030018,10.932928800582886,5,256,16,5.926627159118652
transformer.h.29.mlp.c_fc,6144,6400,18.778131166442126,-0.0013924158360367755,10.895245790481567,5,256,16,5.869804382324219
transformer.h.29.mlp.c_proj,0,256,18.784332144236448,0.00480856195828494,10.882718563079834,5,256,16,13.161824226379395
transformer.h.29.mlp.c_proj,256,512,18.77956912375878,4.554148061686192e-05,11.025956153869629,5,256,16,13.19366455078125
transformer.h.29.mlp.c_proj,512,768,18.77978199326758,0.00025841098941725704,10.881605863571167,5,256,16,13.199645042419434
transformer.h.29.mlp.c_proj,768,1024,18.779197631309383,-0.0003259509687794093,10.895138025283813,5,256,16,13.1492919921875
transformer.h.29.mlp.c_proj,1024,1280,18.77886695292492,-0.0006566293532443979,10.981876850128174,5,256,16,13.131185531616211
transformer.h.29.mlp.c_proj,1280,1536,18.77798777330252,-0.0015358089756425386,11.004703521728516,5,256,16,13.278688430786133
transformer.h.29.mlp.c_proj,1536,1600,18.77944772269749,-7.585958067224396e-05,10.963468074798584,5,256,16,6.667262077331543
transformer.h.30.attn.c_attn,0,256,18.782866185399197,0.00334260312103396,10.818931341171265,5,256,16,6.341253757476807
transformer.h.30.attn.c_attn,256,512,18.78083025728299,0.0013066750048267295,10.934216499328613,5,256,16,6.628467082977295
transformer.h.30.attn.c_attn,512,768,18.778748882324493,-0.0007746999536699661,10.910710096359253,5,256,16,6.366798400878906
transformer.h.30.attn.c_attn,768,1024,18.77792445553853,-0.001599126739634471,10.992373704910278,5,256,16,6.067530632019043
transformer.h.30.attn.c_attn,1024,1280,18.778091128818378,-0.0014324534597847105,10.985862731933594,5,256,16,6.545845031738281
transformer.h.30.attn.c_attn,1280,1536,18.77957219397493,4.8611696765732404e-05,10.922587633132935,5,256,16,6.411805629730225
transformer.h.30.attn.c_attn,1536,1792,18.77829259696037,-0.0012309853177931984,11.019548177719116,5,256,16,6.609292507171631
transformer.h.30.attn.c_attn,1792,2048,18.780138145725992,0.0006145634478293971,10.99001693725586,5,256,16,6.588731288909912
transformer.h.30.attn.c_attn,2048,2304,18.777520761845164,-0.0020028204329989308,10.831966876983643,5,256,16,6.608253002166748
transformer.h.30.attn.c_attn,2304,2560,18.779270675559744,-0.0002529067184191547,11.04435133934021,5,256,16,6.351799011230469
transformer.h.30.attn.c_attn,2560,2816,18.780020450919253,0.000496868641089776,10.9533371925354,5,256,16,6.70742654800415
transformer.h.30.attn.c_attn,2816,3072,18.7804152431509,0.000891660872738953,10.941978216171265,5,256,16,6.512449741363525
transformer.h.30.attn.c_attn,3072,3328,18.780688122865453,0.001164540587289764,10.908873319625854,5,256,16,6.25386905670166
transformer.h.30.attn.c_attn,3328,3584,18.78077665290737,0.0012530706292075422,10.944464445114136,5,256,16,5.323689937591553
transformer.h.30.attn.c_attn,3584,3840,18.781671060015924,0.0021474777377612497,10.908748149871826,5,256,16,5.551202774047852
transformer.h.30.attn.c_attn,3840,4096,18.777948119728364,-0.0015754625497983454,10.916456460952759,5,256,16,5.421337604522705
transformer.h.30.attn.c_attn,4096,4352,18.778097140852278,-0.0014264414258846614,10.90944766998291,5,256,16,5.84966516494751
transformer.h.30.attn.c_attn,4352,4608,18.78007162248372,0.000548040205558209,10.868175745010376,5,256,16,5.82794713973999
transformer.h.30.attn.c_attn,4608,4800,18.778587831640646,-0.000935750637516719,10.90954327583313,5,256,16,5.0341291427612305
transformer.h.30.attn.c_proj,0,256,18.780569784949613,0.0010462026714499473,10.935255765914917,5,256,16,6.052089214324951
transformer.h.30.attn.c_proj,256,512,18.776841179232402,-0.0026824030457603953,10.889307260513306,5,256,16,6.0684943199157715
transformer.h.30.attn.c_proj,512,768,18.782998228325155,0.0034746460469925466,10.945362567901611,5,256,16,6.02711820602417
transformer.h.30.attn.c_proj,768,1024,18.775864250371583,-0.0036593319065794105,10.903828144073486,5,256,16,6.046109676361084
transformer.h.30.attn.c_proj,1024,1280,18.778618532220445,-0.0009050500577174603,10.850642919540405,5,256,16,6.018704414367676
transformer.h.30.attn.c_proj,1280,1536,18.778715623134435,-0.0008079591437279987,10.848581314086914,5,256,16,6.184505462646484
transformer.h.30.attn.c_proj,1536,1600,18.777993017813753,-0.0015305644644101335,10.980015993118286,5,256,16,3.1272501945495605
transformer.h.30.mlp.c_fc,0,256,18.77877510595818,-0.0007484763199840927,10.870348691940308,5,256,16,5.912391185760498
transformer.h.30.mlp.c_fc,256,512,18.78060266362548,0.0010790813473171568,10.981457710266113,5,256,16,5.880155086517334
transformer.h.30.mlp.c_fc,512,768,18.780205052993878,0.0006814707157154487,10.965416431427002,5,256,16,5.9099531173706055
transformer.h.30.mlp.c_fc,768,1024,18.7793191586779,-0.0002044236002625155,11.01351261138916,5,256,16,5.904632091522217
transformer.h.30.mlp.c_fc,1024,1280,18.77747330666104,-0.0020502756171225656,10.848523616790771,5,256,16,5.894648551940918
transformer.h.30.mlp.c_fc,1280,1536,18.779338858978022,-0.00018472330014063232,10.975189924240112,5,256,16,5.945528507232666
transformer.h.30.mlp.c_fc,1536,1792,18.780782154065363,0.0012585717872006796,10.922363758087158,5,256,16,5.90648078918457
transformer.h.30.mlp.c_fc,1792,2048,18.781042885215548,0.0015193029373854472,10.96257472038269,5,256,16,5.8935770988464355
transformer.h.30.mlp.c_fc,2048,2304,18.776727086463822,-0.002796495814340716,10.930832862854004,5,256,16,5.923189640045166
transformer.h.30.mlp.c_fc,2304,2560,18.778759627613862,-0.0007639546643005701,10.950881004333496,5,256,16,5.924575328826904
transformer.h.30.mlp.c_fc,2560,2816,18.78200831283316,0.0024847305549968723,10.932979583740234,5,256,16,5.892890930175781
transformer.h.30.mlp.c_fc,2816,3072,18.781144722310174,0.0016211400320109703,10.982025146484375,5,256,16,5.920842170715332
transformer.h.30.mlp.c_fc,3072,3328,18.780003820190817,0.000480237912654502,10.900362968444824,5,256,16,5.922818660736084
transformer.h.30.mlp.c_fc,3328,3584,18.77812029359656,-0.0014032886816011114,10.965300559997559,5,256,16,5.948414325714111
transformer.h.30.mlp.c_fc,3584,3840,18.778672258355876,-0.0008513239222871505,10.923493385314941,5,256,16,5.901546955108643
transformer.h.30.mlp.c_fc,3840,4096,18.77896775484836,-0.0005558274298032018,10.889475584030151,5,256,16,5.903944969177246
transformer.h.30.mlp.c_fc,4096,4352,18.78158610806081,0.0020625257826480947,10.931851148605347,5,256,16,5.948658466339111
transformer.h.30.mlp.c_fc,4352,4608,18.779324403560977,-0.0001991787171853332,10.906457662582397,5,256,16,5.9072585105896
transformer.h.30.mlp.c_fc,4608,4864,18.778873221049047,-0.0006503612291162142,10.971964836120605,5,256,16,5.951979637145996
transformer.h.30.mlp.c_fc,4864,5120,18.78060803679977,0.0010844545216066592,11.027203798294067,5,256,16,5.899449348449707
transformer.h.30.mlp.c_fc,5120,5376,18.778527709817247,-0.0009958724609155922,10.931479930877686,5,256,16,5.885522842407227
transformer.h.30.mlp.c_fc,5376,5632,18.78478064275905,0.005257060480886366,10.950302362442017,5,256,16,5.900284767150879
transformer.h.30.mlp.c_fc,5632,5888,18.77688671420804,-0.0026368680701231995,10.964873313903809,5,256,16,5.902185916900635
transformer.h.30.mlp.c_fc,5888,6144,18.77876858202637,-0.000755000251793092,10.957063674926758,5,256,16,5.898314952850342
transformer.h.30.mlp.c_fc,6144,6400,18.77750183092175,-0.002021751356412693,10.87513256072998,5,256,16,5.904209136962891
transformer.h.30.mlp.c_proj,0,256,18.779364315889968,-0.00015926638819507843,10.953264474868774,5,256,16,13.231414794921875
transformer.h.30.mlp.c_proj,256,512,18.78251497108817,0.002991388810006157,10.947509765625,5,256,16,13.273649215698242
transformer.h.30.mlp.c_proj,512,768,18.779213621707672,-0.0003099605704903752,10.860905408859253,5,256,16,13.249510765075684
transformer.h.30.mlp.c_proj,768,1024,18.775233328175545,-0.004290254102617297,10.81168794631958,5,256,16,13.214653968811035
transformer.h.30.mlp.c_proj,1024,1280,18.775922317254334,-0.003601265023828404,10.812563180923462,5,256,16,13.210514068603516
transformer.h.30.mlp.c_proj,1280,1536,18.781720189032796,0.0021966067546337342,10.929509162902832,5,256,16,13.357307434082031
transformer.h.30.mlp.c_proj,1536,1600,18.780018787845744,0.0004952055675815359,10.89271330833435,5,256,16,6.720712661743164
transformer.h.31.attn.c_attn,0,256,18.777823275474006,-0.0017003068041567815,10.864502668380737,5,256,16,6.413219928741455
transformer.h.31.attn.c_attn,256,512,18.774907323777605,-0.004616258500558246,10.82765007019043,5,256,16,6.1812520027160645
transformer.h.31.attn.c_attn,512,768,18.781226857655614,0.0017032753774515186,11.039245367050171,5,256,16,6.337047576904297
transformer.h.31.attn.c_attn,768,1024,18.77808102348914,-0.0014425587890229963,10.85795521736145,5,256,16,6.17368221282959
transformer.h.31.attn.c_attn,1024,1280,18.77848933428594,-0.0010342479922229586,10.853453874588013,5,256,16,6.55282735824585
transformer.h.31.attn.c_attn,1280,1536,18.781019345061186,0.0014957627830227693,10.827082872390747,5,256,16,6.361579895019531
transformer.h.31.attn.c_attn,1536,1792,18.779339754446706,-0.00018382783145654003,10.913217067718506,5,256,16,6.509854316711426
transformer.h.31.attn.c_attn,1792,2048,18.776728877152145,-0.0027947051260177602,10.877314329147339,5,256,16,6.072482585906982
transformer.h.31.attn.c_attn,2048,2304,18.778628509919685,-0.0008950723584781883,10.89560866355896,5,256,16,6.44293212890625
transformer.h.31.attn.c_attn,2304,2560,18.77870602914825,-0.0008175531299130512,10.84453010559082,5,256,16,6.419595241546631
transformer.h.31.attn.c_attn,2560,2816,18.778630172870077,-0.000893409408085688,10.812636375427246,5,256,16,6.639519214630127
transformer.h.31.attn.c_attn,2816,3072,18.779458340461836,-6.524181632627801e-05,10.92289924621582,5,256,16,6.569839954376221
transformer.h.31.attn.c_attn,3072,3328,18.77683222573895,-0.002691356539212819,10.958808183670044,5,256,16,6.217068672180176
transformer.h.31.attn.c_attn,3328,3584,18.776391079613248,-0.003132502664914938,10.902930736541748,5,256,16,6.021635055541992
transformer.h.31.attn.c_attn,3584,3840,18.78051515786055,0.0009915755823861616,10.80884051322937,5,256,16,6.019215106964111
transformer.h.31.attn.c_attn,3840,4096,18.78001993920431,0.0004963569261455802,10.7965669631958,5,256,16,5.9037652015686035
transformer.h.31.attn.c_attn,4096,4352,18.781680655516926,0.0021570732387630187,10.87594723701477,5,256,16,5.9497270584106445
transformer.h.31.attn.c_attn,4352,4608,18.77637880083194,-0.0031447814462239876,10.938217163085938,5,256,16,6.020096778869629
transformer.h.31.attn.c_attn,4608,4800,18.780860833594414,0.0013372513162508426,10.904665470123291,5,256,16,5.130784511566162
transformer.h.31.attn.c_proj,0,256,18.781374241605942,0.0018506593277791694,10.938344717025757,5,256,16,6.133223533630371
transformer.h.31.attn.c_proj,256,512,18.779164755093266,-0.0003588271848968816,10.911821365356445,5,256,16,6.128634929656982
transformer.h.31.attn.c_proj,512,768,18.77783939261592,-0.0016841896622423747,10.953037738800049,5,256,16,6.102071285247803
transformer.h.31.attn.c_proj,768,1024,18.78012739964782,0.0006038173696580884,10.984136581420898,5,256,16,6.113395690917969
transformer.h.31.attn.c_proj,1024,1280,18.77771877021486,-0.0018048120633018527,10.988921642303467,5,256,16,6.126956462860107
transformer.h.31.attn.c_proj,1280,1536,18.77784386960224,-0.0016797126759229286,10.961059808731079,5,256,16,6.239572525024414
transformer.h.31.attn.c_proj,1536,1600,18.77924560254511,-0.00027797973305254686,10.966355562210083,5,256,16,3.141516923904419
transformer.h.31.mlp.c_fc,0,256,18.779306366286278,-0.00021721599188495588,10.995400667190552,5,256,16,5.9601263999938965
transformer.h.31.mlp.c_fc,256,512,18.779985526406552,0.0004619441283892911,10.937085151672363,5,256,16,5.945379257202148
transformer.h.31.mlp.c_fc,512,768,18.78124336153005,0.0017197792518857113,10.846583604812622,5,256,16,5.935085773468018
transformer.h.31.mlp.c_fc,768,1024,18.781643552940196,0.002119970662032955,10.916465997695923,5,256,16,5.955394268035889
transformer.h.31.mlp.c_fc,1024,1280,18.77934116161186,-0.0001824206663023631,10.947286128997803,5,256,16,5.904287338256836
transformer.h.31.mlp.c_fc,1280,1536,18.777248311881298,-0.0022752703968649257,10.958154678344727,5,256,16,5.951331615447998
transformer.h.31.mlp.c_fc,1536,1792,18.780998235708736,0.0014746534305736247,10.89916729927063,5,256,16,5.9176344871521
transformer.h.31.mlp.c_fc,1792,2048,18.776774923481945,-0.0027486587962179954,10.851697444915771,5,256,16,5.942809581756592
transformer.h.31.mlp.c_fc,2048,2304,18.778736857841288,-0.000786724436874664,10.83913278579712,5,256,16,5.905307292938232
transformer.h.31.mlp.c_fc,2304,2560,18.777625010177474,-0.001898572100689222,10.94420337677002,5,256,16,5.88914680480957
transformer.h.31.mlp.c_fc,2560,2816,18.779624259800244,0.000100677522080872,10.882423400878906,5,256,16,5.90595817565918
transformer.h.31.mlp.c_fc,2816,3072,18.77683350480918,-0.0026900774689835316,10.89638376235962,5,256,16,5.9079155921936035
transformer.h.31.mlp.c_fc,3072,3328,18.77951820941413,-5.3728640310168885e-06,10.873421430587769,5,256,16,5.921077251434326
transformer.h.31.mlp.c_fc,3328,3584,18.776845911794954,-0.0026776704832087717,10.907194137573242,5,256,16,5.919200897216797
transformer.h.31.mlp.c_fc,3584,3840,18.782125764211713,0.0026021819335504404,10.8230881690979,5,256,16,5.946307182312012
transformer.h.31.mlp.c_fc,3840,4096,18.77976881677961,0.0002452345014489765,10.846269607543945,5,256,16,5.89650297164917
transformer.h.31.mlp.c_fc,4096,4352,18.778567876290683,-0.0009557059874794049,10.85536789894104,5,256,16,5.917861461639404
transformer.h.31.mlp.c_fc,4352,4608,18.778569539235704,-0.0009540430424586077,10.980332612991333,5,256,16,5.897237300872803
transformer.h.31.mlp.c_fc,4608,4864,18.782083031272208,0.0025594489940452547,10.844653367996216,5,256,16,5.873397350311279
transformer.h.31.mlp.c_fc,4864,5120,18.778041497633332,-0.0014820846448309055,10.843513250350952,5,256,16,5.892134189605713
transformer.h.31.mlp.c_fc,5120,5376,18.780363047201543,0.0008394649233807172,10.82873821258545,5,256,16,5.938032150268555
transformer.h.31.mlp.c_fc,5376,5632,18.778042904701206,-0.0014806775769571345,10.908087491989136,5,256,16,5.911075115203857
transformer.h.31.mlp.c_fc,5632,5888,18.77791128035387,-0.0016123019242932912,11.044095039367676,5,256,16,5.921117782592773
transformer.h.31.mlp.c_fc,5888,6144,18.780406671747304,0.000883089469141396,10.852150201797485,5,256,16,5.922370433807373
transformer.h.31.mlp.c_fc,6144,6400,18.78123786023696,0.0017142779587970836,10.96893835067749,5,256,16,5.921694278717041
transformer.h.31.mlp.c_proj,0,256,18.77715979847151,-0.0023637838066541406,10.953728914260864,5,256,16,13.419709205627441
transformer.h.31.mlp.c_proj,256,512,18.783894532604684,0.004370950326521239,10.898174285888672,5,256,16,13.478145599365234
transformer.h.31.mlp.c_proj,512,768,18.777974214329035,-0.0015493679491278556,10.982926845550537,5,256,16,13.406697273254395
transformer.h.31.mlp.c_proj,768,1024,18.782193702109115,0.0026701198309524443,10.871756792068481,5,256,16,13.382645606994629
transformer.h.31.mlp.c_proj,1024,1280,18.781220460808964,0.001696878530800916,10.959209442138672,5,256,16,13.397749900817871
transformer.h.31.mlp.c_proj,1280,1536,18.77514623111493,-0.00437735116323168,10.913154602050781,5,256,16,13.545455932617188
transformer.h.31.mlp.c_proj,1536,1600,18.781725050765417,0.002201468487253777,10.93025827407837,5,256,16,6.799814224243164
transformer.h.32.attn.c_attn,0,256,18.780952562827352,0.0014289805491891627,10.866719484329224,5,256,16,6.341725826263428
transformer.h.32.attn.c_attn,256,512,18.779688350854673,0.00016476857651070986,10.872204065322876,5,256,16,6.514275074005127
transformer.h.32.attn.c_attn,512,768,18.77807526729137,-0.0014483149867920986,10.84464168548584,5,256,16,6.293918132781982
transformer.h.32.attn.c_attn,768,1024,18.777206997044168,-0.0023165852339950277,10.86713171005249,5,256,16,6.196932315826416
transformer.h.32.attn.c_attn,1024,1280,18.787543399455082,0.00801981717691902,10.985050916671753,5,256,16,6.40012264251709
transformer.h.32.attn.c_attn,1280,1536,18.777534064667623,-0.0019895176105393375,10.797172546386719,5,256,16,6.492452621459961
transformer.h.32.attn.c_attn,1536,1792,18.780596906654726,0.001073324376562823,10.852595329284668,5,256,16,6.298662185668945
transformer.h.32.attn.c_attn,1792,2048,18.7800172527011,0.0004936704229372424,10.858543872833252,5,256,16,6.688319206237793
transformer.h.32.attn.c_attn,2048,2304,18.778963917201775,-0.0005596650763877165,10.805527210235596,5,256,16,6.469304084777832
transformer.h.32.attn.c_attn,2304,2560,18.78102535803259,0.0015017757544271149,10.893375158309937,5,256,16,6.486997127532959
transformer.h.32.attn.c_attn,2560,2816,18.77808614011086,-0.0014374421673011284,10.878444910049438,5,256,16,6.603541374206543
transformer.h.32.attn.c_attn,2816,3072,18.781956496281996,0.0024329140038332753,10.837317705154419,5,256,16,6.559776306152344
transformer.h.32.attn.c_attn,3072,3328,18.78342507111045,0.0039014888322874697,10.848147630691528,5,256,16,6.174233913421631
transformer.h.32.attn.c_attn,3328,3584,18.77780779791423,-0.00171578436393105,10.884208917617798,5,256,16,5.575366497039795
transformer.h.32.attn.c_attn,3584,3840,18.776145761317427,-0.003377820960736244,10.91294002532959,5,256,16,5.716268539428711
transformer.h.32.attn.c_attn,3840,4096,18.780764499191932,0.0012409169137690412,10.950557947158813,5,256,16,6.117355823516846
transformer.h.32.attn.c_attn,4096,4352,18.78455556042159,0.005031978143428262,10.909287691116333,5,256,16,5.593660831451416
transformer.h.32.attn.c_attn,4352,4608,18.769772574136116,-0.009751008142046658,10.907183170318604,5,256,16,6.0493597984313965
transformer.h.32.attn.c_attn,4608,4800,18.78814107548185,0.008617493203686877,10.76374101638794,5,256,16,4.601397514343262
transformer.h.32.attn.c_proj,0,256,18.778634266287042,-0.0008893159911202986,10.903655052185059,5,256,16,6.125212669372559
transformer.h.32.attn.c_proj,256,512,18.776250769434395,-0.0032728128437682358,10.862866878509521,5,256,16,6.158699035644531
transformer.h.32.attn.c_proj,512,768,18.777826857059907,-0.0016967252182560344,10.808087587356567,5,256,16,6.097858428955078
transformer.h.32.attn.c_proj,768,1024,18.77833736795213,-0.0011862143260330527,10.91922640800476,5,256,16,6.126332759857178
transformer.h.32.attn.c_proj,1024,1280,18.780154520714078,0.0006309384359148851,10.91826581954956,5,256,16,6.1056108474731445
transformer.h.32.attn.c_proj,1280,1536,18.778756557530563,-0.0007670247475992653,10.959273099899292,5,256,16,6.281049728393555
transformer.h.32.attn.c_proj,1536,1600,18.780099255186517,0.0005756729083543632,10.909456014633179,5,256,16,3.1758174896240234
transformer.h.32.mlp.c_fc,0,256,18.781924894653063,0.0024013123749000442,10.829039812088013,5,256,16,5.919498920440674
transformer.h.32.mlp.c_fc,256,512,18.777810100360337,-0.001713481917825277,10.882118940353394,5,256,16,5.961302280426025
transformer.h.32.mlp.c_fc,512,768,18.781171333099273,0.0016477508211103498,10.845078468322754,5,256,16,5.928346157073975
transformer.h.32.mlp.c_fc,768,1024,18.77923242643349,-0.00029115584467120925,10.816917657852173,5,256,16,5.956943511962891
transformer.h.32.mlp.c_fc,1024,1280,18.77777722657333,-0.0017463557048316147,10.962896585464478,5,256,16,5.929007053375244
transformer.h.32.mlp.c_fc,1280,1536,18.779761652867705,0.00023807058954261606,11.007717847824097,5,256,16,5.880695819854736
transformer.h.32.mlp.c_fc,1536,1792,18.780646800459845,0.0011232181816822617,10.839687824249268,5,256,16,5.933578014373779
transformer.h.32.mlp.c_fc,1792,2048,18.781601972553368,0.0020783902752050665,10.905133247375488,5,256,16,5.950252056121826
transformer.h.32.mlp.c_fc,2048,2304,18.781105190005608,0.001581607727445089,10.816432476043701,5,256,16,5.931374549865723
transformer.h.32.mlp.c_fc,2304,2560,18.780436735642805,0.0009131533646424828,10.826709747314453,5,256,16,5.9375481605529785
transformer.h.32.mlp.c_fc,2560,2816,18.777832485267695,-0.0016910970104682121,10.944511890411377,5,256,16,5.9333977699279785
transformer.h.32.mlp.c_fc,2816,3072,18.779317879438338,-0.0002057028398247951,11.013938188552856,5,256,16,5.92860746383667
transformer.h.32.mlp.c_fc,3072,3328,18.778899189014172,-0.0006243932639904415,10.944028615951538,5,256,16,5.945648670196533
transformer.h.32.mlp.c_fc,3328,3584,18.779099386601086,-0.00042419567707696615,10.893489122390747,5,256,16,5.896568298339844
transformer.h.32.mlp.c_fc,3584,3840,18.778268292752404,-0.001255289525758485,10.913742065429688,5,256,16,5.905940532684326
transformer.h.32.mlp.c_fc,3840,4096,18.777943386888012,-0.0015801953901508625,10.977651119232178,5,256,16,5.9228739738464355
transformer.h.32.mlp.c_fc,4096,4352,18.778667269493965,-0.0008563127841973994,10.96368670463562,5,256,16,5.936521530151367
transformer.h.32.mlp.c_fc,4352,4608,18.777187682708767,-0.0023358995693953943,10.822501182556152,5,256,16,5.924072265625
transformer.h.32.mlp.c_fc,4608,4864,18.77875911593328,-0.0007644663448829192,10.861996173858643,5,256,16,5.9539103507995605
transformer.h.32.mlp.c_fc,4864,5120,18.781489002305655,0.001965420027492115,10.837071180343628,5,256,16,5.94582462310791
transformer.h.32.mlp.c_fc,5120,5376,18.779601616905154,7.803462699129682e-05,10.96060061454773,5,256,16,5.897060871124268
transformer.h.32.mlp.c_fc,5376,5632,18.77957334530611,4.976302794901244e-05,10.843440532684326,5,256,16,5.935546398162842
transformer.h.32.mlp.c_fc,5632,5888,18.777958736644848,-0.0015648456333146044,10.991264343261719,5,256,16,5.935879230499268
transformer.h.32.mlp.c_fc,5888,6144,18.7780418813791,-0.0014817008990632985,10.881609439849854,5,256,16,5.930408477783203
transformer.h.32.mlp.c_fc,6144,6400,18.779587800914793,6.421863663064187e-05,10.841577768325806,5,256,16,5.94705057144165
transformer.h.32.mlp.c_proj,0,256,18.777451945471757,-0.0020716368064057633,10.908851861953735,5,256,16,13.553825378417969
transformer.h.32.mlp.c_proj,256,512,18.776799225757088,-0.0027243565210746112,10.914527654647827,5,256,16,13.633563041687012
transformer.h.32.mlp.c_proj,512,768,18.780360872373475,0.0008372900953119711,10.90502381324768,5,256,16,13.57448673248291
transformer.h.32.mlp.c_proj,768,1024,18.777339639738578,-0.002183942539584649,10.8294038772583,5,256,16,13.570472717285156
transformer.h.32.mlp.c_proj,1024,1280,18.7769962032531,-0.0025273790250643913,10.822049856185913,5,256,16,13.520421028137207
transformer.h.32.mlp.c_proj,1280,1536,18.779917340640374,0.00039375836221111626,10.90951418876648,5,256,16,13.665796279907227
transformer.h.32.mlp.c_proj,1536,1600,18.778616613432735,-0.0009069688454275138,10.933200597763062,5,256,16,6.847233772277832
transformer.h.33.attn.c_attn,0,256,18.779217203558762,-0.00030637871940086825,10.847727537155151,5,256,16,6.34600830078125
transformer.h.33.attn.c_attn,256,512,18.778660617680156,-0.0008629645980064993,10.931719779968262,5,256,16,6.407439708709717
transformer.h.33.attn.c_attn,512,768,18.775453566598316,-0.0040700156798472165,10.868598222732544,5,256,16,6.163822174072266
transformer.h.33.attn.c_attn,768,1024,18.779477273357745,-4.6308920417459376e-05,10.859130382537842,5,256,16,6.132039546966553
transformer.h.33.attn.c_attn,1024,1280,18.777508098590225,-0.0020154836879378024,10.886772871017456,5,256,16,6.352189064025879
transformer.h.33.attn.c_attn,1280,1536,18.781683981958423,0.002160399680260383,10.76741647720337,5,256,16,6.4496965408325195
transformer.h.33.attn.c_attn,1536,1792,18.77912100550971,-0.00040257676845101287,10.92035460472107,5,256,16,6.490596771240234
transformer.h.33.attn.c_attn,1792,2048,18.779080837853158,-0.00044274442500480404,10.930941343307495,5,256,16,6.480836868286133
transformer.h.33.attn.c_attn,2048,2304,18.778650639963857,-0.0008729423143059023,10.865090370178223,5,256,16,6.057624816894531
transformer.h.33.attn.c_attn,2304,2560,18.78264214957383,0.0031185672956688393,10.886289834976196,5,256,16,6.412797927856445
transformer.h.33.attn.c_attn,2560,2816,18.77764790651447,-0.0018756757636921861,10.967914342880249,5,256,16,6.30177640914917
transformer.h.33.attn.c_attn,2816,3072,18.7793957852861,-0.00012779699206433293,10.914854526519775,5,256,16,6.474339962005615
transformer.h.33.attn.c_attn,3072,3328,18.78200575398777,0.002482171709608849,10.868767023086548,5,256,16,6.257590293884277
transformer.h.33.attn.c_attn,3328,3584,18.776637680171138,-0.0028859021070246627,10.973787069320679,5,256,16,5.765105724334717
transformer.h.33.attn.c_attn,3584,3840,18.777870603628482,-0.0016529786496803922,10.986059188842773,5,256,16,5.679619789123535
transformer.h.33.attn.c_attn,3840,4096,18.775965036177002,-0.0035585461011606867,10.834327220916748,5,256,16,6.114855766296387
transformer.h.33.attn.c_attn,4096,4352,18.77713255382097,-0.0023910284571933005,10.869782447814941,5,256,16,6.083386421203613
transformer.h.33.attn.c_attn,4352,4608,18.781138453427854,0.001614871149691055,10.929872035980225,5,256,16,6.3687520027160645
transformer.h.33.attn.c_attn,4608,4800,18.781325113493995,0.001801531215832597,10.82503366470337,5,256,16,4.921931743621826
transformer.h.33.attn.c_proj,0,256,18.780296906954483,0.0007733246763201862,10.88570237159729,5,256,16,6.164637565612793
transformer.h.33.attn.c_proj,256,512,18.77747113216761,-0.002052450110554105,10.816124200820923,5,256,16,6.190476894378662
transformer.h.33.attn.c_proj,512,768,18.776919714343652,-0.0026038679345106175,10.956089735031128,5,256,16,6.16188383102417
transformer.h.33.attn.c_proj,768,1024,18.77943416266983,-8.941960833297458e-05,10.905374765396118,5,256,16,6.172032833099365
transformer.h.33.attn.c_proj,1024,1280,18.77920121315742,-0.00032236912074168345,11.062434911727905,5,256,16,6.157042503356934
transformer.h.33.attn.c_proj,1280,1536,18.78458153624442,0.005057953966257855,10.99659013748169,5,256,16,6.293490886688232
transformer.h.33.attn.c_proj,1536,1600,18.78046871856319,0.0009451362850256828,11.041733026504517,5,256,16,3.171046495437622
transformer.h.33.mlp.c_fc,0,256,18.778524767690406,-0.0009988145877564136,10.868931293487549,5,256,16,5.929598808288574
transformer.h.33.mlp.c_fc,256,512,18.77837177772977,-0.0011518045483924766,11.516773223876953,5,256,16,5.919448375701904
transformer.h.33.mlp.c_fc,512,768,18.779170639547953,-0.00035294273020980427,10.956860542297363,5,256,16,5.937524318695068
transformer.h.33.mlp.c_fc,768,1024,18.781062715259772,0.001539132981609015,10.927092790603638,5,256,16,5.933701038360596
transformer.h.33.mlp.c_fc,1024,1280,18.778927715440897,-0.0005958668372656462,10.797641515731812,5,256,16,5.9523091316223145
transformer.h.33.mlp.c_fc,1280,1536,18.780107954379144,0.0005843721009810565,10.859314918518066,5,256,16,5.951029300689697
transformer.h.33.mlp.c_fc,1536,1792,18.77949006586578,-3.351641238324987e-05,10.88720703125,5,256,16,5.940545082092285
transformer.h.33.mlp.c_fc,1792,2048,18.7790675339349,-0.0004560483432634044,10.861655950546265,5,256,16,5.947254180908203
transformer.h.33.mlp.c_fc,2048,2304,18.778599983947476,-0.0009235983306865592,10.860549211502075,5,256,16,5.914596080780029
transformer.h.33.mlp.c_fc,2304,2560,18.77807309272823,-0.001450489549931433,10.8967924118042,5,256,16,5.9362006187438965
transformer.h.33.mlp.c_fc,2560,2816,18.77907201121403,-0.00045157106413284964,10.943637132644653,5,256,16,5.9333577156066895
transformer.h.33.mlp.c_fc,2816,3072,18.781466868916574,0.0019432866384114789,10.89268970489502,5,256,16,5.966829776763916
transformer.h.33.mlp.c_fc,3072,3328,18.779145054975775,-0.0003785273023879654,10.948278903961182,5,256,16,5.965729713439941
transformer.h.33.mlp.c_fc,3328,3584,18.780136482642064,0.0006129003639010477,10.899274587631226,5,256,16,5.969595909118652
transformer.h.33.mlp.c_fc,3584,3840,18.780983139337895,0.0014595570597322194,10.85315752029419,5,256,16,5.922089576721191
transformer.h.33.mlp.c_fc,3840,4096,18.780436735642805,0.0009131533646424828,10.920828342437744,5,256,16,5.958539009094238
transformer.h.33.mlp.c_fc,4096,4352,18.781756268236407,0.0022326859582442182,10.911587953567505,5,256,16,5.9640936851501465
transformer.h.33.mlp.c_fc,4352,4608,18.778295155299887,-0.001228426978276076,10.915606021881104,5,256,16,5.912306308746338
transformer.h.33.mlp.c_fc,4608,4864,18.778448528390342,-0.0010750538878205873,10.912053108215332,5,256,16,5.981224060058594
transformer.h.33.mlp.c_fc,4864,5120,18.777027157047485,-0.0024964252306780566,10.871651649475098,5,256,16,5.9245123863220215
transformer.h.33.mlp.c_fc,5120,5376,18.77885006737644,-0.0006735149017238484,10.969849824905396,5,256,16,5.943833351135254
transformer.h.33.mlp.c_fc,5376,5632,18.779092222944545,-0.0004313593336178201,10.922911405563354,5,256,16,5.968545913696289
transformer.h.33.mlp.c_fc,5632,5888,18.77940512377559,-0.00011845850257330426,10.879148483276367,5,256,16,5.942119121551514
transformer.h.33.mlp.c_fc,5888,6144,18.775344086548394,-0.004179495729768945,10.925146102905273,5,256,16,5.9310832023620605
transformer.h.33.mlp.c_fc,6144,6400,18.778215591104235,-0.0013079911739275474,11.00626540184021,5,256,16,5.934574604034424
transformer.h.33.mlp.c_proj,0,256,18.77721556698743,-0.002308015290733323,10.950562477111816,5,256,16,13.708044052124023
transformer.h.33.mlp.c_proj,256,512,18.776105344220642,-0.003418238057520284,10.801426649093628,5,256,16,13.766167640686035
transformer.h.33.mlp.c_proj,512,768,18.78239982028464,0.0028762380064755178,11.013359785079956,5,256,16,13.73013973236084
transformer.h.33.mlp.c_proj,768,1024,18.782359517670184,0.002835935392020872,10.86128044128418,5,256,16,13.665077209472656
transformer.h.33.mlp.c_proj,1024,1280,18.77719957829047,-0.002324003987691725,10.883236169815063,5,256,16,13.657501220703125
transformer.h.33.mlp.c_proj,1280,1536,18.77624808347036,-0.003275498807802535,10.996050834655762,5,256,16,13.762933731079102
transformer.h.33.mlp.c_proj,1536,1600,18.779887021720665,0.00036343944250205595,10.825377702713013,5,256,16,6.9393792152404785
transformer.h.34.attn.c_attn,0,256,18.778352845948397,-0.0011707363297652762,10.90801215171814,5,256,16,6.379934787750244
transformer.h.34.attn.c_attn,256,512,18.777994424877992,-0.0015291574001707886,10.779566049575806,5,256,16,6.2641682624816895
transformer.h.34.attn.c_attn,512,768,18.778565445832847,-0.0009581364453161711,10.772788763046265,5,256,16,6.23541259765625
transformer.h.34.attn.c_attn,768,1024,18.779975547986282,0.0004519657081196726,10.959633827209473,5,256,16,6.379798889160156
transformer.h.34.attn.c_attn,1024,1280,18.778011693402256,-0.0015118888759069193,10.831287860870361,5,256,16,6.438445091247559
transformer.h.34.attn.c_attn,1280,1536,18.779552877206672,2.929492850967108e-05,10.81916880607605,5,256,16,6.477831840515137
transformer.h.34.attn.c_attn,1536,1792,18.776824807133323,-0.002698775144839516,10.807091474533081,5,256,16,6.449113368988037
transformer.h.34.attn.c_attn,1792,2048,18.775778045683,-0.003745536595161525,10.863994359970093,5,256,16,6.510646820068359
transformer.h.34.attn.c_attn,2048,2304,18.779028773534463,-0.0004948087436993376,10.960970163345337,5,256,16,6.070346355438232
transformer.h.34.attn.c_attn,2304,2560,18.780897039081925,0.0013734568037619965,10.895678281784058,5,256,16,6.409346103668213
transformer.h.34.attn.c_attn,2560,2816,18.77959931423939,7.573196122834247e-05,10.910399675369263,5,256,16,6.536073207855225
transformer.h.34.attn.c_attn,2816,3072,18.784359143416637,0.004835561138474276,11.020554542541504,5,256,16,6.749539852142334
transformer.h.34.attn.c_attn,3072,3328,18.779713936167035,0.00019035388887189697,10.86647915840149,5,256,16,6.023411750793457
transformer.h.34.attn.c_attn,3328,3584,18.780241641007915,0.0007180587297526131,11.045460939407349,5,256,16,5.948922634124756
transformer.h.34.attn.c_attn,3584,3840,18.777648546077362,-0.0018750362008006505,10.857554197311401,5,256,16,5.911827564239502
transformer.h.34.attn.c_attn,3840,4096,18.779910048743822,0.0003864664656596517,10.947633028030396,5,256,16,6.144869804382324
transformer.h.34.attn.c_attn,4096,4352,18.779334637483398,-0.0001889447947647227,11.006383895874023,5,256,16,6.528975963592529
transformer.h.34.attn.c_attn,4352,4608,18.77622672367489,-0.003296858603274444,10.84462022781372,5,256,16,5.890005111694336
transformer.h.34.attn.c_attn,4608,4800,18.779517825638187,-5.756639975373901e-06,11.011477708816528,5,256,16,5.039683818817139
transformer.h.34.attn.c_proj,0,256,18.78007661171872,0.0005530294405566849,10.821585893630981,5,256,16,6.2778449058532715
transformer.h.34.attn.c_proj,256,512,18.777921769335084,-0.0016018129430790395,10.791256427764893,5,256,16,6.291378974914551
transformer.h.34.attn.c_proj,512,768,18.777110169747996,-0.002413412530167136,11.073914766311646,5,256,16,6.253119945526123
transformer.h.34.attn.c_proj,768,1024,18.77866471110376,-0.000858871174401088,10.839292764663696,5,256,16,6.25978946685791
transformer.h.34.attn.c_proj,1024,1280,18.776749470080123,-0.002774112198039802,10.873251914978027,5,256,16,6.25478982925415
transformer.h.34.attn.c_proj,1280,1536,18.782067934029396,0.0025443517512329095,10.96494197845459,5,256,16,6.416930675506592
transformer.h.34.attn.c_proj,1536,1600,18.77899449047468,-0.0005290918034823733,10.856836795806885,5,256,16,3.1977572441101074
transformer.h.34.mlp.c_fc,0,256,18.7810412220515,0.001517639773336299,10.958353042602539,5,256,16,5.9314422607421875
transformer.h.34.mlp.c_fc,256,512,18.778533721990925,-0.0009898602872375761,10.798396110534668,5,256,16,5.9404802322387695
transformer.h.34.mlp.c_fc,512,768,18.778487927184617,-0.0010356550935455289,10.73704218864441,5,256,16,5.93898868560791
transformer.h.34.mlp.c_fc,768,1024,18.779359838541144,-0.0001637437370192174,10.932141780853271,5,256,16,5.954334735870361
transformer.h.34.mlp.c_fc,1024,1280,18.77907572096041,-0.00044786131775254034,10.87487268447876,5,256,16,5.942440032958984
transformer.h.34.mlp.c_fc,1280,1536,18.778678782254218,-0.000844800023944714,11.176860809326172,5,256,16,5.94049596786499
transformer.h.34.mlp.c_fc,1536,1792,18.779092222944545,-0.0004313593336178201,10.835054397583008,5,256,16,5.978327751159668
transformer.h.34.mlp.c_fc,1792,2048,18.779275536658297,-0.00024804561986613294,10.8253333568573,5,256,16,5.94644021987915
transformer.h.34.mlp.c_fc,2048,2304,18.778067592363755,-0.0014559899144082067,10.906453847885132,5,256,16,5.927389144897461
transformer.h.34.mlp.c_fc,2304,2560,18.7771511006445,-0.002372481633663881,10.821287155151367,5,256,16,5.944482326507568
transformer.h.34.mlp.c_fc,2560,2816,18.778416420992503,-0.0011071612856596857,10.849776029586792,5,256,16,5.925799369812012
transformer.h.34.mlp.c_fc,2816,3072,18.778763081458184,-0.0007605008199789154,10.881208181381226,5,256,16,5.956360340118408
transformer.h.34.mlp.c_fc,3072,3328,18.779710226294586,0.00018664401642354278,10.832208633422852,5,256,16,5.981630802154541
transformer.h.34.mlp.c_fc,3328,3584,18.778550607254957,-0.0009729750232061463,10.998213768005371,5,256,16,5.972053527832031
transformer.h.34.mlp.c_fc,3584,3840,18.779729927004958,0.00020634472679503801,10.802319049835205,5,256,16,5.962093830108643
transformer.h.34.mlp.c_fc,3840,4096,18.77798738955785,-0.001536192720312357,10.916578769683838,5,256,16,5.901017189025879
transformer.h.34.mlp.c_fc,4096,4352,18.778467588186338,-0.0010559940918248856,10.944868803024292,5,256,16,5.948968887329102
transformer.h.34.mlp.c_fc,4352,4608,18.779943565905757,0.00041998362759443353,10.8791024684906,5,256,16,5.975975036621094
transformer.h.34.mlp.c_fc,4608,4864,18.777805111727474,-0.0017184705506885223,10.870446920394897,5,256,16,6.001861572265625
transformer.h.34.mlp.c_fc,4864,5120,18.778438934540613,-0.00108464773754946,10.898402452468872,5,256,16,5.946768283843994
transformer.h.34.mlp.c_fc,5120,5376,18.7798895802774,0.00036599799923564547,10.763142824172974,5,256,16,5.969159126281738
transformer.h.34.mlp.c_fc,5376,5632,18.779013934590456,-0.0005096476877071154,10.95077633857727,5,256,16,5.953921794891357
transformer.h.34.mlp.c_fc,5632,5888,18.780524624838844,0.0010010425606807871,10.901586532592773,5,256,16,5.925528049468994
transformer.h.34.mlp.c_fc,5888,6144,18.783044673877345,0.0035210915991825686,10.794708251953125,5,256,16,5.952188968658447
transformer.h.34.mlp.c_fc,6144,6400,18.78090215647095,0.0013785741927883066,10.921204328536987,5,256,16,5.965737342834473
transformer.h.34.mlp.c_proj,0,256,18.780166674034778,0.0006430917566149219,10.836637258529663,5,256,16,13.819387435913086
transformer.h.34.mlp.c_proj,256,512,18.783996896985197,0.0044733147070346035,10.886390924453735,5,256,16,13.857797622680664
transformer.h.34.mlp.c_proj,512,768,18.783356616953157,0.0038330346749937405,10.832709312438965,5,256,16,13.826714515686035
transformer.h.34.mlp.c_proj,768,1024,18.774203153134135,-0.005320429144028083,11.060162544250488,5,256,16,13.814705848693848
transformer.h.34.mlp.c_proj,1024,1280,18.780286928368767,0.0007633460906042444,10.85390567779541,5,256,16,13.797582626342773
transformer.h.34.mlp.c_proj,1280,1536,18.78135696998943,0.0018333877112688413,10.887667655944824,5,256,16,13.938151359558105
transformer.h.34.mlp.c_proj,1536,1600,18.78253403501154,0.003010452733377633,11.057151794433594,5,256,16,7.031122207641602
transformer.h.35.attn.c_attn,0,256,18.778802097151097,-0.0007214851270660461,10.824145078659058,5,256,16,6.272111892700195
transformer.h.35.attn.c_attn,256,512,18.780610595454732,0.0010870131765692292,10.938237190246582,5,256,16,6.178861618041992
transformer.h.35.attn.c_attn,512,768,18.775144696368585,-0.00437888590957769,10.873356819152832,5,256,16,6.211775302886963
transformer.h.35.attn.c_attn,768,1024,18.780681214469332,0.0011576321911697107,10.771727323532104,5,256,16,6.104720115661621
transformer.h.35.attn.c_attn,1024,1280,18.778453389276077,-0.001070193002085773,10.988834142684937,5,256,16,6.239394187927246
transformer.h.35.attn.c_attn,1280,1536,18.781122333454327,0.0015987511761643702,10.846213579177856,5,256,16,6.239400863647461
transformer.h.35.attn.c_attn,1536,1792,18.778407978418922,-0.001115603859240366,10.98645806312561,5,256,16,6.306825637817383
transformer.h.35.attn.c_attn,1792,2048,18.779879218124776,0.0003556358466134668,10.819127321243286,5,256,16,6.3385396003723145
transformer.h.35.attn.c_attn,2048,2304,18.78005422413616,0.0005306418579955618,10.904789209365845,5,256,16,6.267762184143066
transformer.h.35.attn.c_attn,2304,2560,18.776952202905925,-0.0025713793722381695,10.917511224746704,5,256,16,6.220489025115967
transformer.h.35.attn.c_attn,2560,2816,18.77900101448497,-0.0005225677931939288,10.8515305519104,5,256,16,6.348416328430176
transformer.h.35.attn.c_attn,2816,3072,18.780271576708785,0.0007479944306219011,10.82020378112793,5,256,16,6.388031482696533
transformer.h.35.attn.c_attn,3072,3328,18.78068454073382,0.0011609584556566688,11.04713749885559,5,256,16,6.403417587280273
transformer.h.35.attn.c_attn,3328,3584,18.779745022368452,0.00022144009028934875,10.851752519607544,5,256,16,5.910580635070801
transformer.h.35.attn.c_attn,3584,3840,18.779075848882712,-0.0004477333954504559,10.83313512802124,5,256,16,6.394880294799805
transformer.h.35.attn.c_attn,3840,4096,18.785422634884647,0.005899052606483934,10.834086894989014,5,256,16,6.297632217407227
transformer.h.35.attn.c_attn,4096,4352,18.77707512273876,-0.0024484595394014264,10.838208436965942,5,256,16,6.128816604614258
transformer.h.35.attn.c_attn,4352,4608,18.779909281175925,0.00038569889776240984,10.960103034973145,5,256,16,6.425379276275635
transformer.h.35.attn.c_attn,4608,4800,18.7791056548028,-0.00041792747536106845,10.825836896896362,5,256,16,5.593766212463379
transformer.h.35.attn.c_proj,0,256,18.78238344333881,0.0028598610606458408,10.915952682495117,5,256,16,6.389382839202881
transformer.h.35.attn.c_proj,256,512,18.777691780579033,-0.0018318016991294428,10.933382272720337,5,256,16,6.403111934661865
transformer.h.35.attn.c_proj,512,768,18.77995751008617,0.00043392780800743935,10.864871978759766,5,256,16,6.371085166931152
transformer.h.35.attn.c_proj,768,1024,18.775558826640776,-0.003964755637387185,10.959300518035889,5,256,16,6.3774919509887695
transformer.h.35.attn.c_proj,1024,1280,18.777312011096242,-0.002211571181920391,10.967143774032593,5,256,16,6.364588260650635
transformer.h.35.attn.c_proj,1280,1536,18.77695207499809,-0.002571507280073604,10.865087270736694,5,256,16,6.578936576843262
transformer.h.35.attn.c_proj,1536,1600,18.778827809176644,-0.0006957731015191371,10.93187165260315,5,256,16,3.255584716796875
transformer.h.35.mlp.c_fc,0,256,18.776842330396153,-0.0026812518820094056,10.888137817382812,5,256,16,5.951686382293701
transformer.h.35.mlp.c_fc,256,512,18.77745974805904,-0.0020638342191219294,10.903136968612671,5,256,16,5.939054012298584
transformer.h.35.mlp.c_fc,512,768,18.782711880597986,0.0031882983198237014,10.844165802001953,5,256,16,5.936004638671875
transformer.h.35.mlp.c_fc,768,1024,18.779240101837196,-0.0002834804409665992,10.78957223892212,5,256,16,5.945961952209473
transformer.h.35.mlp.c_fc,1024,1280,18.77919353776961,-0.0003300445085514525,11.103801488876343,5,256,16,5.942887306213379
transformer.h.35.mlp.c_fc,1280,1536,18.77972161176754,0.00019802948937552856,10.816815853118896,5,256,16,6.000578880310059
transformer.h.35.mlp.c_fc,1536,1792,18.779073418359122,-0.00045016391904084685,10.915100574493408,5,256,16,5.95821475982666
transformer.h.35.mlp.c_fc,1792,2048,18.777710839606943,-0.0018127426712197803,10.771087169647217,5,256,16,5.986530780792236
transformer.h.35.mlp.c_fc,2048,2304,18.7776816754647,-0.0018419068134640781,10.898654699325562,5,256,16,5.968364715576172
transformer.h.35.mlp.c_fc,2304,2560,18.779468318607304,-5.5263670859062586e-05,10.964322566986084,5,256,16,5.968867301940918
transformer.h.35.mlp.c_fc,2560,2816,18.780067400824375,0.0005438185462125489,10.856057405471802,5,256,16,5.954808235168457
transformer.h.35.mlp.c_fc,2816,3072,18.780141088105612,0.0006175058274493495,10.844236373901367,5,256,16,5.953611850738525
transformer.h.35.mlp.c_fc,3072,3328,18.77902263328035,-0.0005009489978142767,10.82874083518982,5,256,16,5.957956790924072
transformer.h.35.mlp.c_fc,3328,3584,18.77746320166428,-0.0020603806138836944,10.871044397354126,5,256,16,5.947767734527588
transformer.h.35.mlp.c_fc,3584,3840,18.77672695855753,-0.0027966237206342726,10.917547464370728,5,256,16,5.973959445953369
transformer.h.35.mlp.c_fc,3840,4096,18.7801648830186,0.0006413007404368898,10.824897050857544,5,256,16,5.921282768249512
transformer.h.35.mlp.c_fc,4096,4352,18.780547012982165,0.0010234307040022372,10.957608699798584,5,256,16,5.972192764282227
transformer.h.35.mlp.c_fc,4352,4608,18.776830818761795,-0.0026927635163680463,10.963034391403198,5,256,16,5.929183006286621
transformer.h.35.mlp.c_fc,4608,4864,18.77231969680836,-0.007203885469802884,10.833417177200317,5,256,16,5.960782051086426
transformer.h.35.mlp.c_fc,4864,5120,18.780310211743693,0.0007866294655300976,10.851692914962769,5,256,16,5.9498114585876465
transformer.h.35.mlp.c_fc,5120,5376,18.77001998279386,-0.009503599484304459,10.832197427749634,5,256,16,5.961545467376709
transformer.h.35.mlp.c_fc,5376,5632,18.779637436186785,0.0001138539086227297,10.801417827606201,5,256,16,5.964338302612305
transformer.h.35.mlp.c_fc,5632,5888,18.776331604341042,-0.0031919779371207824,10.979389667510986,5,256,16,5.985044956207275
transformer.h.35.mlp.c_fc,5888,6144,18.780363175132617,0.0008395928544544518,10.873245239257812,5,256,16,5.982978820800781
transformer.h.35.mlp.c_fc,6144,6400,18.776554541654363,-0.002969040623799657,10.84549355506897,5,256,16,5.987308979034424
transformer.h.35.mlp.c_proj,0,256,18.778102257478395,-0.0014213247997680867,10.933518171310425,5,256,16,14.029862403869629
transformer.h.35.mlp.c_proj,256,512,18.772923410432142,-0.006600171846020686,10.783644199371338,5,256,16,14.099199295043945
transformer.h.35.mlp.c_proj,512,768,18.77326242441275,-0.00626115786541348,10.961784362792969,5,256,16,14.04365348815918
transformer.h.35.mlp.c_proj,768,1024,18.77714969364345,-0.0023738886347111077,10.85419487953186,5,256,16,13.99793815612793
transformer.h.35.mlp.c_proj,1024,1280,18.780223346991992,0.0006997647138291541,10.821856260299683,5,256,16,14.031380653381348
transformer.h.35.mlp.c_proj,1280,1536,18.78039822827893,0.000874646000767143,10.861184120178223,5,256,16,14.11551284790039
transformer.h.35.mlp.c_proj,1536,1600,18.777903093836013,-0.0016204884421497923,10.849103450775146,5,256,16,7.064892292022705
transformer.h.36.attn.c_attn,0,256,18.78024100135671,0.0007174190785477208,10.91129446029663,5,256,16,6.422813415527344
transformer.h.36.attn.c_attn,256,512,18.780793540188196,0.001269957910032815,10.92161774635315,5,256,16,6.533632278442383
transformer.h.36.attn.c_attn,512,768,18.7804927697552,0.0009691874770361153,10.929727792739868,5,256,16,6.483785629272461
transformer.h.36.attn.c_attn,768,1024,18.77506987763644,-0.004453704641722567,10.84736180305481,5,256,16,6.306053161621094
transformer.h.36.attn.c_attn,1024,1280,18.779000374876013,-0.00052320740214995,10.798635244369507,5,256,16,6.316389560699463
transformer.h.36.attn.c_attn,1280,1536,18.785242588237814,0.005719005959651469,10.899159908294678,5,256,16,6.412699222564697
transformer.h.36.attn.c_attn,1536,1792,18.77922219256677,-0.0003013897113923747,10.871256589889526,5,256,16,6.569094657897949
transformer.h.36.attn.c_attn,1792,2048,18.775491168538448,-0.004032413739714968,10.887441635131836,5,256,16,6.497415065765381
transformer.h.36.attn.c_attn,2048,2304,18.779357535905028,-0.0001660463731347761,10.861963272094727,5,256,16,6.612420082092285
transformer.h.36.attn.c_attn,2304,2560,18.776809969930863,-0.002713612347299943,10.855169773101807,5,256,16,6.482802867889404
transformer.h.36.attn.c_attn,2560,2816,18.77997196599055,0.0004483837123885337,10.946156740188599,5,256,16,6.3194427490234375
transformer.h.36.attn.c_attn,2816,3072,18.78247415644482,0.0029505741666575602,10.85731029510498,5,256,16,6.457845687866211
transformer.h.36.attn.c_attn,3072,3328,18.779600849349873,7.726707170974123e-05,10.829787015914917,5,256,16,6.150017738342285
transformer.h.36.attn.c_attn,3328,3584,18.782881795076563,0.0033582127983997623,10.961448907852173,5,256,16,6.069020748138428
transformer.h.36.attn.c_attn,3584,3840,18.781349933409487,0.0018263511313243441,10.901439189910889,5,256,16,6.230291843414307
transformer.h.36.attn.c_attn,3840,4096,18.78386356748948,0.0043399852113168436,10.953112602233887,5,256,16,6.036309242248535
transformer.h.36.attn.c_attn,4096,4352,18.779442733629573,-8.084864859014829e-05,10.835755348205566,5,256,16,6.34186315536499
transformer.h.36.attn.c_attn,4352,4608,18.778095733780344,-0.001427848497819184,10.967002391815186,5,256,16,5.722016334533691
transformer.h.36.attn.c_attn,4608,4800,18.78173899626858,0.0022154139904166925,10.987733364105225,5,256,16,5.050098419189453
transformer.h.36.attn.c_proj,0,256,18.78163011926669,0.0021065369885278074,10.882361650466919,5,256,16,6.127561569213867
transformer.h.36.attn.c_proj,256,512,18.7795652859893,4.1703711136875654e-05,10.85678482055664,5,256,16,6.156744956970215
transformer.h.36.attn.c_proj,512,768,18.777333116305467,-0.0021904659726956766,10.864245176315308,5,256,16,6.112782001495361
transformer.h.36.attn.c_proj,768,1024,18.780467311313547,0.0009437290353844219,10.878723859786987,5,256,16,6.099557399749756
transformer.h.36.attn.c_proj,1024,1280,18.781614766508746,0.0020911842305828543,10.915794849395752,5,256,16,6.09515905380249
transformer.h.36.attn.c_proj,1280,1536,18.78079200498022,0.0012684227020578476,10.875560760498047,5,256,16,6.319799423217773
transformer.h.36.attn.c_proj,1536,1600,18.780131621320653,0.0006080390424898496,10.907618761062622,5,256,16,3.161928176879883
transformer.h.36.mlp.c_fc,0,256,18.78028488148005,0.0007612992018870557,10.995863437652588,5,256,16,5.983771324157715
transformer.h.36.mlp.c_fc,256,512,18.781196792495287,0.001673210217123966,10.897814273834229,5,256,16,6.052453517913818
transformer.h.36.mlp.c_fc,512,768,18.778747731043843,-0.0007758512343194468,10.879066467285156,5,256,16,5.97287654876709
transformer.h.36.mlp.c_fc,768,1024,18.779530874024655,7.2917464919441954e-06,10.857954502105713,5,256,16,5.980276107788086
transformer.h.36.mlp.c_fc,1024,1280,18.779494415320496,-2.9166957666859616e-05,10.92927074432373,5,256,16,5.995858669281006
transformer.h.36.mlp.c_fc,1280,1536,18.77899679306629,-0.0005267892118716588,10.91551661491394,5,256,16,5.9455647468566895
transformer.h.36.mlp.c_fc,1536,1792,18.781785694588535,0.002262112310372544,10.913091897964478,5,256,16,5.97956657409668
transformer.h.36.mlp.c_fc,1792,2048,18.778660873519108,-0.0008627087590546978,10.944000959396362,5,256,16,5.981746673583984
transformer.h.36.mlp.c_fc,2048,2304,18.779708307395328,0.0001847251171653852,10.878304481506348,5,256,16,5.965789318084717
transformer.h.36.mlp.c_fc,2304,2560,18.778464518150777,-0.001059064127385767,10.87979507446289,5,256,16,5.972930431365967
transformer.h.36.mlp.c_fc,2560,2816,18.77695258662943,-0.0025709956487318664,10.906930685043335,5,256,16,5.983283519744873
transformer.h.36.mlp.c_fc,2816,3072,18.780631576438587,0.001107994160424397,10.8735830783844,5,256,16,5.955850124359131
transformer.h.36.mlp.c_fc,3072,3328,18.778073860221074,-0.0014497220570888203,10.914308309555054,5,256,16,6.001795768737793
transformer.h.36.mlp.c_fc,3328,3584,18.77597795419372,-0.003545628084442143,11.09778881072998,5,256,16,6.001255512237549
transformer.h.36.mlp.c_fc,3584,3840,18.7772394861035,-0.002284096174662409,10.907623529434204,5,256,16,5.997387409210205
transformer.h.36.mlp.c_fc,3840,4096,18.77955274928112,2.9167002956853594e-05,11.037502527236938,5,256,16,5.957149505615234
transformer.h.36.mlp.c_fc,4096,4352,18.77935408195137,-0.0001695003267911943,10.81445574760437,5,256,16,5.95343017578125
transformer.h.36.mlp.c_fc,4352,4608,18.779269012552636,-0.00025456972552717616,10.885056734085083,5,256,16,5.973796367645264
transformer.h.36.mlp.c_fc,4608,4864,18.781300037736383,0.0017764554582200276,11.013504266738892,5,256,16,5.984175205230713
transformer.h.36.mlp.c_fc,4864,5120,18.78081209062781,0.0012885083496456673,10.800190687179565,5,256,16,6.028107166290283
transformer.h.36.mlp.c_fc,5120,5376,18.779245986315495,-0.00027759596266818676,10.950153112411499,5,256,16,5.9427032470703125
transformer.h.36.mlp.c_fc,5376,5632,18.778878977491427,-0.0006446047867356697,10.79796552658081,5,256,16,5.966509819030762
transformer.h.36.mlp.c_fc,5632,5888,18.779798112090685,0.00027452981252196196,10.852275371551514,5,256,16,5.977287769317627
transformer.h.36.mlp.c_fc,5888,6144,18.77979082024043,0.00026723796226590935,10.88370132446289,5,256,16,5.974295616149902
transformer.h.36.mlp.c_fc,6144,6400,18.778734683201527,-0.0007888990766353743,10.891799449920654,5,256,16,5.941709995269775
transformer.h.36.mlp.c_proj,0,256,18.77838265072095,-0.0011409315572130652,10.877667903900146,5,256,16,14.150726318359375
transformer.h.36.mlp.c_proj,256,512,18.78477910722515,0.005255524946988999,10.813851594924927,5,256,16,14.223603248596191
transformer.h.36.mlp.c_proj,512,768,18.77987896226923,0.00035537999106693974,10.859924793243408,5,256,16,14.164193153381348
transformer.h.36.mlp.c_proj,768,1024,18.778157005465065,-0.0013665768130977085,10.989335536956787,5,256,16,14.155396461486816
transformer.h.36.mlp.c_proj,1024,1280,18.78335853622519,0.0038349539470274863,10.88719391822815,5,256,16,14.11042308807373
transformer.h.36.mlp.c_proj,1280,1536,18.777152635554856,-0.0023709467233068438,10.855117321014404,5,256,16,14.239666938781738
transformer.h.36.mlp.c_proj,1536,1600,18.78029767453822,0.0007740922600589784,10.86256742477417,5,256,16,7.142044544219971
transformer.h.37.attn.c_attn,0,256,18.781105573813996,0.0015819915358328274,10.834066390991211,5,256,16,6.252267837524414
transformer.h.37.attn.c_attn,256,512,18.77973619541714,0.00021261313897724676,10.96137547492981,5,256,16,6.418868064880371
transformer.h.37.attn.c_attn,512,768,18.774325159741224,-0.005198422536938807,10.827819585800171,5,256,16,6.390286922454834
transformer.h.37.attn.c_attn,768,1024,18.77839608207168,-0.0011275002064827788,11.011954069137573,5,256,16,6.174415111541748
transformer.h.37.attn.c_attn,1024,1280,18.78267413625002,0.0031505539718565956,10.89051342010498,5,256,16,6.47928524017334
transformer.h.37.attn.c_attn,1280,1536,18.780448633282827,0.0009250510046641125,10.899973630905151,5,256,16,6.528732776641846
transformer.h.37.attn.c_attn,1536,1792,18.769944800903325,-0.00957878137483803,10.941665649414062,5,256,16,6.343495845794678
transformer.h.37.attn.c_attn,1792,2048,18.77930112140824,-0.00022246086992439018,10.907033920288086,5,256,16,6.436432838439941
transformer.h.37.attn.c_attn,2048,2304,18.78181077099456,0.002287188716397992,10.910090684890747,5,256,16,6.477278232574463
transformer.h.37.attn.c_attn,2304,2560,18.780044629466083,0.0005210471879202316,10.94747018814087,5,256,16,5.930699825286865
transformer.h.37.attn.c_attn,2560,2816,18.78445229728412,0.0049287150059562634,10.830910921096802,5,256,16,6.477226734161377
transformer.h.37.attn.c_attn,2816,3072,18.779349732529155,-0.00017384974900735983,10.914791822433472,5,256,16,6.538947582244873
transformer.h.37.attn.c_attn,3072,3328,18.77445215488196,-0.005071427396202921,10.963624715805054,5,256,16,6.7336883544921875
transformer.h.37.attn.c_attn,3328,3584,18.774063498745765,-0.00546008353239813,10.833788871765137,5,256,16,6.024162769317627
transformer.h.37.attn.c_attn,3584,3840,18.78024739786977,0.0007238155916056144,11.088009357452393,5,256,16,6.256792068481445
transformer.h.37.attn.c_attn,3840,4096,18.783334609314455,0.003811027036292103,10.89695954322815,5,256,16,5.8256754875183105
transformer.h.37.attn.c_attn,4096,4352,18.777976772625166,-0.0015468096529964726,10.959921836853027,5,256,16,6.306463718414307
transformer.h.37.attn.c_attn,4352,4608,18.779278478902764,-0.00024510337539851434,10.827553749084473,5,256,16,6.004532814025879
transformer.h.37.attn.c_attn,4608,4800,18.77231470963412,-0.007208872644042685,10.84676718711853,5,256,16,5.286685943603516
transformer.h.37.attn.c_proj,0,256,18.779938832562465,0.0004152502843020045,10.830358266830444,5,256,16,6.3352251052856445
transformer.h.37.attn.c_proj,256,512,18.778459145589753,-0.001064436688409387,10.858446836471558,5,256,16,6.3372802734375
transformer.h.37.attn.c_proj,512,768,18.778156493800903,-0.001367088477259415,11.06112027168274,5,256,16,6.310990333557129
transformer.h.37.attn.c_proj,768,1024,18.781001562029363,0.0014779797512005644,10.889507532119751,5,256,16,6.3174824714660645
transformer.h.37.attn.c_proj,1024,1280,18.779675302358797,0.00015172008063402131,10.830901861190796,5,256,16,6.32038688659668
transformer.h.37.attn.c_proj,1280,1536,18.780413324179605,0.0008897419014424202,10.90042519569397,5,256,16,6.492572784423828
transformer.h.37.attn.c_proj,1536,1600,18.780548420237782,0.0010248379596191626,10.854064464569092,5,256,16,3.2212016582489014
transformer.h.37.mlp.c_fc,0,256,18.77867456090797,-0.0008490213701932703,10.861217498779297,5,256,16,5.990070819854736
transformer.h.37.mlp.c_fc,256,512,18.779451048743507,-7.253353465586088e-05,10.851295471191406,5,256,16,5.971917152404785
transformer.h.37.mlp.c_fc,512,768,18.778634266287042,-0.0008893159911202986,10.896375179290771,5,256,16,5.977237224578857
transformer.h.37.mlp.c_fc,768,1024,18.777919850618566,-0.0016037316595962636,10.941949605941772,5,256,16,5.994974136352539
transformer.h.37.mlp.c_fc,1024,1280,18.78017127950573,0.0006476972275670789,10.84712529182434,5,256,16,5.969908237457275
transformer.h.37.mlp.c_fc,1280,1536,18.779540596357712,1.7014079549682037e-05,10.873624324798584,5,256,16,5.989586353302002
transformer.h.37.mlp.c_fc,1536,1792,18.777940444852717,-0.0015831374254453578,10.95156979560852,5,256,16,5.986158847808838
transformer.h.37.mlp.c_fc,1792,2048,18.77894600819474,-0.0005775740834224052,10.95486831665039,5,256,16,6.0337066650390625
transformer.h.37.mlp.c_fc,2048,2304,18.78120587600673,0.00168229372856743,11.048022985458374,5,256,16,6.008845329284668
transformer.h.37.mlp.c_fc,2304,2560,18.77878840966927,-0.0007351726088913324,10.895580530166626,5,256,16,5.956292152404785
transformer.h.37.mlp.c_fc,2560,2816,18.777154042556123,-0.002369539722039349,10.83296537399292,5,256,16,5.981061935424805
transformer.h.37.mlp.c_fc,2816,3072,18.77930073763673,-0.0002228446414314078,10.972614288330078,5,256,16,5.967206954956055
transformer.h.37.mlp.c_fc,3072,3328,18.779872054170756,0.0003484718925932384,10.806895732879639,5,256,16,5.991206169128418
transformer.h.37.mlp.c_fc,3328,3584,18.77767476817448,-0.0018488141036812067,10.893293142318726,5,256,16,5.9975786209106445
transformer.h.37.mlp.c_fc,3584,3840,18.778898933171973,-0.0006246491061894233,10.833737850189209,5,256,16,5.990383148193359
transformer.h.37.mlp.c_fc,3840,4096,18.77584173991027,-0.00368184236789304,10.879027128219604,5,256,16,5.996773719787598
transformer.h.37.mlp.c_fc,4096,4352,18.780447098103046,0.0009235158248834807,10.874245882034302,5,256,16,6.0050883293151855
transformer.h.37.mlp.c_fc,4352,4608,18.77641614881668,-0.0031074334614835664,10.932228088378906,5,256,16,5.994551181793213
transformer.h.37.mlp.c_fc,4608,4864,18.777116181467832,-0.002407400810330529,10.83543348312378,5,256,16,5.988847255706787
transformer.h.37.mlp.c_fc,4864,5120,18.77909068787564,-0.00043289440252181066,10.899347305297852,5,256,16,5.978397369384766
transformer.h.37.mlp.c_fc,5120,5376,18.78179221956852,0.0022686372903564234,10.859746932983398,5,256,16,5.997663497924805
transformer.h.37.mlp.c_fc,5376,5632,18.779293062208243,-0.0002305200699197485,10.956665515899658,5,256,16,6.005330562591553
transformer.h.37.mlp.c_fc,5632,5888,18.777639848023966,-0.001883734254196412,10.853383541107178,5,256,16,5.9812493324279785
transformer.h.37.mlp.c_fc,5888,6144,18.777208915687844,-0.002314666590319092,10.863431930541992,5,256,16,5.991391181945801
transformer.h.37.mlp.c_fc,6144,6400,18.778325855401196,-0.0011977268769669536,10.921261072158813,5,256,16,6.01038932800293
transformer.h.37.mlp.c_proj,0,256,18.77924585839203,-0.0002777238861320086,10.838773965835571,5,256,16,14.325698852539062
transformer.h.37.mlp.c_proj,256,512,18.77909567685003,-0.00042790542813264665,11.011805295944214,5,256,16,14.40145206451416
transformer.h.37.mlp.c_proj,512,768,18.772230950880047,-0.007292631398115645,10.819257259368896,5,256,16,14.31507682800293
transformer.h.37.mlp.c_proj,768,1024,18.776255501848137,-0.0032680804300255772,10.838032960891724,5,256,16,14.298698425292969
transformer.h.37.mlp.c_proj,1024,1280,18.77731981362537,-0.00220376865279448,10.891180038452148,5,256,16,14.280587196350098
transformer.h.37.mlp.c_proj,1280,1536,18.780210298124377,0.0006867158462142697,10.840726137161255,5,256,16,14.415485382080078
transformer.h.37.mlp.c_proj,1536,1600,18.779669801525017,0.00014621924685442877,10.858633518218994,5,256,16,7.247402191162109
transformer.h.38.attn.c_attn,0,256,18.778641685607585,-0.0008818966705774756,10.845107078552246,5,256,16,6.153049945831299
transformer.h.38.attn.c_attn,256,512,18.782183722515565,0.002660140237402686,10.984920263290405,5,256,16,6.073001384735107
transformer.h.38.attn.c_attn,512,768,18.776248722985574,-0.003274859292588417,10.905553340911865,5,256,16,6.246648788452148
transformer.h.38.attn.c_attn,768,1024,18.77902404042174,-0.0004995418564242016,10.865070819854736,5,256,16,6.310041904449463
transformer.h.38.attn.c_attn,1024,1280,18.776185922695973,-0.0033376595821899002,10.799131155014038,5,256,16,6.23315954208374
transformer.h.38.attn.c_attn,1280,1536,18.779786598644197,0.00026301636603420775,10.902361392974854,5,256,16,6.281732559204102
transformer.h.38.attn.c_attn,1536,1792,18.778448272554286,-0.0010753097238769271,10.786334991455078,5,256,16,6.178252696990967
transformer.h.38.attn.c_attn,1792,2048,18.780296523162633,0.00077294088447033,10.9147629737854,5,256,16,6.121364593505859
transformer.h.38.attn.c_attn,2048,2304,18.78290610525566,0.003382522977496194,10.852601051330566,5,256,16,6.235955715179443
transformer.h.38.attn.c_attn,2304,2560,18.78139906158636,0.0018754793081967591,10.850315570831299,5,256,16,6.366369247436523
transformer.h.38.attn.c_attn,2560,2816,18.778959184105396,-0.0005643981727665448,10.777696371078491,5,256,16,6.388183116912842
transformer.h.38.attn.c_attn,2816,3072,18.779512580701088,-1.1001577075120395e-05,10.866638660430908,5,256,16,6.413199424743652
transformer.h.38.attn.c_attn,3072,3328,18.779081605387198,-0.00044197689096492354,10.911481380462646,5,256,16,6.312882423400879
transformer.h.38.attn.c_attn,3328,3584,18.77746550406813,-0.002058078210033898,10.874058723449707,5,256,16,6.746226787567139
transformer.h.38.attn.c_attn,3584,3840,18.778849555693387,-0.0006740265847753335,10.87119197845459,5,256,16,5.949972152709961
transformer.h.38.attn.c_attn,3840,4096,18.775997523087444,-0.003526059190718911,10.964908599853516,5,256,16,6.3286919593811035
transformer.h.38.attn.c_attn,4096,4352,18.77902493587541,-0.0004986464027538773,10.899316787719727,5,256,16,6.567618370056152
transformer.h.38.attn.c_attn,4352,4608,18.78056198107002,0.0010383987918558546,11.017019033432007,5,256,16,6.184503555297852
transformer.h.38.attn.c_attn,4608,4800,18.78077268695726,0.0012491046790970017,10.950438499450684,5,256,16,5.7442145347595215
transformer.h.38.attn.c_proj,0,256,18.7786058682252,-0.0009177140529637029,10.823453187942505,5,256,16,6.46531867980957
transformer.h.38.attn.c_proj,256,512,18.77682685364493,-0.002696728633232226,10.944384574890137,5,256,16,6.4827470779418945
transformer.h.38.attn.c_proj,512,768,18.77944017513371,-8.340714445154163e-05,10.891663789749146,5,256,16,6.449549674987793
transformer.h.38.attn.c_proj,768,1024,18.78114843246601,0.0016248501878486366,11.057396173477173,5,256,16,6.460488319396973
transformer.h.38.attn.c_proj,1024,1280,18.780826419255785,0.0013028369776222348,10.864274978637695,5,256,16,6.450908184051514
transformer.h.38.attn.c_proj,1280,1536,18.78103444146113,0.0015108591829680051,10.906574726104736,5,256,16,6.686710357666016
transformer.h.38.attn.c_proj,1536,1600,18.78051170369399,0.0009881214158262708,11.091167449951172,5,256,16,3.305299997329712
transformer.h.38.mlp.c_fc,0,256,18.780785736215623,0.0012621539374606527,10.86485767364502,5,256,16,6.008606433868408
transformer.h.38.mlp.c_fc,256,512,18.778261129412904,-0.001262452865258723,10.84528636932373,5,256,16,5.984123229980469
transformer.h.38.mlp.c_fc,512,768,18.77984825962879,0.0003246773506262457,10.990934610366821,5,256,16,6.005021095275879
transformer.h.38.mlp.c_fc,768,1024,18.778331100006863,-0.0011924822712998662,10.910582304000854,5,256,16,6.016571044921875
transformer.h.38.mlp.c_fc,1024,1280,18.77872867096351,-0.0007949113146530351,10.946715354919434,5,256,16,6.009415149688721
transformer.h.38.mlp.c_fc,1280,1536,18.77821955651436,-0.0013040257638010644,10.91968321800232,5,256,16,5.983983516693115
transformer.h.38.mlp.c_fc,1536,1792,18.780014949984366,0.0004913677062035049,10.944553136825562,5,256,16,5.990497589111328
transformer.h.38.mlp.c_fc,1792,2048,18.778141527630225,-0.0013820546479372808,10.940321683883667,5,256,16,5.98972225189209
transformer.h.38.mlp.c_fc,2048,2304,18.778624416503973,-0.0008991657741894699,10.882479906082153,5,256,16,6.063483715057373
transformer.h.38.mlp.c_fc,2304,2560,18.77926837293456,-0.0002552093436030134,10.91861343383789,5,256,16,5.980849742889404
transformer.h.38.mlp.c_fc,2560,2816,18.779720332500574,0.00019675022241116835,10.88482117652893,5,256,16,5.992956638336182
transformer.h.38.mlp.c_fc,2816,3072,18.778849683614148,-0.0006738986640151268,10.867884874343872,5,256,16,6.002035617828369
transformer.h.38.mlp.c_fc,3072,3328,18.77692137714272,-0.0026022051354424036,11.015645980834961,5,256,16,5.962642669677734
transformer.h.38.mlp.c_fc,3328,3584,18.780160917197676,0.0006373349195136768,10.901281595230103,5,256,16,6.022098541259766
transformer.h.38.mlp.c_fc,3584,3840,18.780135203346838,0.0006116210686748502,10.807289600372314,5,256,16,6.001730918884277
transformer.h.38.mlp.c_fc,3840,4096,18.777464864511472,-0.002058717766690421,10.817232608795166,5,256,16,5.963884353637695
transformer.h.38.mlp.c_fc,4096,4352,18.77709072760341,-0.0024328546747511837,10.792378425598145,5,256,16,5.97814416885376
transformer.h.38.mlp.c_fc,4352,4608,18.780012903125293,0.0004893208471301591,10.82598614692688,5,256,16,6.0291290283203125
transformer.h.38.mlp.c_fc,4608,4864,18.77782608957715,-0.001697492701012493,10.881774187088013,5,256,16,5.975844860076904
transformer.h.38.mlp.c_fc,4864,5120,18.78128711605804,0.0017635337798758144,10.900401592254639,5,256,16,5.988768100738525
transformer.h.38.mlp.c_fc,5120,5376,18.77871639065354,-0.0008071916246237265,10.90012240409851,5,256,16,6.009599208831787
transformer.h.38.mlp.c_fc,5376,5632,18.778663176069806,-0.0008604062083570341,10.847256422042847,5,256,16,5.98295259475708
transformer.h.38.mlp.c_fc,5632,5888,18.779150427733047,-0.00037315454511599455,10.915318489074707,5,256,16,5.99638557434082
transformer.h.38.mlp.c_fc,5888,6144,18.780193283438084,0.0006697011599214875,10.878397464752197,5,256,16,6.027523040771484
transformer.h.38.mlp.c_fc,6144,6400,18.777178729050085,-0.002344853228077426,10.887197732925415,5,256,16,6.03147554397583
transformer.h.38.mlp.c_proj,0,256,18.779977978626626,0.00045439634846289323,10.883299589157104,5,256,16,14.492790222167969
transformer.h.38.mlp.c_proj,256,512,18.780122282469897,0.0005987001917340251,10.796062231063843,5,256,16,14.533462524414062
transformer.h.38.mlp.c_proj,512,768,18.778152784236116,-0.0013707980420463173,10.963224649429321,5,256,16,14.489242553710938
transformer.h.38.mlp.c_proj,768,1024,18.777713142041158,-0.00181044023700494,10.828440427780151,5,256,16,14.415603637695312
transformer.h.38.mlp.c_proj,1024,1280,18.775743256959352,-0.0037803253188108954,10.85164999961853,5,256,16,14.431051254272461
transformer.h.38.mlp.c_proj,1280,1536,18.777729131175413,-0.0017944511027501164,10.824044466018677,5,256,16,14.617615699768066
transformer.h.38.mlp.c_proj,1536,1600,18.781599157884354,0.0020755756061916486,10.866074323654175,5,256,16,7.347996711730957
transformer.h.39.attn.c_attn,0,256,18.77911473730288,-0.00040884497528281827,10.90107798576355,5,256,16,6.317481994628906
transformer.h.39.attn.c_attn,256,512,18.77995546323335,0.00043188095518686964,10.919277906417847,5,256,16,6.197662830352783
transformer.h.39.attn.c_attn,512,768,18.774492184746876,-0.005031397531286785,10.87329649925232,5,256,16,6.286130905151367
transformer.h.39.attn.c_attn,768,1024,18.779951369528384,0.0004277872502207458,10.964812755584717,5,256,16,6.251718521118164
transformer.h.39.attn.c_attn,1024,1280,18.783455011885707,0.00393142960754389,10.852197647094727,5,256,16,6.3032121658325195
transformer.h.39.attn.c_attn,1280,1536,18.779205946314793,-0.00031763596336986666,11.03087306022644,5,256,16,6.242834568023682
transformer.h.39.attn.c_attn,1536,1792,18.778927715440897,-0.0005958668372656462,10.879179000854492,5,256,16,6.397768974304199
transformer.h.39.attn.c_attn,1792,2048,18.772863178864064,-0.006660403414098681,10.861231327056885,5,256,16,6.330506324768066
transformer.h.39.attn.c_attn,2048,2304,18.77748136508008,-0.0020422171980811754,10.985182523727417,5,256,16,6.377781867980957
transformer.h.39.attn.c_attn,2304,2560,18.77262736965856,-0.006896212619601272,10.867899894714355,5,256,16,6.571916103363037
transformer.h.39.attn.c_attn,2560,2816,18.779420986425905,-0.00010259585225824708,11.047404766082764,5,256,16,6.342982769012451
transformer.h.39.attn.c_attn,2816,3072,18.779598546684195,7.496440603205201e-05,10.78952431678772,5,256,16,6.400733470916748
transformer.h.39.attn.c_attn,3072,3328,18.775573407057713,-0.003950175220449381,10.861989974975586,5,256,16,5.885239124298096
transformer.h.39.attn.c_attn,3328,3584,18.77982280206082,0.00029921978265790017,10.861419200897217,5,256,16,6.847799301147461
transformer.h.39.attn.c_attn,3584,3840,18.77709315787038,-0.00243042440778396,10.88433051109314,5,256,16,6.16947078704834
transformer.h.39.attn.c_attn,3840,4096,18.774790301217866,-0.00473328106029669,10.856909036636353,5,256,16,6.214818000793457
transformer.h.39.attn.c_attn,4096,4352,18.78096126241524,0.001437680137076569,10.841922044754028,5,256,16,6.017518043518066
transformer.h.39.attn.c_attn,4352,4608,18.77841002510308,-0.0011135571750813256,10.868917465209961,5,256,16,6.232768535614014
transformer.h.39.attn.c_attn,4608,4800,18.779668138482563,0.0001445562044004589,11.008742809295654,5,256,16,5.664671421051025
transformer.h.39.attn.c_proj,0,256,18.776574366959554,-0.002949215318608367,10.933545112609863,5,256,16,6.496768951416016
transformer.h.39.attn.c_proj,256,512,18.779281293223992,-0.00024228905417089663,10.76814079284668,5,256,16,6.496842861175537
transformer.h.39.attn.c_proj,512,768,18.777282463843157,-0.002241118435005518,10.9216890335083,5,256,16,6.4964213371276855
transformer.h.39.attn.c_proj,768,1024,18.776966016957303,-0.0025575653208598226,10.888647317886353,5,256,16,6.478056907653809
transformer.h.39.attn.c_proj,1024,1280,18.77849393934556,-0.0010296429326039913,11.045327425003052,5,256,16,6.4750752449035645
transformer.h.39.attn.c_proj,1280,1536,18.779035681322746,-0.00048790095541662026,10.898823261260986,5,256,16,6.722021102905273
transformer.h.39.attn.c_proj,1536,1600,18.778720100329664,-0.0008034819484983302,10.84984827041626,5,256,16,3.3301618099212646
transformer.h.39.mlp.c_fc,0,256,18.765432265406456,-0.014091316871706283,11.05379343032837,5,256,16,6.047008514404297
transformer.h.39.mlp.c_fc,256,512,18.77989226676235,0.0003686844841865877,10.788280248641968,5,256,16,6.014575481414795
transformer.h.39.mlp.c_fc,512,768,18.781022671385557,0.0014990891073942691,10.853462934494019,5,256,16,6.0163140296936035
transformer.h.39.mlp.c_fc,768,1024,18.778033311058707,-0.0014902712194562184,10.884752988815308,5,256,16,6.014976501464844
transformer.h.39.mlp.c_fc,1024,1280,18.781200758534954,0.0016771762567913129,10.933798551559448,5,256,16,6.0079193115234375
transformer.h.39.mlp.c_fc,1280,1536,18.77976152494073,0.0002379426625687131,10.925852060317993,5,256,16,6.041811943054199
transformer.h.39.mlp.c_fc,1536,1792,18.779755512373956,0.0002319300957935866,10.919530868530273,5,256,16,6.009675979614258
transformer.h.39.mlp.c_fc,1792,2048,18.7766848774314,-0.0028387048467628517,10.846339702606201,5,256,16,5.9959516525268555
transformer.h.39.mlp.c_fc,2048,2304,18.78182036656695,0.0022967842887879897,10.996808767318726,5,256,16,6.053972244262695
transformer.h.39.mlp.c_fc,2304,2560,18.779879985691448,0.00035640341328502245,10.929039239883423,5,256,16,6.020878314971924
transformer.h.39.mlp.c_fc,2560,2816,18.78037980617928,0.0008562239011169481,10.948515892028809,5,256,16,6.0082197189331055
transformer.h.39.mlp.c_fc,2816,3072,18.777939549450767,-0.0015840328273952764,10.857656717300415,5,256,16,6.0338945388793945
transformer.h.39.mlp.c_fc,3072,3328,18.779223343876495,-0.0003002384016674853,10.842767238616943,5,256,16,6.029673099517822
transformer.h.39.mlp.c_fc,3328,3584,18.77784118341032,-0.001682398867842494,10.864731788635254,5,256,16,5.985012531280518
transformer.h.39.mlp.c_fc,3584,3840,18.778174402055,-0.0013491802231619943,10.90994644165039,5,256,16,6.02322244644165
transformer.h.39.mlp.c_fc,3840,4096,18.77747496950913,-0.0020486127690340084,10.818775653839111,5,256,16,6.010185718536377
transformer.h.39.mlp.c_fc,4096,4352,18.77871012258176,-0.0008134596964026741,10.868359565734863,5,256,16,6.011756896972656
transformer.h.39.mlp.c_fc,4352,4608,18.775406756125015,-0.004116826153147457,10.843738317489624,5,256,16,6.034503936767578
transformer.h.39.mlp.c_fc,4608,4864,18.779868472194774,0.0003448899166116348,10.944334983825684,5,256,16,6.0325469970703125
transformer.h.39.mlp.c_fc,4864,5120,18.77817312289342,-0.0013504593847422086,10.828604221343994,5,256,16,6.047488212585449
transformer.h.39.mlp.c_fc,5120,5376,18.779371991347578,-0.00015159093058514372,10.900014638900757,5,256,16,5.994106769561768
transformer.h.39.mlp.c_fc,5376,5632,18.778642069365617,-0.0008815129125459009,10.862262964248657,5,256,16,6.025635242462158
transformer.h.39.mlp.c_fc,5632,5888,18.778968522377777,-0.0005550599003854018,10.751515626907349,5,256,16,6.011562824249268
transformer.h.39.mlp.c_fc,5888,6144,18.778540885434413,-0.0009826968437494088,10.874008178710938,5,256,16,6.018988609313965
transformer.h.39.mlp.c_fc,6144,6400,18.779456165738534,-6.741653962905048e-05,10.869349718093872,5,256,16,6.0287628173828125
transformer.h.39.mlp.c_proj,0,256,18.792868889259548,0.013345306981385363,10.821452379226685,5,256,16,14.618974685668945
transformer.h.39.mlp.c_proj,256,512,18.78056824975993,0.0010446674817679025,10.817254543304443,5,256,16,14.671533584594727
transformer.h.39.mlp.c_proj,512,768,18.780003692262195,0.0004801099840321399,10.797960758209229,5,256,16,14.62222671508789
transformer.h.39.mlp.c_proj,768,1024,18.78263344920733,0.003109866929168703,10.850689172744751,5,256,16,14.55935001373291
transformer.h.39.mlp.c_proj,1024,1280,18.78121240078528,0.0016888185071159967,10.871773719787598,5,256,16,14.560769081115723
transformer.h.39.mlp.c_proj,1280,1536,18.77711055347474,-0.002413028803424311,10.883364915847778,5,256,16,14.67081069946289
transformer.h.39.mlp.c_proj,1536,1600,18.780748763340473,0.0012251810623098436,10.922606229782104,5,256,16,7.418300628662109
transformer.h.40.attn.c_attn,0,256,18.777277347440425,-0.0022462348377381147,10.818759202957153,5,256,16,6.25499153137207
transformer.h.40.attn.c_attn,256,512,18.779146334203556,-0.00037724807460648435,11.075132131576538,5,256,16,6.103447914123535
transformer.h.40.attn.c_attn,512,768,18.779680291488507,0.00015670921034427465,10.89977240562439,5,256,16,6.359297752380371
transformer.h.40.attn.c_attn,768,1024,18.780065098101502,0.0005415158233397221,10.806313753128052,5,256,16,6.269657611846924
transformer.h.40.attn.c_attn,1024,1280,18.77872931056321,-0.000794271714951833,10.911160707473755,5,256,16,6.118151664733887
transformer.h.40.attn.c_attn,1280,1536,18.779602000682814,7.841840465161454e-05,10.831135988235474,5,256,16,6.124588489532471
transformer.h.40.attn.c_attn,1536,1792,18.77802013579767,-0.0015034464804912773,10.918517589569092,5,256,16,6.32059907913208
transformer.h.40.attn.c_attn,1792,2048,18.77965918364111,0.0001356013629489894,10.869506359100342,5,256,16,6.244699478149414
transformer.h.40.attn.c_attn,2048,2304,18.780449145009445,0.0009255627312825254,10.865004777908325,5,256,16,6.354958534240723
transformer.h.40.attn.c_attn,2304,2560,18.777169775395677,-0.002353806882485543,10.895618200302124,5,256,16,6.4262847900390625
transformer.h.40.attn.c_attn,2560,2816,18.77869003918217,-0.00083354309599315,10.885788440704346,5,256,16,6.236393451690674
transformer.h.40.attn.c_attn,2816,3072,18.77951117352309,-1.240875507235728e-05,10.875606775283813,5,256,16,6.275537490844727
transformer.h.40.attn.c_attn,3072,3328,18.781112994110924,0.0015894118327608453,10.881726741790771,5,256,16,6.289827346801758
transformer.h.40.attn.c_attn,3328,3584,18.778338647124897,-0.001184935153265343,10.882403135299683,5,256,16,6.286248207092285
transformer.h.40.attn.c_attn,3584,3840,18.779443501178392,-8.008109977097888e-05,10.95961332321167,5,256,16,6.638058662414551
transformer.h.40.attn.c_attn,3840,4096,18.78290316244283,0.003379580164668994,10.796297550201416,5,256,16,6.343625068664551
transformer.h.40.attn.c_attn,4096,4352,18.777726444999907,-0.0017971372782561446,10.805105447769165,5,256,16,6.706820011138916
transformer.h.40.attn.c_attn,4352,4608,18.777102751032555,-0.0024208312456082126,10.988755941390991,5,256,16,6.816840171813965
transformer.h.40.attn.c_attn,4608,4800,18.7783048769932,-0.0012187052849625957,10.91820502281189,5,256,16,5.224759578704834
transformer.h.40.attn.c_proj,0,256,18.77952345435281,-1.2792535386552117e-07,11.055200576782227,5,256,16,6.587437152862549
transformer.h.40.attn.c_proj,256,512,18.77868530615482,-0.0008382761233427516,10.844392776489258,5,256,16,6.577961444854736
transformer.h.40.attn.c_proj,512,768,18.77925276626016,-0.00027081601800205135,10.848694324493408,5,256,16,6.57642936706543
transformer.h.40.attn.c_proj,768,1024,18.78128762780751,0.0017640455293488344,11.098987817764282,5,256,16,6.552371025085449
transformer.h.40.attn.c_proj,1024,1280,18.776156633019703,-0.003366949258460039,10.899222373962402,5,256,16,6.586030006408691
transformer.h.40.attn.c_proj,1280,1536,18.779356000814435,-0.0001675814637280837,11.03562593460083,5,256,16,6.821163177490234
transformer.h.40.attn.c_proj,1536,1600,18.77999691204641,0.0004733297682477655,10.898481130599976,5,256,16,3.3354930877685547
transformer.h.40.mlp.c_fc,0,256,18.77832035496269,-0.0012032273154716222,10.839975595474243,5,256,16,6.017866611480713
transformer.h.40.mlp.c_fc,256,512,18.782022002661908,0.002498420383744815,11.072261571884155,5,256,16,6.072828769683838
transformer.h.40.mlp.c_fc,512,768,18.77854715344971,-0.0009764288284515033,10.856427907943726,5,256,16,6.056264400482178
transformer.h.40.mlp.c_fc,768,1024,18.78056850562486,0.0010449233466971464,10.809316873550415,5,256,16,6.012922763824463
transformer.h.40.mlp.c_fc,1024,1280,18.76415963942587,-0.015363942852292922,11.079312801361084,5,256,16,6.020809173583984
transformer.h.40.mlp.c_fc,1280,1536,18.780397076897167,0.0008734946190038784,10.874191284179688,5,256,16,6.042931079864502
transformer.h.40.mlp.c_fc,1536,1792,18.779332079002273,-0.0001915032758894597,10.94046664237976,5,256,16,6.0601959228515625
transformer.h.40.mlp.c_fc,1792,2048,18.778555851923382,-0.0009677303547803717,10.848835468292236,5,256,16,6.106226921081543
transformer.h.40.mlp.c_fc,2048,2304,18.77864360439785,-0.0008799778803130209,10.87605619430542,5,256,16,6.001508712768555
transformer.h.40.mlp.c_fc,2304,2560,18.77700605218215,-0.0025175300960142977,11.12863802909851,5,256,16,6.0224738121032715
transformer.h.40.mlp.c_fc,2560,2816,18.7802177180676,0.0006941357894376665,10.906711339950562,5,256,16,6.045139789581299
transformer.h.40.mlp.c_fc,2816,3072,18.779929877591936,0.0004062953137733416,10.959336996078491,5,256,16,6.030573844909668
transformer.h.40.mlp.c_fc,3072,3328,18.780743773926904,0.00122019164874132,10.901209592819214,5,256,16,6.043417453765869
transformer.h.40.mlp.c_fc,3328,3584,18.778819494338656,-0.0007040879395070476,10.825227499008179,5,256,16,6.043957710266113
transformer.h.40.mlp.c_fc,3584,3840,18.778076290615285,-0.0014472916628776034,10.972539901733398,5,256,16,6.04515266418457
transformer.h.40.mlp.c_fc,3840,4096,18.779946252398425,0.0004226701202618699,10.925354719161987,5,256,16,6.06479549407959
transformer.h.40.mlp.c_fc,4096,4352,18.77904284495772,-0.00048073732044429107,10.862930059432983,5,256,16,6.038218021392822
transformer.h.40.mlp.c_fc,4352,4608,18.779066382634724,-0.0004571996434385994,11.004295587539673,5,256,16,6.0303239822387695
transformer.h.40.mlp.c_fc,4608,4864,18.778218405266173,-0.0013051770119894002,10.856046676635742,5,256,16,6.0625319480896
transformer.h.40.mlp.c_fc,4864,5120,18.778163017520058,-0.0013605647581051983,10.872965574264526,5,256,16,6.060184001922607
transformer.h.40.mlp.c_fc,5120,5376,18.777509249794864,-0.002014332483298631,10.775536298751831,5,256,16,6.036891460418701
transformer.h.40.mlp.c_fc,5376,5632,18.779410624531838,-0.00011295774632458233,10.847436904907227,5,256,16,6.0158491134643555
transformer.h.40.mlp.c_fc,5632,5888,18.777684105808152,-0.0018394764700104815,11.034321784973145,5,256,16,6.040340900421143
transformer.h.40.mlp.c_fc,5888,6144,18.778304109490918,-0.0012194727872447686,10.82459831237793,5,256,16,6.0042338371276855
transformer.h.40.mlp.c_fc,6144,6400,18.779670824935828,0.00014724265766474787,10.970273494720459,5,256,16,6.039781093597412
transformer.h.40.mlp.c_proj,0,256,18.777224009024913,-0.0022995732532500313,10.809725999832153,5,256,16,14.907999038696289
transformer.h.40.mlp.c_proj,256,512,18.778944601059198,-0.0005789812189647137,10.859513282775879,5,256,16,15.014222145080566
transformer.h.40.mlp.c_proj,512,768,18.774944796729603,-0.004578785548559949,11.062958240509033,5,256,16,14.897480010986328
transformer.h.40.mlp.c_proj,768,1024,18.78122864877307,0.0017050664949067595,10.806041717529297,5,256,16,14.858856201171875
transformer.h.40.mlp.c_proj,1024,1280,18.771446833616857,-0.008076748661306254,10.997122287750244,5,256,16,14.875259399414062
transformer.h.40.mlp.c_proj,1280,1536,18.776485217203366,-0.003038365074797156,10.912207841873169,5,256,16,14.996317863464355
transformer.h.40.mlp.c_proj,1536,1600,18.78057259946436,0.0010490171861974318,11.027851819992065,5,256,16,7.647688388824463
transformer.h.41.attn.c_attn,0,256,18.779043100801875,-0.00048048147628776405,10.915072679519653,5,256,16,6.342884063720703
transformer.h.41.attn.c_attn,256,512,18.779012911215442,-0.0005106710627202915,10.880168437957764,5,256,16,6.28248405456543
transformer.h.41.attn.c_attn,512,768,18.774150974449885,-0.005372607828277864,10.865002393722534,5,256,16,6.252309799194336
transformer.h.41.attn.c_attn,768,1024,18.778713704336806,-0.0008098779413572288,10.847759008407593,5,256,16,6.385944843292236
transformer.h.41.attn.c_attn,1024,1280,18.77766543054546,-0.0018581517327014296,10.759639024734497,5,256,16,6.360880374908447
transformer.h.41.attn.c_attn,1280,1536,18.780088125343,0.0005645430648364425,10.87535572052002,5,256,16,6.389435291290283
transformer.h.41.attn.c_attn,1536,1792,18.776116983312377,-0.0034065989657854345,10.854373931884766,5,256,16,6.428864002227783
transformer.h.41.attn.c_attn,1792,2048,18.779121900968008,-0.00040168131015505537,10.898658275604248,5,256,16,6.451604843139648
transformer.h.41.attn.c_attn,2048,2304,18.780055759283826,0.0005321770056632147,10.922182559967041,5,256,16,6.4228901863098145
transformer.h.41.attn.c_attn,2304,2560,18.77399303250274,-0.005530549775421889,10.955722570419312,5,256,16,6.521903991699219
transformer.h.41.attn.c_attn,2560,2816,18.780580403348367,0.0010568210702039949,10.926596879959106,5,256,16,6.5758185386657715
transformer.h.41.attn.c_attn,2816,3072,18.779768560925568,0.00024497864740524733,10.848398447036743,5,256,16,6.479805946350098
transformer.h.41.attn.c_attn,3072,3328,18.778706157068033,-0.0008174252101298407,10.826603412628174,5,256,16,6.002384185791016
transformer.h.41.attn.c_attn,3328,3584,18.780889235066354,0.0013656527881913405,10.880091667175293,5,256,16,6.380642890930176
transformer.h.41.attn.c_attn,3584,3840,18.77889266503926,-0.0006309172389045159,10.844851970672607,5,256,16,6.656537055969238
transformer.h.41.attn.c_attn,3840,4096,18.76792472000362,-0.011598862274542654,10.912678718566895,5,256,16,6.264984607696533
transformer.h.41.attn.c_attn,4096,4352,18.778606124063394,-0.0009174582147686294,10.858155727386475,5,256,16,5.896169185638428
transformer.h.41.attn.c_attn,4352,4608,18.77562674078453,-0.0038968414936313422,10.849167823791504,5,256,16,6.437862873077393
transformer.h.41.attn.c_attn,4608,4800,18.77494441304712,-0.004579169231043068,11.076299667358398,5,256,16,5.290020942687988
transformer.h.41.attn.c_proj,0,256,18.779376852472353,-0.0001467298058095423,10.905595779418945,5,256,16,6.459754943847656
transformer.h.41.attn.c_proj,256,512,18.777909105809712,-0.0016144764684504764,11.098639965057373,5,256,16,6.482676029205322
transformer.h.41.attn.c_proj,512,768,18.777981761303636,-0.0015418209745270417,10.851341724395752,5,256,16,6.454512596130371
transformer.h.41.attn.c_proj,768,1024,18.77847833331476,-0.0010452489634040774,10.823316812515259,5,256,16,6.438296318054199
transformer.h.41.attn.c_proj,1024,1280,18.77754966991367,-0.0019739123644910705,10.830623388290405,5,256,16,6.428953170776367
transformer.h.41.attn.c_proj,1280,1536,18.775486180521646,-0.004037401756516346,10.778138160705566,5,256,16,6.812741279602051
transformer.h.41.attn.c_proj,1536,1600,18.778808493174065,-0.000715089104097899,10.935124158859253,5,256,16,3.2715542316436768
transformer.h.41.mlp.c_fc,0,256,18.778153807564255,-0.0013697747139076455,10.809097290039062,5,256,16,6.079929828643799
transformer.h.41.mlp.c_fc,256,512,18.778909294783702,-0.0006142874944607968,10.84862470626831,5,256,16,6.083276271820068
transformer.h.41.mlp.c_fc,512,768,18.77968464098728,0.00016105870911786724,10.971671104431152,5,256,16,6.059167861938477
transformer.h.41.mlp.c_fc,768,1024,18.77809905958691,-0.0014245226912521503,10.79306697845459,5,256,16,6.037673473358154
transformer.h.41.mlp.c_fc,1024,1280,18.779381329825235,-0.00014225245292820432,10.944026947021484,5,256,16,6.061120986938477
transformer.h.41.mlp.c_fc,1280,1536,18.7791569517975,-0.0003666304806628773,10.97451901435852,5,256,16,6.019901752471924
transformer.h.41.mlp.c_fc,1536,1792,18.7795678445022,4.42622240370838e-05,10.9009850025177,5,256,16,6.057219505310059
transformer.h.41.mlp.c_fc,1792,2048,18.7759366421517,-0.0035869401264641,10.867300748825073,5,256,16,6.049097537994385
transformer.h.41.mlp.c_fc,2048,2304,18.777696129617254,-0.0018274526609083352,10.805901765823364,5,256,16,6.043575763702393
transformer.h.41.mlp.c_fc,2304,2560,18.779878194702608,0.0003546124244451221,10.81199026107788,5,256,16,6.076270580291748
transformer.h.41.mlp.c_fc,2560,2816,18.778834844811655,-0.0006887374665076607,10.994988441467285,5,256,16,6.046454429626465
transformer.h.41.mlp.c_fc,2816,3072,18.780739935917378,0.0012163536392151286,10.873055934906006,5,256,16,6.068347930908203
transformer.h.41.mlp.c_fc,3072,3328,18.778904433779957,-0.0006191484982061013,10.836777448654175,5,256,16,6.067206859588623
transformer.h.41.mlp.c_fc,3328,3584,18.777623347316094,-0.001900234962068481,10.91659665107727,5,256,16,6.078288555145264
transformer.h.41.mlp.c_fc,3584,3840,18.77850161444742,-0.0010219678307414881,10.846520900726318,5,256,16,6.051202297210693
transformer.h.41.mlp.c_fc,3840,4096,18.778406187570468,-0.0011173947076947854,10.940685033798218,5,256,16,6.0491414070129395
transformer.h.41.mlp.c_fc,4096,4352,18.783575159322833,0.004051577044670296,10.9377601146698,5,256,16,6.0462517738342285
transformer.h.41.mlp.c_fc,4352,4608,18.779146334203556,-0.00037724807460648435,10.97195315361023,5,256,16,6.046122074127197
transformer.h.41.mlp.c_fc,4608,4864,18.780922114301475,0.0013985320233125265,10.900219678878784,5,256,16,6.063767910003662
transformer.h.41.mlp.c_fc,4864,5120,18.777714549084425,-0.001809033193737264,10.866925477981567,5,256,16,6.0473480224609375
transformer.h.41.mlp.c_fc,5120,5376,18.77849189265225,-0.0010316896259112696,11.09599232673645,5,256,16,6.071971893310547
transformer.h.41.mlp.c_fc,5376,5632,18.77968592025182,0.000162337973655724,10.803615808486938,5,256,16,6.044052600860596
transformer.h.41.mlp.c_fc,5632,5888,18.777496714459247,-0.002026867818916145,10.85811161994934,5,256,16,6.034806251525879
transformer.h.41.mlp.c_fc,5888,6144,18.7780846051242,-0.00143897715396335,11.038318157196045,5,256,16,6.080994606018066
transformer.h.41.mlp.c_fc,6144,6400,18.780009065265116,0.00048548298695294534,10.92841124534607,5,256,16,6.082000732421875
transformer.h.41.mlp.c_proj,0,256,18.78006241159183,0.0005388293136689981,11.021857738494873,5,256,16,14.977286338806152
transformer.h.41.mlp.c_proj,256,512,18.776404509539496,-0.0031190727386665174,10.824596881866455,5,256,16,15.12547492980957
transformer.h.41.mlp.c_proj,512,768,18.77905960275734,-0.0004639795208234432,10.896127700805664,5,256,16,14.961292266845703
transformer.h.41.mlp.c_proj,768,1024,18.780398995866804,0.0008754135886412939,10.854296684265137,5,256,16,14.895689010620117
transformer.h.41.mlp.c_proj,1024,1280,18.78197543169646,0.002451849418296348,10.862069606781006,5,256,16,14.907540321350098
transformer.h.41.mlp.c_proj,1280,1536,18.78072650289019,0.0012029206120267588,10.87607479095459,5,256,16,15.065096855163574
transformer.h.41.mlp.c_proj,1536,1600,18.778406571323693,-0.0011170109544700324,10.861775636672974,5,256,16,7.880380153656006
transformer.h.42.attn.c_attn,0,256,18.77998821290522,0.0004646306270572609,10.99870228767395,5,256,16,6.331563949584961
transformer.h.42.attn.c_attn,256,512,18.78110890015363,0.0015853178754667852,10.860106468200684,5,256,16,6.267668724060059
transformer.h.42.attn.c_attn,512,768,18.778582075287513,-0.0009415069906495432,10.844820976257324,5,256,16,6.367049217224121
transformer.h.42.attn.c_attn,768,1024,18.77934461556314,-0.00017896671502271033,10.905451536178589,5,256,16,6.205169677734375
transformer.h.42.attn.c_attn,1024,1280,18.779559785187736,3.6202909573290754e-05,10.948927164077759,5,256,16,6.32956600189209
transformer.h.42.attn.c_attn,1280,1536,18.778791223917054,-0.0007323583611089646,10.825555801391602,5,256,16,6.374906063079834
transformer.h.42.attn.c_attn,1536,1792,18.763773241447307,-0.01575034083085569,10.861328363418579,5,256,16,6.264831066131592
transformer.h.42.attn.c_attn,1792,2048,18.780061644017707,0.0005380617395438492,10.83381986618042,5,256,16,6.407138824462891
transformer.h.42.attn.c_attn,2048,2304,18.779239462220097,-0.00028412005806544016,10.985524892807007,5,256,16,6.4231767654418945
transformer.h.42.attn.c_attn,2304,2560,18.779511045597822,-1.2536680340957673e-05,10.910747766494751,5,256,16,6.4222331047058105
transformer.h.42.attn.c_attn,2560,2816,18.778829855906555,-0.0006937263716082498,10.82510495185852,5,256,16,6.361749172210693
transformer.h.42.attn.c_attn,2816,3072,18.779630656103237,0.00010707382507391117,11.050008535385132,5,256,16,6.605411529541016
transformer.h.42.attn.c_attn,3072,3328,18.77811927027025,-0.0014043120079136884,10.858534574508667,5,256,16,6.3264594078063965
transformer.h.42.attn.c_attn,3328,3584,18.772711641697192,-0.006811940580970344,11.009653329849243,5,256,16,5.716799736022949
transformer.h.42.attn.c_attn,3584,3840,18.778887292355744,-0.000636289922418598,10.960830211639404,5,256,16,6.267177581787109
transformer.h.42.attn.c_attn,3840,4096,18.778336344613983,-0.0011872376641797189,10.919254779815674,5,256,16,6.180206775665283
transformer.h.42.attn.c_attn,4096,4352,18.77942623133743,-9.735094073448636e-05,10.909647703170776,5,256,16,5.847757339477539
transformer.h.42.attn.c_attn,4352,4608,18.776645098702833,-0.0028784835753299376,10.85622239112854,5,256,16,6.4766435623168945
transformer.h.42.attn.c_attn,4608,4800,18.777993529473466,-0.0015300528046964246,10.803564071655273,5,256,16,5.971012115478516
transformer.h.42.attn.c_proj,0,256,18.780185479714934,0.0006618974367711417,11.035914182662964,5,256,16,6.584285259246826
transformer.h.42.attn.c_proj,256,512,18.777937374903335,-0.0015862073748280636,10.907092094421387,5,256,16,6.549694538116455
transformer.h.42.attn.c_proj,512,768,18.776841051325324,-0.0026825309528391017,10.962799549102783,5,256,16,6.54740571975708
transformer.h.42.attn.c_proj,768,1024,18.777956562095206,-0.0015670201829571795,10.829067468643188,5,256,16,6.505396842956543
transformer.h.42.attn.c_proj,1024,1280,18.78090970462231,0.001386122344147367,10.829089403152466,5,256,16,6.543421268463135
transformer.h.42.attn.c_proj,1280,1536,18.77975858262058,0.000235000342417635,10.920210599899292,5,256,16,7.110877513885498
transformer.h.42.attn.c_proj,1536,1600,18.778047381736044,-0.0014762005421182778,10.880487442016602,5,256,16,3.3659470081329346
transformer.h.42.mlp.c_fc,0,256,18.77965112428745,0.00012754200928810633,10.998888969421387,5,256,16,6.086322784423828
transformer.h.42.mlp.c_fc,256,512,18.78045963540826,0.0009360531300970365,10.813931226730347,5,256,16,6.136991024017334
transformer.h.42.mlp.c_fc,512,768,18.778782525334357,-0.0007410569438057735,10.88210153579712,5,256,16,6.090041637420654
transformer.h.42.mlp.c_fc,768,1024,18.77774243414549,-0.0017811481326717171,10.935602188110352,5,256,16,6.093194007873535
transformer.h.42.mlp.c_fc,1024,1280,18.780277973232252,0.0007543909540892457,10.89741587638855,5,256,16,6.088426113128662
transformer.h.42.mlp.c_fc,1280,1536,18.780512215422323,0.0009886331441606444,10.831657886505127,5,256,16,6.095814228057861
transformer.h.42.mlp.c_fc,1536,1792,18.775096479818153,-0.004427102460009991,10.958043098449707,5,256,16,6.087132453918457
transformer.h.42.mlp.c_fc,1792,2048,18.779637564112914,0.00011398183475108681,10.812520027160645,5,256,16,6.1353559494018555
transformer.h.42.mlp.c_fc,2048,2304,18.776962179719792,-0.0025614025583706734,10.825129270553589,5,256,16,6.0779242515563965
transformer.h.42.mlp.c_fc,2304,2560,18.779325810724977,-0.0001977715531857882,10.83943796157837,5,256,16,6.083103656768799
transformer.h.42.mlp.c_fc,2560,2816,18.77795924830363,-0.0015643339745317064,10.797691822052002,5,256,16,6.093264102935791
transformer.h.42.mlp.c_fc,2816,3072,18.77902864561248,-0.0004949366656816778,10.882219791412354,5,256,16,6.079826831817627
transformer.h.42.mlp.c_fc,3072,3328,18.779568995833117,4.541355495391031e-05,10.783336639404297,5,256,16,6.129364490509033
transformer.h.42.mlp.c_fc,3328,3584,18.77988689379284,0.0003633115146755017,10.839882373809814,5,256,16,6.106835842132568
transformer.h.42.mlp.c_fc,3584,3840,18.780014182412188,0.000490600134025243,10.834757804870605,5,256,16,6.055475234985352
transformer.h.42.mlp.c_fc,3840,4096,18.778170692486675,-0.0013528897914873994,10.826116800308228,5,256,16,6.091858386993408
transformer.h.42.mlp.c_fc,4096,4352,18.779105271035288,-0.0004183112428748359,10.918093919754028,5,256,16,6.105251312255859
transformer.h.42.mlp.c_fc,4352,4608,18.778004018500624,-0.0015195637775384796,10.809545993804932,5,256,16,6.07912540435791
transformer.h.42.mlp.c_fc,4608,4864,18.77625409491419,-0.0032694873639727007,10.862352132797241,5,256,16,6.08728551864624
transformer.h.42.mlp.c_fc,4864,5120,18.780174093960756,0.0006505116825934465,11.007763385772705,5,256,16,6.081284046173096
transformer.h.42.mlp.c_fc,5120,5376,18.781186557558062,0.0016629752798991149,10.832712411880493,5,256,16,6.094944953918457
transformer.h.42.mlp.c_fc,5376,5632,18.779773294225944,0.0002497119477808951,10.994553804397583,5,256,16,6.081079006195068
transformer.h.42.mlp.c_fc,5632,5888,18.780247653730328,0.0007240714521650204,10.883119106292725,5,256,16,6.079163551330566
transformer.h.42.mlp.c_fc,5888,6144,18.774012087776484,-0.005511494501678982,10.854594469070435,5,256,16,6.07517147064209
transformer.h.42.mlp.c_fc,6144,6400,18.778814761278685,-0.0007088209994776662,10.908802270889282,5,256,16,6.12128210067749
transformer.h.42.mlp.c_proj,0,256,18.77667745888399,-0.0028461233941712294,10.876245975494385,5,256,16,15.286036491394043
transformer.h.42.mlp.c_proj,256,512,18.778374719832645,-0.0011488624455182617,10.92307996749878,5,256,16,15.469585418701172
transformer.h.42.mlp.c_proj,512,768,18.780628761915004,0.0011051796368413136,10.796621322631836,5,256,16,15.252476692199707
transformer.h.42.mlp.c_proj,768,1024,18.77962118957558,9.760729741614682e-05,10.961609601974487,5,256,16,15.17327880859375
transformer.h.42.mlp.c_proj,1024,1280,18.782976860850734,0.0034532785725716053,10.871172666549683,5,256,16,15.168648719787598
transformer.h.42.mlp.c_proj,1280,1536,18.7778395205298,-0.0016840617483637743,10.7836332321167,5,256,16,15.319710731506348
transformer.h.42.mlp.c_proj,1536,1600,18.778606635739816,-0.0009169465383465081,11.115494966506958,5,256,16,8.202790260314941
transformer.h.43.attn.c_attn,0,256,18.77800325101063,-0.001520331267531816,10.869813442230225,5,256,16,6.363794326782227
transformer.h.43.attn.c_attn,256,512,18.778957137361385,-0.0005664449167781527,11.095739126205444,5,256,16,6.32582950592041
transformer.h.43.attn.c_attn,512,768,18.7789732554765,-0.0005503268016617824,10.893455266952515,5,256,16,6.418523788452148
transformer.h.43.attn.c_attn,768,1024,18.778522337238137,-0.0010012450400260775,10.939374446868896,5,256,16,6.2767415046691895
transformer.h.43.attn.c_attn,1024,1280,18.779063056656835,-0.000460525621328145,10.958910465240479,5,256,16,6.3188347816467285
transformer.h.43.attn.c_attn,1280,1536,18.780701939665324,0.0011783573871610997,10.858813047409058,5,256,16,6.283951759338379
transformer.h.43.attn.c_attn,1536,1792,18.77980463638015,0.00028105410198620007,10.94849157333374,5,256,16,6.352021217346191
transformer.h.43.attn.c_attn,1792,2048,18.779565413914938,4.183163677495827e-05,10.849384069442749,5,256,16,6.422418594360352
transformer.h.43.attn.c_attn,2048,2304,18.77971956494043,0.00019598266226594774,10.903476238250732,5,256,16,6.409179210662842
transformer.h.43.attn.c_attn,2304,2560,18.778927971283487,-0.0005956109946758659,10.934463262557983,5,256,16,6.428123950958252
transformer.h.43.attn.c_attn,2560,2816,18.779682466237762,0.00015888395959962054,10.88844347000122,5,256,16,6.3715105056762695
transformer.h.43.attn.c_attn,2816,3072,18.77984800377366,0.00032442149549893884,10.80107855796814,5,256,16,6.438055038452148
transformer.h.43.attn.c_attn,3072,3328,18.776792830418472,-0.0027307518596906277,11.06259799003601,5,256,16,6.356328964233398
transformer.h.43.attn.c_attn,3328,3584,18.780906890057043,0.0013833077788802939,10.889856338500977,5,256,16,6.471312999725342
transformer.h.43.attn.c_attn,3584,3840,18.77766044195103,-0.0018631403271314184,10.857259511947632,5,256,16,6.478267669677734
transformer.h.43.attn.c_attn,3840,4096,18.778474879522808,-0.0010487027553551798,10.758620738983154,5,256,16,6.353051662445068
transformer.h.43.attn.c_attn,4096,4352,18.778823715717486,-0.0006998665606765542,11.007039070129395,5,256,16,6.632577896118164
transformer.h.43.attn.c_attn,4352,4608,18.77986105238954,0.0003374701113756373,11.073974609375,5,256,16,6.239655017852783
transformer.h.43.attn.c_attn,4608,4800,18.778820261862013,-0.0007033204161501772,10.790756225585938,5,256,16,5.30789852142334
transformer.h.43.attn.c_proj,0,256,18.781006295640505,0.0014827133623427358,10.858048439025879,5,256,16,6.675651550292969
transformer.h.43.attn.c_proj,256,512,18.777823915042863,-0.0016996672353002396,10.988608837127686,5,256,16,6.645544528961182
transformer.h.43.attn.c_proj,512,768,18.778378045688623,-0.001145536589540086,10.920869588851929,5,256,16,6.6592326164245605
transformer.h.43.attn.c_proj,768,1024,18.779319798297703,-0.0002037839804600594,10.910781145095825,5,256,16,6.604731559753418
transformer.h.43.attn.c_proj,1024,1280,18.777185124520138,-0.002338457758025214,10.885538578033447,5,256,16,6.641651153564453
transformer.h.43.attn.c_proj,1280,1536,18.779806171507413,0.00028258922925061825,10.901646375656128,5,256,16,7.3597941398620605
transformer.h.43.attn.c_proj,1536,1600,18.7802502123362,0.0007266300580361928,11.048246145248413,5,256,16,3.372623920440674
transformer.h.43.mlp.c_fc,0,256,18.778002483520673,-0.001521098757489625,10.844703197479248,5,256,16,6.153451919555664
transformer.h.43.mlp.c_fc,256,512,18.779401541888657,-0.00012204038950613949,11.019286394119263,5,256,16,6.107202529907227
transformer.h.43.mlp.c_fc,512,768,18.779465760107957,-5.7822170205668044e-05,10.90192985534668,5,256,16,6.128903865814209
transformer.h.43.mlp.c_fc,768,1024,18.777950550106315,-0.001573032171847899,10.85028862953186,5,256,16,6.114776134490967
transformer.h.43.mlp.c_fc,1024,1280,18.783625188993472,0.004101606715309458,10.932361841201782,5,256,16,6.147342205047607
transformer.h.43.mlp.c_fc,1280,1536,18.779386702650093,-0.00013687962806940845,10.912200927734375,5,256,16,6.129226207733154
transformer.h.43.mlp.c_fc,1536,1792,18.779266965774863,-0.0002566165033002221,10.89175534248352,5,256,16,6.124674320220947
transformer.h.43.mlp.c_fc,1792,2048,18.776270082806082,-0.0032534994720805344,10.924630641937256,5,256,16,6.153720855712891
transformer.h.43.mlp.c_fc,2048,2304,18.777152379736453,-0.0023712025417097493,10.819500207901001,5,256,16,6.167032718658447
transformer.h.43.mlp.c_fc,2304,2560,18.778307947002663,-0.0012156352754999489,11.046895503997803,5,256,16,6.1094441413879395
transformer.h.43.mlp.c_fc,2560,2816,18.779642681158762,0.00011909888059946638,10.806649684906006,5,256,16,6.156527042388916
transformer.h.43.mlp.c_fc,2816,3072,18.778778303964792,-0.0007452783133707896,10.837274312973022,5,256,16,6.140957832336426
transformer.h.43.mlp.c_fc,3072,3328,18.77792880463064,-0.0015947776475222497,10.931398153305054,5,256,16,6.12204647064209
transformer.h.43.mlp.c_fc,3328,3584,18.78102650945287,0.0015029271747089012,10.796446323394775,5,256,16,6.125587463378906
transformer.h.43.mlp.c_fc,3584,3840,18.77651553063107,-0.0030080516470931684,11.012551307678223,5,256,16,6.105254173278809
transformer.h.43.mlp.c_fc,3840,4096,18.77826458316553,-0.0012589991126326083,10.78698205947876,5,256,16,6.128475189208984
transformer.h.43.mlp.c_fc,4096,4352,18.78036010478715,0.0008365225089868034,10.77690577507019,5,256,16,6.12994384765625
transformer.h.43.mlp.c_fc,4352,4608,18.77648265911043,-0.00304092316773108,10.994486331939697,5,256,16,6.122656345367432
transformer.h.43.mlp.c_fc,4608,4864,18.781064506361574,0.0015409240834109994,10.851972579956055,5,256,16,6.1405487060546875
transformer.h.43.mlp.c_fc,4864,5120,18.77926619823325,-0.0002573840449144882,10.902866840362549,5,256,16,6.152050971984863
transformer.h.43.mlp.c_fc,5120,5376,18.77776021409137,-0.001763368186793457,10.834219932556152,5,256,16,6.163466453552246
transformer.h.43.mlp.c_fc,5376,5632,18.779502218756484,-2.136352167880773e-05,10.803492784500122,5,256,16,6.125838756561279
transformer.h.43.mlp.c_fc,5632,5888,18.78843582507082,0.008912242792657565,10.854317665100098,5,256,16,6.140362739562988
transformer.h.43.mlp.c_fc,5888,6144,18.77886055688204,-0.0006630253961219523,10.844900369644165,5,256,16,6.119585990905762
transformer.h.43.mlp.c_fc,6144,6400,18.778262024830187,-0.0012615574479752922,10.790907621383667,5,256,16,6.137738227844238
transformer.h.43.mlp.c_proj,0,256,18.77872086784895,-0.0008027144292128696,11.033144474029541,5,256,16,15.542043685913086
transformer.h.43.mlp.c_proj,256,512,18.778145365108745,-0.0013782171694174394,10.804478168487549,5,256,16,15.764622688293457
transformer.h.43.mlp.c_proj,512,768,18.77883893827324,-0.0006846440049237401,10.86093807220459,5,256,16,15.474663734436035
transformer.h.43.mlp.c_proj,768,1024,18.77451546093761,-0.005008121340551952,10.849030494689941,5,256,16,15.347301483154297
transformer.h.43.mlp.c_proj,1024,1280,18.780444283607107,0.0009207013289440624,10.849035739898682,5,256,16,15.404267311096191
transformer.h.43.mlp.c_proj,1280,1536,18.78435888750005,0.004835305221888575,10.874889850616455,5,256,16,15.65449333190918
transformer.h.43.mlp.c_proj,1536,1600,18.783263724420916,0.0037401421427532,10.819063663482666,5,256,16,8.540609359741211
transformer.h.44.attn.c_attn,0,256,18.771648486216325,-0.007875096061837894,11.216617584228516,5,256,16,6.429717063903809
transformer.h.44.attn.c_attn,256,512,18.781184510571293,0.0016609282931305813,10.852543592453003,5,256,16,6.332722187042236
transformer.h.44.attn.c_attn,512,768,18.78095831990712,0.0014347376289585156,10.936979293823242,5,256,16,6.2667036056518555
transformer.h.44.attn.c_attn,768,1024,18.77928628224903,-0.00023730002913424642,10.80947232246399,5,256,16,6.35924768447876
transformer.h.44.attn.c_attn,1024,1280,18.77990378027361,0.0003801979954474177,10.827869176864624,5,256,16,6.436477184295654
transformer.h.44.attn.c_attn,1280,1536,18.778779839008163,-0.0007437432700001523,10.853530883789062,5,256,16,6.26970911026001
transformer.h.44.attn.c_attn,1536,1792,18.775706933507852,-0.0038166487703108487,10.837167501449585,5,256,16,6.538482189178467
transformer.h.44.attn.c_attn,1792,2048,18.77965355488581,0.0001299726076489094,10.87392520904541,5,256,16,6.549130439758301
transformer.h.44.attn.c_attn,2048,2304,18.778207788202877,-0.0013157940752854813,10.93577265739441,5,256,16,6.4792585372924805
transformer.h.44.attn.c_attn,2304,2560,18.777846939536335,-0.0016766427418275498,10.92214059829712,5,256,16,6.474315166473389
transformer.h.44.attn.c_attn,2560,2816,18.77863490588353,-0.0008886763946343024,10.95759129524231,5,256,16,6.550367832183838
transformer.h.44.attn.c_attn,2816,3072,18.777130379366994,-0.0023932029111684017,10.890193939208984,5,256,16,6.598882675170898
transformer.h.44.attn.c_attn,3072,3328,18.779773550080055,0.00024996780189212586,10.898864030838013,5,256,16,6.2426838874816895
transformer.h.44.attn.c_attn,3328,3584,18.779743231392487,0.00021964911432448275,10.983707189559937,5,256,16,6.1534552574157715
transformer.h.44.attn.c_attn,3584,3840,18.77950887086841,-1.4711409754397664e-05,10.882272243499756,5,256,16,6.125176429748535
transformer.h.44.attn.c_attn,3840,4096,18.77678323741464,-0.0027403448635219263,11.007858276367188,5,256,16,6.388246536254883
transformer.h.44.attn.c_attn,4096,4352,18.778109420757293,-0.0014141615208700387,10.852019786834717,5,256,16,5.885181903839111
transformer.h.44.attn.c_attn,4352,4608,18.778323297057508,-0.001200285220654962,10.877835750579834,5,256,16,5.625735282897949
transformer.h.44.attn.c_attn,4608,4800,18.77808473303975,-0.0014388492384114215,10.970704317092896,5,256,16,5.428559303283691
transformer.h.44.attn.c_proj,0,256,18.780297802468848,0.000774220190685071,10.792121648788452,5,256,16,6.697347164154053
transformer.h.44.attn.c_proj,256,512,18.776692679699945,-0.002830902578217831,10.84678602218628,5,256,16,6.625882148742676
transformer.h.44.attn.c_proj,512,768,18.77815137716001,-0.0013722051181517259,10.89967131614685,5,256,16,6.607298374176025
transformer.h.44.attn.c_proj,768,1024,18.77867187459722,-0.0008517076809440027,10.848313331604004,5,256,16,6.566583156585693
transformer.h.44.attn.c_proj,1024,1280,18.7772383349154,-0.0022852473627636982,11.044284343719482,5,256,16,6.583349227905273
transformer.h.44.attn.c_proj,1280,1536,18.777469853053944,-0.00205372922421887,10.857547044754028,5,256,16,7.630845069885254
transformer.h.44.attn.c_proj,1536,1600,18.77868773662818,-0.0008358456499841793,10.8400719165802,5,256,16,3.547909736633301
transformer.h.44.mlp.c_fc,0,256,18.78061712002647,0.0010935377483072273,10.875452280044556,5,256,16,6.176962375640869
transformer.h.44.mlp.c_fc,256,512,18.780940536933077,0.0014169546549140932,10.771925926208496,5,256,16,6.202136039733887
transformer.h.44.mlp.c_fc,512,768,18.77893539072006,-0.0005881915581014141,10.893584489822388,5,256,16,6.210600852966309
transformer.h.44.mlp.c_fc,768,1024,18.78266837864429,0.003144796366125746,10.84290885925293,5,256,16,6.193206787109375
transformer.h.44.mlp.c_fc,1024,1280,18.778878465807583,-0.0006451164705794099,10.803332567214966,5,256,16,6.183629989624023
transformer.h.44.mlp.c_fc,1280,1536,18.78073417890454,0.0012105966263789014,10.952766418457031,5,256,16,6.192230701446533
transformer.h.44.mlp.c_fc,1536,1792,18.780673282610252,0.0011497003320890542,10.827365398406982,5,256,16,6.203016757965088
transformer.h.44.mlp.c_fc,1792,2048,18.779579357814566,5.5775536402791204e-05,10.8608238697052,5,256,16,6.222583770751953
transformer.h.44.mlp.c_fc,2048,2304,18.78214866603668,0.0026250837585166664,10.912463426589966,5,256,16,6.189728260040283
transformer.h.44.mlp.c_fc,2304,2560,18.777464224954848,-0.00205935732331497,10.876497745513916,5,256,16,6.205108165740967
transformer.h.44.mlp.c_fc,2560,2816,18.783083570516308,0.00355998823814474,10.96932339668274,5,256,16,6.186410903930664
transformer.h.44.mlp.c_fc,2816,3072,18.77997004706455,0.00044646478638554754,10.871120691299438,5,256,16,6.191565036773682
transformer.h.44.mlp.c_fc,3072,3328,18.777553379359315,-0.001970202918847974,10.864376783370972,5,256,16,6.184744358062744
transformer.h.44.mlp.c_fc,3328,3584,18.778478972905933,-0.001044609372229388,11.041664838790894,5,256,16,6.211580753326416
transformer.h.44.mlp.c_fc,3584,3840,18.777321860190927,-0.00220172208723568,10.872930765151978,5,256,16,6.2210211753845215
transformer.h.44.mlp.c_fc,3840,4096,18.779593173798723,6.959152056040807e-05,10.950819969177246,5,256,16,6.187836170196533
transformer.h.44.mlp.c_fc,4096,4352,18.776488414820005,-0.003035167458158128,10.809381008148193,5,256,16,6.212770938873291
transformer.h.44.mlp.c_fc,4352,4608,18.778444562931863,-0.0010790193462995035,10.953307867050171,5,256,16,6.17982292175293
transformer.h.44.mlp.c_fc,4608,4864,18.774166065328956,-0.005357516949207053,10.93868899345398,5,256,16,6.208536624908447
transformer.h.44.mlp.c_fc,4864,5120,18.780529102465373,0.0010055201872098962,10.92771291732788,5,256,16,6.206048965454102
transformer.h.44.mlp.c_fc,5120,5376,18.777123472279573,-0.002400109998589528,10.955854415893555,5,256,16,6.180569648742676
transformer.h.44.mlp.c_fc,5376,5632,18.777494923697695,-0.002028658580467635,10.887328624725342,5,256,16,6.188279628753662
transformer.h.44.mlp.c_fc,5632,5888,18.780746460534044,0.0012228782558807438,10.844300746917725,5,256,16,6.195057392120361
transformer.h.44.mlp.c_fc,5888,6144,18.77896251006489,-0.0005610722132729506,10.906804084777832,5,256,16,6.23211669921875
transformer.h.44.mlp.c_fc,6144,6400,18.77758203165379,-0.0019415506243731784,10.891031503677368,5,256,16,6.198146820068359
transformer.h.44.mlp.c_proj,0,256,18.78389184554721,0.004368263269046935,10.774532794952393,5,256,16,15.900012969970703
transformer.h.44.mlp.c_proj,256,512,18.775901341531476,-0.0036222407466866002,10.916274785995483,5,256,16,16.232637405395508
transformer.h.44.mlp.c_proj,512,768,18.7804655202687,0.0009419379905359904,10.941490411758423,5,256,16,15.786112785339355
transformer.h.44.mlp.c_proj,768,1024,18.777690117711742,-0.0018334645664204174,11.099522352218628,5,256,16,15.653521537780762
transformer.h.44.mlp.c_proj,1024,1280,18.775870645393915,-0.003652936884247282,10.8824462890625,5,256,16,15.722419738769531
transformer.h.44.mlp.c_proj,1280,1536,18.78075567176144,0.0012320894832775764,10.834861040115356,5,256,16,16.225170135498047
transformer.h.44.mlp.c_proj,1536,1600,18.780042198817114,0.0005186165389510222,10.834671258926392,5,256,16,9.08671760559082
transformer.h.45.attn.c_attn,0,256,18.7786809568875,-0.0008426253906641534,10.821904420852661,5,256,16,6.630992412567139
transformer.h.45.attn.c_attn,256,512,18.778005809310727,-0.0015177729674356044,10.9705650806427,5,256,16,6.627974033355713
transformer.h.45.attn.c_attn,512,768,18.779725449568964,0.00020186729080151622,10.813390016555786,5,256,16,6.648916244506836
transformer.h.45.attn.c_attn,768,1024,18.77869003918217,-0.00083354309599315,10.87298321723938,5,256,16,6.610116958618164
transformer.h.45.attn.c_attn,1024,1280,18.779759989817116,0.00023640753895293187,10.846598625183105,5,256,16,6.340540409088135
transformer.h.45.attn.c_attn,1280,1536,18.780001517475732,0.00047793519756922365,10.930094242095947,5,256,16,6.52795934677124
transformer.h.45.attn.c_attn,1536,1792,18.779531385726266,7.803448102805532e-06,10.973772048950195,5,256,16,6.832488536834717
transformer.h.45.attn.c_attn,1792,2048,18.779622340909768,9.875863160502263e-05,10.875347375869751,5,256,16,7.051532745361328
transformer.h.45.attn.c_attn,2048,2304,18.780623004936256,0.0010994226580933741,10.7907075881958,5,256,16,7.021732807159424
transformer.h.45.attn.c_attn,2304,2560,18.78025417817598,0.00073059589781721,10.893011808395386,5,256,16,7.124743461608887
transformer.h.45.attn.c_attn,2560,2816,18.778684794476263,-0.0008387878019000539,10.865589618682861,5,256,16,6.828048229217529
transformer.h.45.attn.c_attn,2816,3072,18.780096312813452,0.0005727305352891676,11.027991771697998,5,256,16,7.109025001525879
transformer.h.45.attn.c_attn,3072,3328,18.778520162623227,-0.0010034196549355556,10.96040391921997,5,256,16,6.095080852508545
transformer.h.45.attn.c_attn,3328,3584,18.77628594280828,-0.0032376394698836464,10.82365107536316,5,256,16,5.668924331665039
transformer.h.45.attn.c_attn,3584,3840,18.775865273575008,-0.0036583087031551997,10.860432863235474,5,256,16,5.762365341186523
transformer.h.45.attn.c_attn,3840,4096,18.779631679511915,0.00010809723375260205,10.891894578933716,5,256,16,5.386287689208984
transformer.h.45.attn.c_attn,4096,4352,18.77862723072718,-0.0008963515509812225,10.88203477859497,5,256,16,4.8063530921936035
transformer.h.45.attn.c_attn,4352,4608,18.77985222538369,0.00032864310552582765,10.861812353134155,5,256,16,5.317286014556885
transformer.h.45.attn.c_attn,4608,4800,18.77873033392277,-0.0007932483553929615,10.79038953781128,5,256,16,4.99784517288208
transformer.h.45.attn.c_proj,0,256,18.78084509766223,0.0013215153840668847,11.040052890777588,5,256,16,6.641700267791748
transformer.h.45.attn.c_proj,256,512,18.77802576406339,-0.0014978182147729058,10.815927267074585,5,256,16,6.510729789733887
transformer.h.45.attn.c_proj,512,768,18.777930851262575,-0.0015927310155881003,10.917309522628784,5,256,16,6.463350772857666
transformer.h.45.attn.c_proj,768,1024,18.77697381934267,-0.0025497629354944706,11.096398115158081,5,256,16,6.389535903930664
transformer.h.45.attn.c_proj,1024,1280,18.779651891844797,0.00012830956663378856,10.87324571609497,5,256,16,6.415585517883301
transformer.h.45.attn.c_proj,1280,1536,18.777319174073686,-0.002204408204477204,10.914679527282715,5,256,16,7.63210916519165
transformer.h.45.attn.c_proj,1536,1600,18.779371351725995,-0.00015223055216750936,10.852829694747925,5,256,16,3.809675931930542
transformer.h.45.mlp.c_fc,0,256,18.777702141524692,-0.0018214407534706822,10.886366128921509,5,256,16,6.309489727020264
transformer.h.45.mlp.c_fc,256,512,18.7832944326452,0.0037708503670366156,10.885605812072754,5,256,16,6.3306145668029785
transformer.h.45.mlp.c_fc,512,768,18.778519267193634,-0.0010043150845291393,10.823977947235107,5,256,16,6.28544807434082
transformer.h.45.mlp.c_fc,768,1024,18.776507344721722,-0.0030162375564408705,11.059576034545898,5,256,16,6.331688404083252
transformer.h.45.mlp.c_fc,1024,1280,18.780405648296394,0.0008820660182315976,10.841049194335938,5,256,16,6.315932750701904
transformer.h.45.mlp.c_fc,1280,1536,18.77944951364527,-7.406863289105559e-05,10.859339475631714,5,256,16,6.349783420562744
transformer.h.45.mlp.c_fc,1536,1792,18.780029150075375,0.0005055677972123362,10.913851976394653,5,256,16,6.311707019805908
transformer.h.45.mlp.c_fc,1792,2048,18.778754127048295,-0.0007694552298680435,10.834410190582275,5,256,16,6.337883472442627
transformer.h.45.mlp.c_fc,2048,2304,18.77926248844925,-0.00026109382891448263,10.765211820602417,5,256,16,6.349880218505859
transformer.h.45.mlp.c_fc,2304,2560,18.778195891982456,-0.0013276902957066739,10.860187768936157,5,256,16,6.335325717926025
transformer.h.45.mlp.c_fc,2560,2816,18.78119973504077,0.0016761527626059092,10.839962720870972,5,256,16,6.339202404022217
transformer.h.45.mlp.c_fc,2816,3072,18.780081856813357,0.0005582745351944141,10.935749292373657,5,256,16,6.35094690322876
transformer.h.45.mlp.c_fc,3072,3328,18.781564614253554,0.0020410319753914052,10.827190160751343,5,256,16,6.35205602645874
transformer.h.45.mlp.c_fc,3328,3584,18.779061137823703,-0.0004624444544596429,10.877318143844604,5,256,16,6.372860908508301
transformer.h.45.mlp.c_fc,3584,3840,18.781280719190857,0.0017571369126940795,10.944016695022583,5,256,16,6.2859907150268555
transformer.h.45.mlp.c_fc,3840,4096,18.779242532382355,-0.00028104989580768347,10.877686023712158,5,256,16,6.278548717498779
transformer.h.45.mlp.c_fc,4096,4352,18.78027183256968,0.000748250291518815,11.078934669494629,5,256,16,6.316441535949707
transformer.h.45.mlp.c_fc,4352,4608,18.781426952118956,0.00190336984079309,10.791695594787598,5,256,16,6.340005397796631
transformer.h.45.mlp.c_fc,4608,4864,18.77838776742486,-0.001135814853302719,10.856441736221313,5,256,16,6.325767993927002
transformer.h.45.mlp.c_fc,4864,5120,18.77888537354057,-0.0006382087375911283,10.905203580856323,5,256,16,6.354011058807373
transformer.h.45.mlp.c_fc,5120,5376,18.777462945841645,-0.002060636436517882,10.832269430160522,5,256,16,6.312088966369629
transformer.h.45.mlp.c_fc,5376,5632,18.77819512448463,-0.0013284577935337438,10.78701400756836,5,256,16,6.335239887237549
transformer.h.45.mlp.c_fc,5632,5888,18.778871813918958,-0.0006517683592051071,10.800605058670044,5,256,16,6.339648723602295
transformer.h.45.mlp.c_fc,5888,6144,18.7790798144745,-0.00044376780366306434,10.893073558807373,5,256,16,6.301945209503174
transformer.h.45.mlp.c_fc,6144,6400,18.777687047803287,-0.0018365344748758616,11.054232835769653,5,256,16,6.324615478515625
transformer.h.45.mlp.c_proj,0,256,18.778399152096053,-0.0011244301821093927,10.818588972091675,5,256,16,16.657691955566406
transformer.h.45.mlp.c_proj,256,512,18.777758039564713,-0.0017655427134499746,10.789301872253418,5,256,16,16.752471923828125
transformer.h.45.mlp.c_proj,512,768,18.779568995833117,4.541355495391031e-05,10.859485626220703,5,256,16,16.338743209838867
transformer.h.45.mlp.c_proj,768,1024,18.781281230940156,0.0017576486619930165,10.806439638137817,5,256,16,16.24773597717285
transformer.h.45.mlp.c_proj,1024,1280,18.778170564570537,-0.0013530177076255256,10.934508323669434,5,256,16,16.202970504760742
transformer.h.45.mlp.c_proj,1280,1536,18.77876563986179,-0.0007579424163743909,10.839873313903809,5,256,16,17.18387794494629
transformer.h.45.mlp.c_proj,1536,1600,18.780156823447918,0.0006332411697549389,11.003921508789062,5,256,16,9.813362121582031
transformer.h.46.attn.c_attn,0,256,18.77743659612919,-0.0020869861489742902,10.757416725158691,5,256,16,6.357602119445801
transformer.h.46.attn.c_attn,256,512,18.780410125894555,0.000886543616392288,10.833070516586304,5,256,16,6.708931922912598
transformer.h.46.attn.c_attn,512,768,18.77773962005488,-0.0017839622232820318,10.905128717422485,5,256,16,6.682184219360352
transformer.h.46.attn.c_attn,768,1024,18.779157335566072,-0.00036624671209040116,10.919132232666016,5,256,16,6.63950252532959
transformer.h.46.attn.c_attn,1024,1280,18.781947540349368,0.002423958071204879,11.045629024505615,5,256,16,6.711958408355713
transformer.h.46.attn.c_attn,1280,1536,18.780106547156535,0.000582964878372394,10.81994080543518,5,256,16,6.681914329528809
transformer.h.46.attn.c_attn,1536,1792,18.778229278168546,-0.0012943041096171726,10.846051692962646,5,256,16,7.392425537109375
transformer.h.46.attn.c_attn,1792,2048,18.779290247885253,-0.0002333343929095122,10.991522073745728,5,256,16,7.720342636108398
transformer.h.46.attn.c_attn,2048,2304,18.77992808659835,0.00040450432018701576,10.875012159347534,5,256,16,7.331259727478027
transformer.h.46.attn.c_attn,2304,2560,18.78001763648725,0.0004940542090885458,10.852335214614868,5,256,16,7.718808174133301
transformer.h.46.attn.c_attn,2560,2816,18.77920441123659,-0.00031917104157130893,11.03338623046875,5,256,16,7.190447807312012
transformer.h.46.attn.c_attn,2816,3072,18.775863738769885,-0.003659843508277305,10.886807918548584,5,256,16,7.499645233154297
transformer.h.46.attn.c_attn,3072,3328,18.7771050533922,-0.0024185288859612797,11.050052165985107,5,256,16,6.217570781707764
transformer.h.46.attn.c_attn,3328,3584,18.778937181618982,-0.000586400659180697,10.822028636932373,5,256,16,4.743599891662598
transformer.h.46.attn.c_attn,3584,3840,18.776825958296072,-0.0026976239820903913,10.906409502029419,5,256,16,4.727540493011475
transformer.h.46.attn.c_attn,3840,4096,18.77739054817677,-0.0021330341013943155,11.000686168670654,5,256,16,4.791129112243652
transformer.h.46.attn.c_attn,4096,4352,18.77897056912302,-0.0005530131551410022,10.855518817901611,5,256,16,4.811929702758789
transformer.h.46.attn.c_attn,4352,4608,18.77187622710872,-0.0076473551694427044,10.898634910583496,5,256,16,4.385456562042236
transformer.h.46.attn.c_attn,4608,4800,18.78038633067084,0.0008627483926773039,10.83012318611145,5,256,16,4.133167743682861
transformer.h.46.attn.c_proj,0,256,18.779163859632934,-0.000359722645228544,10.836569786071777,5,256,16,6.5212531089782715
transformer.h.46.attn.c_proj,256,512,18.779601105201632,7.752292346907552e-05,10.926708936691284,5,256,16,6.82941198348999
transformer.h.46.attn.c_proj,512,768,18.776644970797097,-0.002878611481065718,10.75411605834961,5,256,16,6.292524814605713
transformer.h.46.attn.c_proj,768,1024,18.778606507820708,-0.000917074457454703,10.842092037200928,5,256,16,6.248554706573486
transformer.h.46.attn.c_proj,1024,1280,18.779118830825475,-0.0004047514526881457,10.87174916267395,5,256,16,6.271902084350586
transformer.h.46.attn.c_proj,1280,1536,18.77772823578354,-0.001795346494624539,10.828433513641357,5,256,16,7.507585048675537
transformer.h.46.attn.c_proj,1536,1600,18.779474075232095,-4.950704606798695e-05,10.902982950210571,5,256,16,5.370273590087891
transformer.h.46.mlp.c_fc,0,256,18.77540381448715,-0.004119767791014084,10.841024160385132,5,256,16,6.484009742736816
transformer.h.46.mlp.c_fc,256,512,18.77550881845468,-0.004014763823484202,10.826412916183472,5,256,16,6.4946794509887695
transformer.h.46.mlp.c_fc,512,768,18.780248805102932,0.0007252228247693893,11.02454924583435,5,256,16,6.549965858459473
transformer.h.46.mlp.c_fc,768,1024,18.78429439663252,0.004770814354358777,10.778239250183105,5,256,16,6.523182392120361
transformer.h.46.mlp.c_fc,1024,1280,18.77680549319104,-0.002718089087121456,11.006585597991943,5,256,16,6.526630878448486
transformer.h.46.mlp.c_fc,1280,1536,18.778698353962838,-0.000825228315324722,10.783352375030518,5,256,16,6.450374603271484
transformer.h.46.mlp.c_fc,1536,1792,18.780420488340113,0.0008969060619499203,10.845712900161743,5,256,16,6.519613265991211
transformer.h.46.mlp.c_fc,1792,2048,18.779988596690778,0.0004650144126152611,10.958371877670288,5,256,16,6.487603187561035
transformer.h.46.mlp.c_fc,2048,2304,18.78123248688248,0.001708904604317496,10.81906533241272,5,256,16,6.476381301879883
transformer.h.46.mlp.c_fc,2304,2560,18.778808109412623,-0.0007154728655400788,10.863756895065308,5,256,16,6.487814903259277
transformer.h.46.mlp.c_fc,2560,2816,18.78119973504077,0.0016761527626059092,10.908374071121216,5,256,16,6.454019546508789
transformer.h.46.mlp.c_fc,2816,3072,18.779745917856502,0.0002223355783392833,10.902971982955933,5,256,16,6.550707817077637
transformer.h.46.mlp.c_fc,3072,3328,18.777940956511,-0.0015826257671633925,10.942879915237427,5,256,16,6.484413146972656
transformer.h.46.mlp.c_fc,3328,3584,18.780886164634882,0.0013625823567195994,10.761157512664795,5,256,16,6.466636657714844
transformer.h.46.mlp.c_fc,3584,3840,18.77999384176083,0.0004702594826682116,10.83979320526123,5,256,16,6.5078301429748535
transformer.h.46.mlp.c_fc,3840,4096,18.778629149515975,-0.0008944327621875914,10.996801137924194,5,256,16,6.449187755584717
transformer.h.46.mlp.c_fc,4096,4352,18.777069622666613,-0.0024539596115502604,10.943345785140991,5,256,16,6.513129711151123
transformer.h.46.mlp.c_fc,4352,4608,18.778652558755034,-0.0008710235231284003,11.004380702972412,5,256,16,6.502925395965576
transformer.h.46.mlp.c_fc,4608,4864,18.77894703156611,-0.0005765507120543134,10.904592037200928,5,256,16,6.516125202178955
transformer.h.46.mlp.c_fc,4864,5120,18.78180539747617,0.0022818151980068535,10.920260667800903,5,256,16,6.488805294036865
transformer.h.46.mlp.c_fc,5120,5376,18.779815893983006,0.0002923117048432289,10.91917085647583,5,256,16,6.472162246704102
transformer.h.46.mlp.c_fc,5376,5632,18.777862672956445,-0.0016609093217176962,10.919381856918335,5,256,16,6.51263952255249
transformer.h.46.mlp.c_fc,5632,5888,18.778594227590624,-0.0009293546875390746,10.832980871200562,5,256,16,6.468320846557617
transformer.h.46.mlp.c_fc,5888,6144,18.781020112674454,0.0014965303962917176,10.890813112258911,5,256,16,6.410708427429199
transformer.h.46.mlp.c_fc,6144,6400,18.777651360154323,-0.0018722221238398618,10.927979469299316,5,256,16,6.474588394165039
transformer.h.46.mlp.c_proj,0,256,18.77970741190907,0.00018382963090601834,11.039506196975708,5,256,16,16.923086166381836
transformer.h.46.mlp.c_proj,256,512,18.779724937862067,0.00020135558390421693,10.865963459014893,5,256,16,17.473237991333008
transformer.h.46.mlp.c_proj,512,768,18.777050564289524,-0.002473017988638304,10.964464664459229,5,256,16,16.635942459106445
transformer.h.46.mlp.c_proj,768,1024,18.779275408734634,-0.00024817354352890675,10.782276630401611,5,256,16,16.438823699951172
transformer.h.46.mlp.c_proj,1024,1280,18.779684257207936,0.00016067492977356324,10.8356032371521,5,256,16,16.51726722717285
transformer.h.46.mlp.c_proj,1280,1536,18.78031852724173,0.0007949449635660244,10.891334772109985,5,256,16,17.443336486816406
transformer.h.46.mlp.c_proj,1536,1600,18.778770244989165,-0.0007533372889980683,10.896006107330322,5,256,16,11.8565673828125
transformer.h.47.attn.c_attn,0,256,18.779312378709253,-0.00021120356890946823,10.927791595458984,5,256,16,6.304614067077637
transformer.h.47.attn.c_attn,256,512,18.777380187403036,-0.002143394875126603,10.868797779083252,5,256,16,6.479756832122803
transformer.h.47.attn.c_attn,512,768,18.77915170696119,-0.0003718753169721367,10.914428472518921,5,256,16,6.783597469329834
transformer.h.47.attn.c_attn,768,1024,18.7793416733083,-0.00018190896986425287,10.966952323913574,5,256,16,6.722928047180176
transformer.h.47.attn.c_attn,1024,1280,18.779258011124703,-0.0002655711534593763,10.80228590965271,5,256,16,6.910770416259766
transformer.h.47.attn.c_attn,1280,1536,18.77785947510576,-0.001664107172402396,10.976086378097534,5,256,16,6.288532257080078
transformer.h.47.attn.c_attn,1536,1792,18.780014438269582,0.0004908559914191812,10.823634147644043,5,256,16,8.084107398986816
transformer.h.47.attn.c_attn,1792,2048,18.778982209990875,-0.000541372287287345,10.872125148773193,5,256,16,8.424260139465332
transformer.h.47.attn.c_attn,2048,2304,18.780026207713295,0.0005026254351321313,10.863672494888306,5,256,16,8.253491401672363
transformer.h.47.attn.c_attn,2304,2560,18.779528059666024,4.477387861356874e-06,10.8613760471344,5,256,16,8.793086051940918
transformer.h.47.attn.c_attn,2560,2816,18.779844165947193,0.00032058366902987245,10.898502349853516,5,256,16,8.363969802856445
transformer.h.47.attn.c_attn,2816,3072,18.778473984095374,-0.0010495981827887135,10.806205034255981,5,256,16,8.0773286819458
transformer.h.47.attn.c_attn,3072,3328,18.778221603177983,-0.0013019791001802616,10.92769980430603,5,256,16,6.72650146484375
transformer.h.47.attn.c_attn,3328,3584,18.776151772728493,-0.0033718095496695355,10.949441194534302,5,256,16,4.067564487457275
transformer.h.47.attn.c_attn,3584,3840,18.779671592493973,0.00014801021580979068,10.77038288116455,5,256,16,3.8427438735961914
transformer.h.47.attn.c_attn,3840,4096,18.780047827688897,0.0005242454107339256,10.858734607696533,5,256,16,4.269639492034912
transformer.h.47.attn.c_attn,4096,4352,18.780848296021365,0.0013247137432017553,10.90859055519104,5,256,16,4.0534348487854
transformer.h.47.attn.c_attn,4352,4608,18.779303807809004,-0.00021977446915855126,10.884291887283325,5,256,16,4.086101531982422
transformer.h.47.attn.c_attn,4608,4800,18.775650529977728,-0.003873052300434665,10.830209016799927,5,256,16,3.5482850074768066
transformer.h.47.attn.c_proj,0,256,18.779642937011094,0.00011935473293078758,10.870386362075806,5,256,16,6.631213665008545
transformer.h.47.attn.c_proj,256,512,18.779091327487667,-0.0004322547904962448,10.852801322937012,5,256,16,6.5883402824401855
transformer.h.47.attn.c_proj,512,768,18.781009749898043,0.0014861676198805185,10.859333515167236,5,256,16,6.005589008331299
transformer.h.47.attn.c_proj,768,1024,18.779998191332226,0.0004746090540628245,10.832541942596436,5,256,16,5.965433597564697
transformer.h.47.attn.c_proj,1024,1280,18.778924133645024,-0.0005994486331388771,10.86072063446045,5,256,16,5.969338417053223
transformer.h.47.attn.c_proj,1280,1536,18.78063298370054,0.0011094014223758109,10.935999870300293,5,256,16,6.877711296081543
transformer.h.47.attn.c_proj,1536,1600,18.779494671170806,-2.8911107357032506e-05,10.910691022872925,5,256,16,5.2798004150390625
transformer.h.47.mlp.c_fc,0,256,18.77985145781816,0.0003278755399982458,10.97130036354065,5,256,16,6.576251029968262
transformer.h.47.mlp.c_fc,256,512,18.77766236064104,-0.001861221637120991,10.93030047416687,5,256,16,6.6322526931762695
transformer.h.47.mlp.c_fc,512,768,18.776773132789238,-0.0027504494889249997,10.962503671646118,5,256,16,6.603168964385986
transformer.h.47.mlp.c_fc,768,1024,18.77748648153841,-0.0020371007397521623,10.98592734336853,5,256,16,6.538780689239502
transformer.h.47.mlp.c_fc,1024,1280,18.776856016459526,-0.00266756581863703,10.83201289176941,5,256,16,6.564306735992432
transformer.h.47.mlp.c_fc,1280,1536,18.777096995134666,-0.002426587143496306,10.877874851226807,5,256,16,6.573953151702881
transformer.h.47.mlp.c_fc,1536,1792,18.780032092437917,0.000508510159754394,10.868211030960083,5,256,16,6.593763828277588
transformer.h.47.mlp.c_fc,1792,2048,18.779590615282377,6.703300421406766e-05,10.944576740264893,5,256,16,6.567023277282715
transformer.h.47.mlp.c_fc,2048,2304,18.78203492484586,0.002511342567697028,10.930439233779907,5,256,16,6.667978286743164
transformer.h.47.mlp.c_fc,2304,2560,18.780856739692084,0.0013331574139208158,10.857714653015137,5,256,16,6.591094970703125
transformer.h.47.mlp.c_fc,2560,2816,18.781178881358816,0.0016552990806530943,10.965866088867188,5,256,16,6.618826389312744
transformer.h.47.mlp.c_fc,2816,3072,18.778502893631376,-0.001020688646786283,10.886780023574829,5,256,16,6.603979587554932
transformer.h.47.mlp.c_fc,3072,3328,18.782354783717967,0.0028312014398039764,10.830189943313599,5,256,16,6.628480911254883
transformer.h.47.mlp.c_fc,3328,3584,18.777398990292923,-0.002124591985239732,10.920098543167114,5,256,16,6.586270332336426
transformer.h.47.mlp.c_fc,3584,3840,18.77455459569695,-0.004968986581211254,10.823395490646362,5,256,16,6.559014320373535
transformer.h.47.mlp.c_fc,3840,4096,18.776797690875622,-0.002725891402540981,10.947158336639404,5,256,16,6.605627059936523
transformer.h.47.mlp.c_fc,4096,4352,18.778535512851544,-0.0009880694266186651,11.115829706192017,5,256,16,6.61704158782959
transformer.h.47.mlp.c_fc,4352,4608,18.784532271783394,0.0050086895052317,10.809112548828125,5,256,16,6.755588054656982
transformer.h.47.mlp.c_fc,4608,4864,18.77893910043944,-0.0005844818387217288,10.953396797180176,5,256,16,6.68475341796875
transformer.h.47.mlp.c_fc,4864,5120,18.778466053168493,-0.0010575291096692752,10.938639640808105,5,256,16,6.761926174163818
transformer.h.47.mlp.c_fc,5120,5376,18.778220707762625,-0.0013028745155381216,10.902979612350464,5,256,16,6.567073345184326
transformer.h.47.mlp.c_fc,5376,5632,18.780261981927673,0.0007383996495100575,10.88837718963623,5,256,16,6.6570329666137695
transformer.h.47.mlp.c_fc,5632,5888,18.777600578921284,-0.001923003356878894,10.872435808181763,5,256,16,6.652572154998779
transformer.h.47.mlp.c_fc,5888,6144,18.779752825908577,0.00022924363041454399,10.771589279174805,5,256,16,6.622788906097412
transformer.h.47.mlp.c_fc,6144,6400,18.779778667162955,0.0002550848847917564,10.806122064590454,5,256,16,6.630774974822998
transformer.h.47.mlp.c_proj,0,256,18.769518392306797,-0.010005189971366235,10.849148035049438,5,256,16,17.181425094604492
transformer.h.47.mlp.c_proj,256,512,18.774139848131558,-0.005383734146604979,10.941290616989136,5,256,16,17.15554428100586
transformer.h.47.mlp.c_proj,512,768,18.771927760102734,-0.007595822175428424,10.791507720947266,5,256,16,16.665258407592773
transformer.h.47.mlp.c_proj,768,1024,18.77800593722574,-0.0015176450524236884,10.839101076126099,5,256,16,16.538007736206055
transformer.h.47.mlp.c_proj,1024,1280,18.776723632993974,-0.0027999492841885854,10.80557656288147,5,256,16,16.65200424194336
transformer.h.47.mlp.c_proj,1280,1536,18.758736479953118,-0.02078710232504477,10.867166996002197,5,256,16,17.47989273071289
transformer.h.47.mlp.c_proj,1536,1600,18.782508189965736,0.0029846076875728045,10.956737518310547,5,256,16,10.550346374511719
