layer,win_start,win_end,ppl_new,delta_ppl,seconds,override_nsize,channel_window,eval_batch_size,l2_diff_vs_baseline
transformer.h.0.attn.c_attn,0,256,21.826445889971158,0.0071536479390665875,6.694628000259399,5,256,16,10.56406307220459
transformer.h.0.attn.c_attn,256,512,21.821406785210762,0.002114543178670658,6.807579755783081,5,256,16,8.583967208862305
transformer.h.0.attn.c_attn,512,768,21.822624828929627,0.00333258689753535,7.338301658630371,5,256,16,10.12315845489502
transformer.h.0.attn.c_attn,768,1024,21.819469709520543,0.00017746748845226534,7.308750629425049,5,256,16,8.537165641784668
transformer.h.0.attn.c_attn,1024,1280,21.81250348526532,-0.006788756766770376,7.426594495773315,5,256,16,7.758897304534912
transformer.h.0.attn.c_attn,1280,1536,21.8257740114912,0.006481769459110609,7.037776708602905,5,256,16,10.306924819946289
transformer.h.0.attn.c_attn,1536,1792,21.823192697785448,0.003900455753356624,7.25245213508606,5,256,16,8.508403778076172
transformer.h.0.attn.c_attn,1792,2048,21.8229975097817,0.00370526774960922,7.453997850418091,5,256,16,9.723148345947266
transformer.h.0.attn.c_attn,2048,2304,21.820076736532393,0.0007844945003014914,7.4517107009887695,5,256,16,8.8927640914917
transformer.h.0.attn.c_attn,2304,2560,21.81311106142395,-0.0061811806081415455,7.211669921875,5,256,16,7.809261798858643
transformer.h.0.attn.c_attn,2560,2816,21.825072419371818,0.005780177339726578,7.147051572799683,5,256,16,4.56827974319458
transformer.h.0.attn.c_attn,2816,3072,21.818676170538605,-0.0006160714934857481,7.185288667678833,5,256,16,4.344830513000488
transformer.h.0.attn.c_attn,3072,3328,21.824559062694693,0.005266820662601646,7.372870683670044,5,256,16,4.4778008460998535
transformer.h.0.attn.c_attn,3328,3584,21.813785521983444,-0.00550672004864694,7.227728843688965,5,256,16,3.935124635696411
transformer.h.0.attn.c_attn,3584,3840,21.81814661562801,-0.0011456264040816677,7.431917667388916,5,256,16,3.9795210361480713
transformer.h.0.attn.c_proj,0,256,21.835811968416042,0.01651972638395094,7.1700334548950195,5,256,16,4.451119422912598
transformer.h.0.attn.c_proj,256,512,21.82256135340765,0.003269111375558964,7.388036251068115,5,256,16,4.25981330871582
transformer.h.0.attn.c_proj,512,768,21.811854323179755,-0.007437918852335912,7.289302349090576,5,256,16,4.0940141677856445
transformer.h.0.attn.c_proj,768,1024,21.81669148334906,-0.0026007586830303353,7.155985116958618,5,256,16,4.347671031951904
transformer.h.0.attn.c_proj,1024,1280,21.819137516530283,-0.0001547255018081728,7.462470769882202,5,256,16,4.161468505859375
transformer.h.0.mlp.c_fc,0,256,21.83067701399195,0.011384771959857432,7.248483896255493,5,256,16,6.510366439819336
transformer.h.0.mlp.c_fc,256,512,21.81920276567151,-8.947636058209696e-05,7.209513425827026,5,256,16,6.458796501159668
transformer.h.0.mlp.c_fc,512,768,21.817669982611203,-0.0016222594208876728,7.295104742050171,5,256,16,6.454743385314941
transformer.h.0.mlp.c_fc,768,1024,21.819518758578486,0.00022651654639460617,7.291943788528442,5,256,16,6.403268337249756
transformer.h.0.mlp.c_fc,1024,1280,21.81594351981175,-0.003348722220341216,7.25274395942688,5,256,16,6.406668663024902
transformer.h.0.mlp.c_fc,1280,1536,21.820531720592694,0.0012394785606026915,7.221101999282837,5,256,16,6.499668598175049
transformer.h.0.mlp.c_fc,1536,1792,21.817562975694447,-0.001729266337644475,7.232709169387817,5,256,16,6.451727867126465
transformer.h.0.mlp.c_fc,1792,2048,21.821927054292804,0.0026348122607124935,7.385294198989868,5,256,16,6.5188493728637695
transformer.h.0.mlp.c_fc,2048,2304,21.818568118296465,-0.0007241237356261365,7.291224479675293,5,256,16,6.498839855194092
transformer.h.0.mlp.c_fc,2304,2560,21.81545549225836,-0.003836749773732606,7.164935350418091,5,256,16,6.438290119171143
transformer.h.0.mlp.c_fc,2560,2816,21.820794072786875,0.0015018307547833842,7.212655544281006,5,256,16,6.474065780639648
transformer.h.0.mlp.c_fc,2816,3072,21.821987257658726,0.002695015626635211,7.39261269569397,5,256,16,6.474095344543457
transformer.h.0.mlp.c_fc,3072,3328,21.813884189035193,-0.005408052996898505,7.285953521728516,5,256,16,6.443736553192139
transformer.h.0.mlp.c_fc,3328,3584,21.818117188030715,-0.0011750540013757416,7.37017560005188,5,256,16,6.453650951385498
transformer.h.0.mlp.c_fc,3584,3840,21.817616330466503,-0.0016759115655879953,7.206148862838745,5,256,16,6.497162342071533
transformer.h.0.mlp.c_fc,3840,4096,21.8258635147992,0.006571272767107672,7.385399103164673,5,256,16,6.476794719696045
transformer.h.0.mlp.c_fc,4096,4352,21.820537814857165,0.0012455728250735376,7.208754777908325,5,256,16,6.437792778015137
transformer.h.0.mlp.c_fc,4352,4608,21.822736468995817,0.003444226963726038,7.281042814254761,5,256,16,6.48350191116333
transformer.h.0.mlp.c_fc,4608,4864,21.821830877902222,0.002538635870131145,7.321969509124756,5,256,16,6.462304592132568
transformer.h.0.mlp.c_fc,4864,5120,21.819093075882922,-0.00019916614916937192,7.391155242919922,5,256,16,6.485995769500732
transformer.h.0.mlp.c_proj,0,256,21.809243457347076,-0.010048784685015022,6.709672689437866,5,256,16,8.889789581298828
transformer.h.0.mlp.c_proj,256,512,21.812939589206763,-0.006352652825327709,6.699867486953735,5,256,16,8.516295433044434
transformer.h.0.mlp.c_proj,512,768,21.80851268484349,-0.01077955718860224,6.750372409820557,5,256,16,8.364883422851562
transformer.h.0.mlp.c_proj,768,1024,21.813789831227886,-0.0055024108042047715,6.716045618057251,5,256,16,8.831536293029785
transformer.h.0.mlp.c_proj,1024,1280,21.81226337179157,-0.0070288702405214565,6.6666295528411865,5,256,16,8.471306800842285
transformer.h.1.attn.c_attn,0,256,21.8193188472001,2.6605168010007674e-05,6.9908998012542725,5,256,16,7.477773189544678
transformer.h.1.attn.c_attn,256,512,21.81882539349693,-0.0004668485351615459,7.387944459915161,5,256,16,8.543079376220703
transformer.h.1.attn.c_attn,512,768,21.819459156555823,0.0001669145237315206,7.259951829910278,5,256,16,7.96187686920166
transformer.h.1.attn.c_attn,768,1024,21.82343099898695,0.004138756954858991,7.19905161857605,5,256,16,7.382446765899658
transformer.h.1.attn.c_attn,1024,1280,21.81818154237328,-0.0011106996588097218,7.335907936096191,5,256,16,8.721816062927246
transformer.h.1.attn.c_attn,1280,1536,21.822970454156575,0.0036782121244840482,7.32068133354187,5,256,16,7.950327396392822
transformer.h.1.attn.c_attn,1536,1792,21.822186004270637,0.0028937622385463158,7.198639392852783,5,256,16,9.423755645751953
transformer.h.1.attn.c_attn,1792,2048,21.82141362295254,0.002121380920449667,7.399026393890381,5,256,16,8.903687477111816
transformer.h.1.attn.c_attn,2048,2304,21.81694175146222,-0.0023504905698708,7.364743709564209,5,256,16,7.930142402648926
transformer.h.1.attn.c_attn,2304,2560,21.819010140067405,-0.0002821019646859213,7.320206642150879,5,256,16,9.854131698608398
transformer.h.1.attn.c_attn,2560,2816,21.815430080647644,-0.0038621613844469493,7.305099248886108,5,256,16,3.829401731491089
transformer.h.1.attn.c_attn,2816,3072,21.819313199172893,2.0957140801414198e-05,7.183008670806885,5,256,16,3.7613725662231445
transformer.h.1.attn.c_attn,3072,3328,21.814996304559834,-0.004295937472257094,7.288095712661743,5,256,16,3.8714871406555176
transformer.h.1.attn.c_attn,3328,3584,21.814608900319755,-0.004683341712336642,7.3580944538116455,5,256,16,3.4736406803131104
transformer.h.1.attn.c_attn,3584,3840,21.82017513476396,0.0008828927318695889,7.248363733291626,5,256,16,3.6592087745666504
transformer.h.1.attn.c_proj,0,256,21.813017747086583,-0.0062744949455080246,7.171431541442871,5,256,16,5.2365803718566895
transformer.h.1.attn.c_proj,256,512,21.8211169263885,0.0018246843564071469,7.472556114196777,5,256,16,4.612856388092041
transformer.h.1.attn.c_proj,512,768,21.814744275549533,-0.0045479664825585076,7.239681720733643,5,256,16,4.288438320159912
transformer.h.1.attn.c_proj,768,1024,21.823750918353397,0.004458676321306143,7.302044868469238,5,256,16,5.238723278045654
transformer.h.1.attn.c_proj,1024,1280,21.819256273085553,-3.59689465376789e-05,7.341527700424194,5,256,16,4.389752388000488
transformer.h.1.mlp.c_fc,0,256,21.80989521595435,-0.00939702607774251,7.303023338317871,5,256,16,6.663539886474609
transformer.h.1.mlp.c_fc,256,512,21.8219692709567,0.0026770289246087486,7.260378122329712,5,256,16,6.590565204620361
transformer.h.1.mlp.c_fc,512,768,21.81527776020975,-0.004014481822341764,7.158797264099121,5,256,16,6.601719379425049
transformer.h.1.mlp.c_fc,768,1024,21.82293537108822,0.0036431290561296237,7.4060280323028564,5,256,16,6.615306377410889
transformer.h.1.mlp.c_fc,1024,1280,21.81531832935417,-0.003973912677921021,7.375392436981201,5,256,16,6.53448486328125
transformer.h.1.mlp.c_fc,1280,1536,21.816623863894257,-0.0026683781378338267,7.121080636978149,5,256,16,6.601583957672119
transformer.h.1.mlp.c_fc,1536,1792,21.825598128152954,0.006305886120863136,7.4263482093811035,5,256,16,6.638535022735596
transformer.h.1.mlp.c_fc,1792,2048,21.819502706147382,0.0002104641152911313,7.180661201477051,5,256,16,6.564465522766113
transformer.h.1.mlp.c_fc,2048,2304,21.82439047382214,0.005098231790050534,7.334160804748535,5,256,16,6.608345031738281
transformer.h.1.mlp.c_fc,2304,2560,21.816830289655815,-0.002461952376275889,7.191940069198608,5,256,16,6.660470008850098
transformer.h.1.mlp.c_fc,2560,2816,21.811696975974634,-0.007595266057457195,7.3140974044799805,5,256,16,6.677698135375977
transformer.h.1.mlp.c_fc,2816,3072,21.816646155999063,-0.0026460860330281832,7.301199913024902,5,256,16,6.588106155395508
transformer.h.1.mlp.c_fc,3072,3328,21.812509725873525,-0.006782516158565954,7.28418231010437,5,256,16,6.646209239959717
transformer.h.1.mlp.c_fc,3328,3584,21.821476797842074,0.002184555809982669,7.271514892578125,5,256,16,6.66606330871582
transformer.h.1.mlp.c_fc,3584,3840,21.81803782289043,-0.0012544191416594686,7.355461597442627,5,256,16,6.5894927978515625
transformer.h.1.mlp.c_fc,3840,4096,21.81761306081098,-0.0016791812211103263,7.421652555465698,5,256,16,6.667313098907471
transformer.h.1.mlp.c_fc,4096,4352,21.81847076769748,-0.0008214743346108833,7.181429386138916,5,256,16,6.547127723693848
transformer.h.1.mlp.c_fc,4352,4608,21.826414369650895,0.0071221276188033755,7.313426494598389,5,256,16,6.582722187042236
transformer.h.1.mlp.c_fc,4608,4864,21.824617340632546,0.005325098600454936,7.435138463973999,5,256,16,6.615728378295898
transformer.h.1.mlp.c_fc,4864,5120,21.81845694543391,-0.000835296598182822,7.007479190826416,5,256,16,6.6133646965026855
transformer.h.1.mlp.c_proj,0,256,21.817746671224395,-0.0015455708076963504,6.666982889175415,5,256,16,11.177133560180664
transformer.h.1.mlp.c_proj,256,512,21.8153768798275,-0.003915362204590878,6.620418310165405,5,256,16,10.689030647277832
transformer.h.1.mlp.c_proj,512,768,21.823288731518694,0.003996489486603139,6.701689958572388,5,256,16,10.470512390136719
transformer.h.1.mlp.c_proj,768,1024,21.828178982916977,0.00888674088488628,6.654093027114868,5,256,16,11.286455154418945
transformer.h.1.mlp.c_proj,1024,1280,21.81273112003386,-0.006561121998231556,6.69073486328125,5,256,16,10.595848083496094
transformer.h.2.attn.c_attn,0,256,21.819023665420822,-0.00026857661126911125,7.020559787750244,5,256,16,8.725518226623535
transformer.h.2.attn.c_attn,256,512,21.819516974974448,0.00022473294235680896,7.28632378578186,5,256,16,7.828261375427246
transformer.h.2.attn.c_attn,512,768,21.81896644282904,-0.00032579920305053633,7.307579517364502,5,256,16,6.391534805297852
transformer.h.2.attn.c_attn,768,1024,21.817166757430456,-0.002125484601634753,7.265483140945435,5,256,16,7.640340805053711
transformer.h.2.attn.c_attn,1024,1280,21.812398732465667,-0.006893509566424427,7.278243541717529,5,256,16,7.779184818267822
transformer.h.2.attn.c_attn,1280,1536,21.81561554150441,-0.003676700527680765,7.240166664123535,5,256,16,9.891335487365723
transformer.h.2.attn.c_attn,1536,1792,21.81734926067319,-0.0019429813589013634,7.346482753753662,5,256,16,8.964489936828613
transformer.h.2.attn.c_attn,1792,2048,21.818236682157277,-0.0010555598748140937,7.324483871459961,5,256,16,6.611644744873047
transformer.h.2.attn.c_attn,2048,2304,21.815681225935933,-0.003611016096158437,7.338173151016235,5,256,16,8.193990707397461
transformer.h.2.attn.c_attn,2304,2560,21.816831627194126,-0.0024606148379646697,7.31976056098938,5,256,16,8.369287490844727
transformer.h.2.attn.c_attn,2560,2816,21.81296336343715,-0.006328878594942466,7.295777320861816,5,256,16,4.090402603149414
transformer.h.2.attn.c_attn,2816,3072,21.825886411053215,0.0065941690211239745,7.210876703262329,5,256,16,3.639511823654175
transformer.h.2.attn.c_attn,3072,3328,21.82317441277268,0.0038821707405887196,7.374397277832031,5,256,16,3.5125629901885986
transformer.h.2.attn.c_attn,3328,3584,21.822350859789598,0.0030586177575067097,7.23992919921875,5,256,16,3.5817761421203613
transformer.h.2.attn.c_attn,3584,3840,21.821710918145133,0.0024186761130415846,7.337888956069946,5,256,16,3.80877947807312
transformer.h.2.attn.c_proj,0,256,21.820105126308952,0.0008128842768613254,7.25849175453186,5,256,16,5.400354862213135
transformer.h.2.attn.c_proj,256,512,21.818358257698982,-0.0009339843331090947,7.250209808349609,5,256,16,4.90856409072876
transformer.h.2.attn.c_proj,512,768,21.81636854661172,-0.002923695420371075,7.338656663894653,5,256,16,4.571258544921875
transformer.h.2.attn.c_proj,768,1024,21.82569090160528,0.006398659573189747,7.309474945068359,5,256,16,5.656841278076172
transformer.h.2.attn.c_proj,1024,1280,21.812858757017267,-0.006433485014824214,7.132039546966553,5,256,16,4.679404258728027
transformer.h.2.mlp.c_fc,0,256,21.81828379631493,-0.0010084457171615213,7.313445568084717,5,256,16,6.6345319747924805
transformer.h.2.mlp.c_fc,256,512,21.82033492135723,0.0010426793251383515,7.299776792526245,5,256,16,6.565497398376465
transformer.h.2.mlp.c_fc,512,768,21.812713438135802,-0.006578803896289287,7.259149551391602,5,256,16,6.669607162475586
transformer.h.2.mlp.c_fc,768,1024,21.834964735242977,0.01567249321088582,7.234724283218384,5,256,16,6.680192470550537
transformer.h.2.mlp.c_fc,1024,1280,21.819316914980103,2.4672948011783546e-05,7.447081804275513,5,256,16,6.703758716583252
transformer.h.2.mlp.c_fc,1280,1536,21.81030021641192,-0.008992025620170097,7.088542938232422,5,256,16,6.566965103149414
transformer.h.2.mlp.c_fc,1536,1792,21.81979729986513,0.000505057833038336,7.385035753250122,5,256,16,6.605208873748779
transformer.h.2.mlp.c_fc,1792,2048,21.822634788805804,0.0033425467737124848,7.375026226043701,5,256,16,6.648353099822998
transformer.h.2.mlp.c_fc,2048,2304,21.801471990519406,-0.017820251512684848,7.2098588943481445,5,256,16,6.577879428863525
transformer.h.2.mlp.c_fc,2304,2560,21.8139400609371,-0.005352181094991693,7.361780405044556,5,256,16,6.722109317779541
transformer.h.2.mlp.c_fc,2560,2816,21.818187338732162,-0.00110490329992885,7.417237281799316,5,256,16,6.609755992889404
transformer.h.2.mlp.c_fc,2816,3072,21.816163165494764,-0.00312907653732708,7.190173625946045,5,256,16,6.686723232269287
transformer.h.2.mlp.c_fc,3072,3328,21.818823907207456,-0.00046833482463526366,7.252129077911377,5,256,16,6.617372035980225
transformer.h.2.mlp.c_fc,3328,3584,21.81986909096518,0.0005768489330897353,7.308285713195801,5,256,16,6.7081756591796875
transformer.h.2.mlp.c_fc,3584,3840,21.81772200005198,-0.0015702419801115752,7.332340240478516,5,256,16,6.642487525939941
transformer.h.2.mlp.c_fc,3840,4096,21.81908073953199,-0.00021150250010038008,7.278504371643066,5,256,16,6.611767768859863
transformer.h.2.mlp.c_fc,4096,4352,21.822862083335025,0.003569841302933696,7.261901140213013,5,256,16,6.69061279296875
transformer.h.2.mlp.c_fc,4352,4608,21.814975500168064,-0.004316741864027307,7.234967231750488,5,256,16,6.695276260375977
transformer.h.2.mlp.c_fc,4608,4864,21.814800149654378,-0.004492092377713419,7.164419651031494,5,256,16,6.7347517013549805
transformer.h.2.mlp.c_fc,4864,5120,21.820312030926946,0.0010197888948546563,7.476012468338013,5,256,16,6.731499671936035
transformer.h.2.mlp.c_proj,0,256,21.83732386152631,0.018031619494220053,6.7392168045043945,5,256,16,11.513755798339844
transformer.h.2.mlp.c_proj,256,512,21.820963079808518,0.0016708377764267368,6.750925064086914,5,256,16,11.240310668945312
transformer.h.2.mlp.c_proj,512,768,21.825633364177342,0.006341122145251177,6.8116655349731445,5,256,16,11.023918151855469
transformer.h.2.mlp.c_proj,768,1024,21.821800107492717,0.0025078654606254247,6.730722188949585,5,256,16,11.654773712158203
transformer.h.2.mlp.c_proj,1024,1280,21.805174083566932,-0.01411815846515907,6.772212505340576,5,256,16,11.111148834228516
transformer.h.3.attn.c_attn,0,256,21.81779883746997,-0.0014934045621224357,6.997463703155518,5,256,16,7.487748622894287
transformer.h.3.attn.c_attn,256,512,21.81588823721416,-0.0034040048179306837,7.264497518539429,5,256,16,7.0236921310424805
transformer.h.3.attn.c_attn,512,768,21.816311479595086,-0.002980762437005069,7.229881286621094,5,256,16,7.9374518394470215
transformer.h.3.attn.c_attn,768,1024,21.820722278643483,0.0014300366113921825,7.475838899612427,5,256,16,8.311229705810547
transformer.h.3.attn.c_attn,1024,1280,21.796114826777853,-0.023177415254238554,7.10253119468689,5,256,16,6.610349655151367
transformer.h.3.attn.c_attn,1280,1536,21.813371244112925,-0.005920997919165671,7.439542293548584,5,256,16,8.83778190612793
transformer.h.3.attn.c_attn,1536,1792,21.83478758793961,0.015495345907517333,7.324546813964844,5,256,16,8.238771438598633
transformer.h.3.attn.c_attn,1792,2048,21.82132220549505,0.002029963462959472,7.170036315917969,5,256,16,9.247644424438477
transformer.h.3.attn.c_attn,2048,2304,21.825654773435136,0.006362531403045324,7.314323902130127,5,256,16,9.654350280761719
transformer.h.3.attn.c_attn,2304,2560,21.817840600280682,-0.001451641751408772,7.245840549468994,5,256,16,7.400001049041748
transformer.h.3.attn.c_attn,2560,2816,21.819540756373616,0.00024851434152495244,7.314353704452515,5,256,16,3.858067750930786
transformer.h.3.attn.c_attn,2816,3072,21.827852902329308,0.008560660297217026,7.3404576778411865,5,256,16,3.5893189907073975
transformer.h.3.attn.c_attn,3072,3328,21.82084817867422,0.0015559366421271648,7.1545329093933105,5,256,16,3.643763780593872
transformer.h.3.attn.c_attn,3328,3584,21.822231045826197,0.0029388037941053824,7.405525207519531,5,256,16,3.7260611057281494
transformer.h.3.attn.c_attn,3584,3840,21.821831918448225,0.0025396764161342844,7.2417285442352295,5,256,16,3.4293324947357178
transformer.h.3.attn.c_proj,0,256,21.825680048280393,0.0063878062483020415,7.2196478843688965,5,256,16,4.955495834350586
transformer.h.3.attn.c_proj,256,512,21.82732996428852,0.008037722256428737,7.509900093078613,5,256,16,4.931351661682129
transformer.h.3.attn.c_proj,512,768,21.812015831831406,-0.007276410200685035,7.198663949966431,5,256,16,4.752959728240967
transformer.h.3.attn.c_proj,768,1024,21.82376994716237,0.004477705130277343,7.279414415359497,5,256,16,5.072388172149658
transformer.h.3.attn.c_proj,1024,1280,21.815235705095713,-0.004056536936378308,7.219217300415039,5,256,16,4.731889724731445
transformer.h.3.mlp.c_fc,0,256,21.813915839855667,-0.005376402176423767,7.388672590255737,5,256,16,6.616830825805664
transformer.h.3.mlp.c_fc,256,512,21.826260931760867,0.006968689728775956,7.143754720687866,5,256,16,6.697144508361816
transformer.h.3.mlp.c_fc,512,768,21.821879634968433,0.0025873929363413595,7.267613887786865,5,256,16,6.622416973114014
transformer.h.3.mlp.c_fc,768,1024,21.826555468042486,0.007263226010394419,7.3834497928619385,5,256,16,6.586874961853027
transformer.h.3.mlp.c_fc,1024,1280,21.817246268020355,-0.002045974011736007,7.272829055786133,5,256,16,6.589527606964111
transformer.h.3.mlp.c_fc,1280,1536,21.802229854008598,-0.01706238802349347,7.144206762313843,5,256,16,6.5806684494018555
transformer.h.3.mlp.c_fc,1536,1792,21.833365553226283,0.014073311194191973,7.3813769817352295,5,256,16,6.655869483947754
transformer.h.3.mlp.c_fc,1792,2048,21.823645962877045,0.004353720844953557,7.429532051086426,5,256,16,6.60642147064209
transformer.h.3.mlp.c_fc,2048,2304,21.820592514673063,0.0013002726409716558,7.117210626602173,5,256,16,6.588939666748047
transformer.h.3.mlp.c_fc,2304,2560,21.81337421594911,-0.005918026082980532,7.390511751174927,5,256,16,6.577242374420166
transformer.h.3.mlp.c_fc,2560,2816,21.821365758805083,0.0020735167729917237,7.223676681518555,5,256,16,6.583934307098389
transformer.h.3.mlp.c_fc,2816,3072,21.828047241609735,0.008754999577643474,7.4306817054748535,5,256,16,6.624846458435059
transformer.h.3.mlp.c_fc,3072,3328,21.82151024344587,0.0022180014137802573,7.066035270690918,5,256,16,6.662866592407227
transformer.h.3.mlp.c_fc,3328,3584,21.812710763564237,-0.006581478467854396,7.419595003128052,5,256,16,6.5750298500061035
transformer.h.3.mlp.c_fc,3584,3840,21.821602702226194,0.002310460194102859,7.278318166732788,5,256,16,6.679988384246826
transformer.h.3.mlp.c_fc,3840,4096,21.810565714189785,-0.008726527842306098,7.277515649795532,5,256,16,6.68569278717041
transformer.h.3.mlp.c_fc,4096,4352,21.820012525236855,0.0007202832047639163,7.311548948287964,5,256,16,6.694687366485596
transformer.h.3.mlp.c_fc,4352,4608,21.819020395554393,-0.00027184647769828985,7.404785871505737,5,256,16,6.637612819671631
transformer.h.3.mlp.c_fc,4608,4864,21.822954845157334,0.0036626031252424696,7.208955526351929,5,256,16,6.675164222717285
transformer.h.3.mlp.c_fc,4864,5120,21.8250383736232,0.005746131591109815,7.2461838722229,5,256,16,6.654743194580078
transformer.h.3.mlp.c_proj,0,256,21.82599331011551,0.006701068083419415,6.696520566940308,5,256,16,11.420219421386719
transformer.h.3.mlp.c_proj,256,512,21.82098567363444,0.0016934316023480278,6.62682318687439,5,256,16,11.451804161071777
transformer.h.3.mlp.c_proj,512,768,21.817239877438872,-0.0020523645932186696,6.850572824478149,5,256,16,11.302347183227539
transformer.h.3.mlp.c_proj,768,1024,21.819027678439387,-0.00026456359270454755,6.695265054702759,5,256,16,11.643692970275879
transformer.h.3.mlp.c_proj,1024,1280,21.821266314685296,0.001974072653204928,6.732037782669067,5,256,16,11.322816848754883
transformer.h.4.attn.c_attn,0,256,21.815517906866454,-0.0037743351656374102,6.9796977043151855,5,256,16,8.369522094726562
transformer.h.4.attn.c_attn,256,512,21.812935280130276,-0.006356961901815339,7.172187805175781,5,256,16,6.626867771148682
transformer.h.4.attn.c_attn,512,768,21.819057107264722,-0.00023513476736880534,7.3727171421051025,5,256,16,7.574870586395264
transformer.h.4.attn.c_attn,768,1024,21.802453817143146,-0.01683842488894527,7.3401360511779785,5,256,16,6.925036430358887
transformer.h.4.attn.c_attn,1024,1280,21.818434651478857,-0.000857590553234644,7.241763591766357,5,256,16,7.160149097442627
transformer.h.4.attn.c_attn,1280,1536,21.81388508060697,-0.005407161425122098,7.326674699783325,5,256,16,10.20114803314209
transformer.h.4.attn.c_attn,1536,1792,21.81065396654512,-0.008638275486969604,7.465007066726685,5,256,16,7.227562427520752
transformer.h.4.attn.c_attn,1792,2048,21.82387847115567,0.0045862291235785335,7.298576354980469,5,256,16,9.963522911071777
transformer.h.4.attn.c_attn,2048,2304,21.801389270192978,-0.01790297183911349,7.294477462768555,5,256,16,8.075516700744629
transformer.h.4.attn.c_attn,2304,2560,21.81997194736281,0.00067970533071815,7.120496034622192,5,256,16,9.524024963378906
transformer.h.4.attn.c_attn,2560,2816,21.81390692412695,-0.005385317905140852,7.369910478591919,5,256,16,3.856768846511841
transformer.h.4.attn.c_attn,2816,3072,21.82247825575514,0.0031860137230488306,7.362825632095337,5,256,16,3.241992712020874
transformer.h.4.attn.c_attn,3072,3328,21.792848044231068,-0.02644419780102325,7.255663633346558,5,256,16,3.791764974594116
transformer.h.4.attn.c_attn,3328,3584,21.817928733449634,-0.0013635085824574844,7.328189134597778,5,256,16,3.2573130130767822
transformer.h.4.attn.c_attn,3584,3840,21.80907676953395,-0.010215472498142475,7.3087568283081055,5,256,16,3.7948622703552246
transformer.h.4.attn.c_proj,0,256,21.822152854934345,0.0028606129022534788,7.214998483657837,5,256,16,5.024675369262695
transformer.h.4.attn.c_proj,256,512,21.815797140121063,-0.0034951019110280868,7.279650449752808,5,256,16,5.073566913604736
transformer.h.4.attn.c_proj,512,768,21.82723986022183,0.007947618189739103,7.36704158782959,5,256,16,4.987414360046387
transformer.h.4.attn.c_proj,768,1024,21.802645999544946,-0.016646242487144747,7.281017303466797,5,256,16,5.111789703369141
transformer.h.4.attn.c_proj,1024,1280,21.816647047683727,-0.0026451943483642992,7.162264347076416,5,256,16,4.974315643310547
transformer.h.4.mlp.c_fc,0,256,21.815573634346006,-0.003718607686085562,7.502622127532959,5,256,16,6.623255729675293
transformer.h.4.mlp.c_fc,256,512,21.808397849268374,-0.010894392763717065,7.065986633300781,5,256,16,6.589749336242676
transformer.h.4.mlp.c_fc,512,768,21.81964688118334,0.0003546391512472269,7.443954229354858,5,256,16,6.670700550079346
transformer.h.4.mlp.c_fc,768,1024,21.829402906588008,0.010110664555917026,7.24801230430603,5,256,16,6.603121280670166
transformer.h.4.mlp.c_fc,1024,1280,21.81702066676547,-0.00227157526662225,7.276587724685669,5,256,16,6.614459991455078
transformer.h.4.mlp.c_fc,1280,1536,21.807051064745743,-0.012241177286348659,7.374224424362183,5,256,16,6.630383491516113
transformer.h.4.mlp.c_fc,1536,1792,21.826503132178594,0.007210890146502891,7.242283582687378,5,256,16,6.677182197570801
transformer.h.4.mlp.c_fc,1792,2048,21.81307138792282,-0.006220854109269425,7.162067413330078,5,256,16,6.683548450469971
transformer.h.4.mlp.c_fc,2048,2304,21.81632084214226,-0.002971399889830195,7.194692134857178,5,256,16,6.657188892364502
transformer.h.4.mlp.c_fc,2304,2560,21.814009306631153,-0.005282935400938271,7.496062278747559,5,256,16,6.581109046936035
transformer.h.4.mlp.c_fc,2560,2816,21.819794624424976,0.0005023823928844706,7.154808282852173,5,256,16,6.708112716674805
transformer.h.4.mlp.c_fc,2816,3072,21.818912787496195,-0.000379454535895718,7.311249256134033,5,256,16,6.602291107177734
transformer.h.4.mlp.c_fc,3072,3328,21.8161887265704,-0.0031035154616922966,7.214064598083496,5,256,16,6.61482048034668
transformer.h.4.mlp.c_fc,3328,3584,21.815379108909536,-0.003913133122555479,7.518934488296509,5,256,16,6.632890224456787
transformer.h.4.mlp.c_fc,3584,3840,21.821987257658726,0.002695015626635211,7.271772384643555,5,256,16,6.538999080657959
transformer.h.4.mlp.c_fc,3840,4096,21.82876201465867,0.009469772626577111,7.277876138687134,5,256,16,6.631330966949463
transformer.h.4.mlp.c_fc,4096,4352,21.823805774886782,0.004513532854691249,7.0629799365997314,5,256,16,6.521974563598633
transformer.h.4.mlp.c_fc,4352,4608,21.82100588918272,0.0017136471506304929,7.4914631843566895,5,256,16,6.666537761688232
transformer.h.4.mlp.c_fc,4608,4864,21.810068298501854,-0.009223943530237477,7.277327299118042,5,256,16,6.616275310516357
transformer.h.4.mlp.c_fc,4864,5120,21.81728327398251,-0.002008968049580062,7.0921149253845215,5,256,16,6.687880992889404
transformer.h.4.mlp.c_proj,0,256,21.810415656290914,-0.008876585741177223,6.839444160461426,5,256,16,11.544730186462402
transformer.h.4.mlp.c_proj,256,512,21.823270446425465,0.003978204393373375,6.815836429595947,5,256,16,11.570878028869629
transformer.h.4.mlp.c_proj,512,768,21.816024660652232,-0.0032675813798590525,6.721803426742554,5,256,16,11.481865882873535
transformer.h.4.mlp.c_proj,768,1024,21.82376623059681,0.004473988564718923,6.759352684020996,5,256,16,11.625555038452148
transformer.h.4.mlp.c_proj,1024,1280,21.807916526916593,-0.011375715115498508,6.717609167098999,5,256,16,11.515186309814453
transformer.h.5.attn.c_attn,0,256,21.818036633901762,-0.001255608130328767,6.908385753631592,5,256,16,7.4197306632995605
transformer.h.5.attn.c_attn,256,512,21.818607801795018,-0.0006844402370731473,7.3101606369018555,5,256,16,7.291718482971191
transformer.h.5.attn.c_attn,512,768,21.829155618215065,0.009863376182973838,7.405416250228882,5,256,16,7.017782211303711
transformer.h.5.attn.c_attn,768,1024,21.821657702008036,0.002365459975944617,7.285079002380371,5,256,16,7.910982131958008
transformer.h.5.attn.c_attn,1024,1280,21.81574141207057,-0.0035508299615223393,7.210932493209839,5,256,16,7.630509853363037
transformer.h.5.attn.c_attn,1280,1536,21.817473506425223,-0.0018187356068679605,7.3797314167022705,5,256,16,9.414254188537598
transformer.h.5.attn.c_attn,1536,1792,21.8209963759812,0.0017041339491079555,7.1937525272369385,5,256,16,9.602624893188477
transformer.h.5.attn.c_attn,1792,2048,21.793501094346674,-0.02579114768541757,7.333716869354248,5,256,16,8.176216125488281
transformer.h.5.attn.c_attn,2048,2304,21.813247467495234,-0.006044774536857034,7.2976274490356445,5,256,16,9.051909446716309
transformer.h.5.attn.c_attn,2304,2560,21.81111930305141,-0.008172938980681721,7.353274583816528,5,256,16,9.697522163391113
transformer.h.5.attn.c_attn,2560,2816,21.81719425171381,-0.002097990318279841,7.419151067733765,5,256,16,3.559089183807373
transformer.h.5.attn.c_attn,2816,3072,21.820342799238148,0.0010505572060566237,7.1965696811676025,5,256,16,3.613201379776001
transformer.h.5.attn.c_attn,3072,3328,21.805049016646752,-0.014243225385339287,7.266307353973389,5,256,16,3.201864242553711
transformer.h.5.attn.c_attn,3328,3584,21.81493626908329,-0.004355972948800968,7.358375072479248,5,256,16,3.6528420448303223
transformer.h.5.attn.c_attn,3584,3840,21.808895375420178,-0.01039686661191297,7.271026611328125,5,256,16,3.4378859996795654
transformer.h.5.attn.c_proj,0,256,21.808156889652032,-0.011135352380058805,7.256656169891357,5,256,16,4.754054069519043
transformer.h.5.attn.c_proj,256,512,21.805716246563282,-0.013575995468809055,7.281641721725464,5,256,16,4.807586193084717
transformer.h.5.attn.c_proj,512,768,21.818949499025468,-0.0003427430066231807,7.347157716751099,5,256,16,4.795289516448975
transformer.h.5.attn.c_proj,768,1024,21.817976590058137,-0.0013156519739538908,7.336836814880371,5,256,16,4.8351521492004395
transformer.h.5.attn.c_proj,1024,1280,21.81500001963188,-0.004292222400209766,7.348686933517456,5,256,16,4.7584028244018555
transformer.h.5.mlp.c_fc,0,256,21.81316499967044,-0.006127242361650076,7.100174903869629,5,256,16,6.682027816772461
transformer.h.5.mlp.c_fc,256,512,21.811478861046364,-0.007813380985727036,7.275538682937622,5,256,16,6.599064350128174
transformer.h.5.mlp.c_fc,512,768,21.819120275331937,-0.00017196670015451332,7.333013534545898,5,256,16,6.583370685577393
transformer.h.5.mlp.c_fc,768,1024,21.817951918625745,-0.0013403234063460445,7.362738370895386,5,256,16,6.584944725036621
transformer.h.5.mlp.c_fc,1024,1280,21.818561727327793,-0.0007305147042977467,7.265933990478516,5,256,16,6.609341621398926
transformer.h.5.mlp.c_fc,1280,1536,21.80841968729366,-0.010872554738430296,7.267300128936768,5,256,16,6.620506286621094
transformer.h.5.mlp.c_fc,1536,1792,21.818752416803147,-0.0005398252289445793,7.185976505279541,5,256,16,6.611410140991211
transformer.h.5.mlp.c_fc,1792,2048,21.81565120723454,-0.003641034797549736,7.390919208526611,5,256,16,6.656670093536377
transformer.h.5.mlp.c_fc,2048,2304,21.81856901005969,-0.0007232319724010949,7.158388614654541,5,256,16,6.594967842102051
transformer.h.5.mlp.c_fc,2304,2560,21.824905461907733,0.005613219875641562,7.333753347396851,5,256,16,6.585811614990234
transformer.h.5.mlp.c_fc,2560,2816,21.815397684602054,-0.003894557430037082,7.245754957199097,5,256,16,6.609071731567383
transformer.h.5.mlp.c_fc,2816,3072,21.82182567517293,0.002533433140840202,7.241100311279297,5,256,16,6.5741071701049805
transformer.h.5.mlp.c_fc,3072,3328,21.81491115528196,-0.004381086750132823,7.260095834732056,5,256,16,6.675326824188232
transformer.h.5.mlp.c_fc,3328,3584,21.822915748379664,0.0036235063475729135,7.253624439239502,5,256,16,6.577885150909424
transformer.h.5.mlp.c_fc,3584,3840,21.817406479023735,-0.0018857630083566335,7.443650245666504,5,256,16,6.607004165649414
transformer.h.5.mlp.c_fc,3840,4096,21.81534002570414,-0.00395221632795284,7.183931350708008,5,256,16,6.612978935241699
transformer.h.5.mlp.c_fc,4096,4352,21.821364420988807,0.0020721789567161863,7.319935321807861,5,256,16,6.5346503257751465
transformer.h.5.mlp.c_fc,4352,4608,21.812467676095658,-0.0068245659364336575,7.1875550746917725,5,256,16,6.547876358032227
transformer.h.5.mlp.c_fc,4608,4864,21.825062309711658,0.005770067679566893,7.354335784912109,5,256,16,6.570536136627197
transformer.h.5.mlp.c_fc,4864,5120,21.819682999408574,0.0003907573764827532,7.246734619140625,5,256,16,6.628866672515869
transformer.h.5.mlp.c_proj,0,256,21.82614600273005,0.006853760697957512,6.695236921310425,5,256,16,11.457184791564941
transformer.h.5.mlp.c_proj,256,512,21.82240794260402,0.00311570057192867,6.755238056182861,5,256,16,11.571316719055176
transformer.h.5.mlp.c_proj,512,768,21.805406840659504,-0.01388540137258687,6.79998779296875,5,256,16,11.48812484741211
transformer.h.5.mlp.c_proj,768,1024,21.82212565170497,0.002833409672877707,6.649785995483398,5,256,16,11.653891563415527
transformer.h.5.mlp.c_proj,1024,1280,21.812065904213746,-0.00722633781834503,6.699150085449219,5,256,16,11.490225791931152
transformer.h.6.attn.c_attn,0,256,21.817436797379397,-0.0018554446526941604,6.917405366897583,5,256,16,7.730566024780273
transformer.h.6.attn.c_attn,256,512,21.81805877882639,-0.0012334632057005024,7.322489261627197,5,256,16,7.8489227294921875
transformer.h.6.attn.c_attn,512,768,21.816584332617758,-0.002707909414333187,7.401881217956543,5,256,16,7.807058334350586
transformer.h.6.attn.c_attn,768,1024,21.81451587677397,-0.0047763652581203075,7.272603988647461,5,256,16,7.6430511474609375
transformer.h.6.attn.c_attn,1024,1280,21.81977931496817,0.00048707293607819224,7.191301107406616,5,256,16,7.828327178955078
transformer.h.6.attn.c_attn,1280,1536,21.818217509548116,-0.0010747324839748273,7.336539268493652,5,256,16,8.996219635009766
transformer.h.6.attn.c_attn,1536,1792,21.819893318656806,0.0006010766247150912,7.479939222335815,5,256,16,9.759692192077637
transformer.h.6.attn.c_attn,1792,2048,21.818719272682703,-0.0005729693493883303,7.103147029876709,5,256,16,8.537808418273926
transformer.h.6.attn.c_attn,2048,2304,21.817662402937327,-0.0016298390947646624,7.3487677574157715,5,256,16,8.97838306427002
transformer.h.6.attn.c_attn,2304,2560,21.815804867755308,-0.0034873742767835836,7.299007892608643,5,256,16,8.983264923095703
transformer.h.6.attn.c_attn,2560,2816,21.812088785993485,-0.007203456038606504,7.239220142364502,5,256,16,3.748323678970337
transformer.h.6.attn.c_attn,2816,3072,21.816921242447094,-0.00237099958499698,7.407133102416992,5,256,16,3.802985429763794
transformer.h.6.attn.c_attn,3072,3328,21.808381359345393,-0.010910882686697931,7.214565992355347,5,256,16,3.734617233276367
transformer.h.6.attn.c_attn,3328,3584,21.828994131348836,0.009701889316744428,7.346923589706421,5,256,16,3.7584123611450195
transformer.h.6.attn.c_attn,3584,3840,21.812650288616886,-0.006641953415204682,7.263596057891846,5,256,16,3.74487566947937
transformer.h.6.attn.c_proj,0,256,21.823683871666503,0.0043916296344121974,7.260071277618408,5,256,16,4.828075408935547
transformer.h.6.attn.c_proj,256,512,21.826683631966375,0.0073913899342841205,7.474969148635864,5,256,16,4.889176845550537
transformer.h.6.attn.c_proj,512,768,21.81656322948444,-0.0027290125476504556,7.10104775428772,5,256,16,4.852764129638672
transformer.h.6.attn.c_proj,768,1024,21.818062940291238,-0.001229301740853117,7.35274076461792,5,256,16,4.896702289581299
transformer.h.6.attn.c_proj,1024,1280,21.82217738246532,0.002885140433228628,7.40117621421814,5,256,16,4.825167179107666
transformer.h.6.mlp.c_fc,0,256,21.81243186698477,-0.006860375047320844,7.06286358833313,5,256,16,6.654531002044678
transformer.h.6.mlp.c_fc,256,512,21.81733157503156,-0.0019606670005316573,7.447635650634766,5,256,16,6.657424449920654
transformer.h.6.mlp.c_fc,512,768,21.816650465808614,-0.002641776223477166,7.395270109176636,5,256,16,6.588828086853027
transformer.h.6.mlp.c_fc,768,1024,21.819101845100484,-0.00019039693160749493,7.145498991012573,5,256,16,6.637219429016113
transformer.h.6.mlp.c_fc,1024,1280,21.80287798705013,-0.01641425498196014,7.25603175163269,5,256,16,6.670589923858643
transformer.h.6.mlp.c_fc,1280,1536,21.812247473282337,-0.007044768749754127,7.3683154582977295,5,256,16,6.496209621429443
transformer.h.6.mlp.c_fc,1536,1792,21.815437956757737,-0.0038542852743539413,7.362662315368652,5,256,16,6.563900947570801
transformer.h.6.mlp.c_fc,1792,2048,21.81630999347685,-0.00298224855524154,7.2413880825042725,5,256,16,6.637427806854248
transformer.h.6.mlp.c_fc,2048,2304,21.817473803664715,-0.0018184383673762738,7.249714136123657,5,256,16,6.5836873054504395
transformer.h.6.mlp.c_fc,2304,2560,21.824762144141644,0.005469902109553004,7.305322885513306,5,256,16,6.5582756996154785
transformer.h.6.mlp.c_fc,2560,2816,21.820902730625033,0.0016104885929415502,7.329899549484253,5,256,16,6.71305513381958
transformer.h.6.mlp.c_fc,2816,3072,21.8219878522607,0.0026956102286099792,7.266064882278442,5,256,16,6.542819023132324
transformer.h.6.mlp.c_fc,3072,3328,21.820482520617425,0.001190278585333715,7.267074108123779,5,256,16,6.649527072906494
transformer.h.6.mlp.c_fc,3328,3584,21.81679239277136,-0.0024998492607295475,7.270468711853027,5,256,16,6.638655662536621
transformer.h.6.mlp.c_fc,3584,3840,21.819573009937663,0.00028076790557207687,7.28962516784668,5,256,16,6.46944522857666
transformer.h.6.mlp.c_fc,3840,4096,21.81275801437687,-0.006534227655222935,7.277344703674316,5,256,16,6.6181793212890625
transformer.h.6.mlp.c_fc,4096,4352,21.82001356569616,0.0007213236640701837,7.18339991569519,5,256,16,6.64290189743042
transformer.h.6.mlp.c_fc,4352,4608,21.809259353666743,-0.010032888365348214,7.4255757331848145,5,256,16,6.543216228485107
transformer.h.6.mlp.c_fc,4608,4864,21.806414245567797,-0.012877996464293773,7.263331890106201,5,256,16,6.553524017333984
transformer.h.6.mlp.c_fc,4864,5120,21.805503538816463,-0.013788703215627862,7.191453218460083,5,256,16,6.45922327041626
transformer.h.6.mlp.c_proj,0,256,21.812520721235163,-0.006771520796927888,6.732147216796875,5,256,16,11.385161399841309
transformer.h.6.mlp.c_proj,256,512,21.81811451279657,-0.0011777292355219515,6.729190826416016,5,256,16,11.497193336486816
transformer.h.6.mlp.c_proj,512,768,21.820982700761274,0.001690458729182609,6.755156993865967,5,256,16,11.345922470092773
transformer.h.6.mlp.c_proj,768,1024,21.82392143491309,0.0046291928809978344,6.6446616649627686,5,256,16,11.502108573913574
transformer.h.6.mlp.c_proj,1024,1280,21.801707975365815,-0.017584266666275994,6.719976902008057,5,256,16,11.317902565002441
transformer.h.7.attn.c_attn,0,256,21.822135908656325,0.0028436666242335207,6.895342826843262,5,256,16,7.5808939933776855
transformer.h.7.attn.c_attn,256,512,21.813975278140298,-0.005316963891793591,7.266363859176636,5,256,16,7.718782424926758
transformer.h.7.attn.c_attn,512,768,21.818982643495644,-0.0003095985364467424,7.398189306259155,5,256,16,7.5426716804504395
transformer.h.7.attn.c_attn,768,1024,21.819008059244545,-0.000284182787545717,7.2479798793792725,5,256,16,7.6298699378967285
transformer.h.7.attn.c_attn,1024,1280,21.819187456629965,-0.00010478540212588427,7.21653938293457,5,256,16,7.929295063018799
transformer.h.7.attn.c_attn,1280,1536,21.8173694728526,-0.0019227691794903023,7.460771083831787,5,256,16,8.5359525680542
transformer.h.7.attn.c_attn,1536,1792,21.816593100827042,-0.002699141205049216,7.138567209243774,5,256,16,8.47651481628418
transformer.h.7.attn.c_attn,1792,2048,21.816924363382935,-0.0023678786491565518,7.386830568313599,5,256,16,9.642961502075195
transformer.h.7.attn.c_attn,2048,2304,21.81944800906343,0.0001557670313374615,7.259620189666748,5,256,16,9.0584716796875
transformer.h.7.attn.c_attn,2304,2560,21.819723279475138,0.0004310374430467334,7.28695011138916,5,256,16,9.732329368591309
transformer.h.7.attn.c_attn,2560,2816,21.823540859244385,0.004248617212294192,7.263013601303101,5,256,16,3.7416939735412598
transformer.h.7.attn.c_attn,2816,3072,21.82133989437158,0.0020476523394883372,7.304037094116211,5,256,16,3.808527708053589
transformer.h.7.attn.c_attn,3072,3328,21.809777996022046,-0.009514246010045468,7.339085578918457,5,256,16,3.7709789276123047
transformer.h.7.attn.c_attn,3328,3584,21.816389649556722,-0.002902592475368948,7.262021541595459,5,256,16,3.7630820274353027
transformer.h.7.attn.c_attn,3584,3840,21.816288593385558,-0.0030036486465334633,7.4067606925964355,5,256,16,3.821875810623169
transformer.h.7.attn.c_proj,0,256,21.820568286205084,0.001276044172993096,7.209863901138306,5,256,16,4.951409816741943
transformer.h.7.attn.c_proj,256,512,21.81215609422502,-0.007136147807070614,7.195506572723389,5,256,16,5.029390811920166
transformer.h.7.attn.c_proj,512,768,21.824240915471517,0.004948673439425733,7.4920854568481445,5,256,16,4.977107048034668
transformer.h.7.attn.c_proj,768,1024,21.815184882415917,-0.004107359616174477,7.2731850147247314,5,256,16,4.999147891998291
transformer.h.7.attn.c_proj,1024,1280,21.819736953905785,0.0004447118736941036,7.214350700378418,5,256,16,4.93944787979126
transformer.h.7.mlp.c_fc,0,256,21.81482556053133,-0.004466681500762348,7.373779296875,5,256,16,6.585468769073486
transformer.h.7.mlp.c_fc,256,512,21.817571892917464,-0.001720349114627595,7.3050947189331055,5,256,16,6.579866409301758
transformer.h.7.mlp.c_fc,512,768,21.816574672730262,-0.0027175693018293146,7.2580649852752686,5,256,16,6.615799903869629
transformer.h.7.mlp.c_fc,768,1024,21.81515010907164,-0.004142132960449629,7.361871004104614,5,256,16,6.587172985076904
transformer.h.7.mlp.c_fc,1024,1280,21.820043887674725,0.000751645642633747,7.268215656280518,5,256,16,6.638101577758789
transformer.h.7.mlp.c_fc,1280,1536,21.81627358361182,-0.0030186584202702704,7.309112071990967,5,256,16,6.624777793884277
transformer.h.7.mlp.c_fc,1536,1792,21.82056635387444,0.001274111842349157,7.217163801193237,5,256,16,6.59077262878418
transformer.h.7.mlp.c_fc,1792,2048,21.830986927176422,0.011694685144330919,7.2252490520477295,5,256,16,6.583404541015625
transformer.h.7.mlp.c_fc,2048,2304,21.821738566803898,0.0024463247718067294,7.208185911178589,5,256,16,6.6497321128845215
transformer.h.7.mlp.c_fc,2304,2560,21.81244984582563,-0.006842396206462098,7.263349533081055,5,256,16,6.507774829864502
transformer.h.7.mlp.c_fc,2560,2816,21.822897760912323,0.0036055188802315286,7.584514617919922,5,256,16,6.662261486053467
transformer.h.7.mlp.c_fc,2816,3072,21.818553255581506,-0.0007389864505853438,7.160781383514404,5,256,16,6.585808277130127
transformer.h.7.mlp.c_fc,3072,3328,21.81904001476033,-0.00025222727176199555,7.170691013336182,5,256,16,6.558125972747803
transformer.h.7.mlp.c_fc,3328,3584,21.824588052975958,0.0052958109438669965,7.315101861953735,5,256,16,6.599959850311279
transformer.h.7.mlp.c_fc,3584,3840,21.825001354507034,0.005709112474942657,7.286551237106323,5,256,16,6.6013336181640625
transformer.h.7.mlp.c_fc,3840,4096,21.81244746845739,-0.006844773574702145,7.266178846359253,5,256,16,6.581820964813232
transformer.h.7.mlp.c_fc,4096,4352,21.815330514972725,-0.003961727059365927,7.362226486206055,5,256,16,6.611830234527588
transformer.h.7.mlp.c_fc,4352,4608,21.822807080517634,0.003514838485543237,7.232000112533569,5,256,16,6.543275356292725
transformer.h.7.mlp.c_fc,4608,4864,21.81923070841581,-6.153361628236098e-05,7.230059862136841,5,256,16,6.584161758422852
transformer.h.7.mlp.c_fc,4864,5120,21.824559211362708,0.005266969330616433,7.29443883895874,5,256,16,6.5668230056762695
transformer.h.7.mlp.c_proj,0,256,21.819099912899702,-0.00019232913238909077,6.694884777069092,5,256,16,11.338205337524414
transformer.h.7.mlp.c_proj,256,512,21.81502290448964,-0.004269337542449847,6.801291465759277,5,256,16,11.807969093322754
transformer.h.7.mlp.c_proj,512,768,21.814615587331136,-0.0046766547009546855,6.774926662445068,5,256,16,11.360541343688965
transformer.h.7.mlp.c_proj,768,1024,21.82288289524803,0.003590653215937323,6.743581533432007,5,256,16,11.498505592346191
transformer.h.7.mlp.c_proj,1024,1280,21.818192391969365,-0.0010998500627259489,6.53489351272583,5,256,16,11.340853691101074
transformer.h.8.attn.c_attn,0,256,21.817112512054102,-0.0021797299779890977,7.1406755447387695,5,256,16,7.645167827606201
transformer.h.8.attn.c_attn,256,512,21.814721539585065,-0.004570702447026065,7.193471670150757,5,256,16,7.250589847564697
transformer.h.8.attn.c_attn,512,768,21.82102521288609,0.0017329708540003708,7.36555814743042,5,256,16,7.445174217224121
transformer.h.8.attn.c_attn,768,1024,21.817921450931454,-0.001370791100637092,7.354051113128662,5,256,16,8.244195938110352
transformer.h.8.attn.c_attn,1024,1280,21.820880582813846,0.001588340781754738,7.299874782562256,5,256,16,7.581767559051514
transformer.h.8.attn.c_attn,1280,1536,21.817122172179744,-0.002170069852347467,7.297089099884033,5,256,16,9.469376564025879
transformer.h.8.attn.c_attn,1536,1792,21.807949060407477,-0.011343181624614118,7.187707901000977,5,256,16,8.235429763793945
transformer.h.8.attn.c_attn,1792,2048,21.8121917542994,-0.007100487732692784,7.431152105331421,5,256,16,8.761159896850586
transformer.h.8.attn.c_attn,2048,2304,21.81884530978569,-0.0004469322464011327,7.405163764953613,5,256,16,9.287081718444824
transformer.h.8.attn.c_attn,2304,2560,21.816143400264952,-0.0031488417671390323,7.142893552780151,5,256,16,8.222722053527832
transformer.h.8.attn.c_attn,2560,2816,21.80904824554386,-0.010243996488231488,7.35913348197937,5,256,16,4.219165325164795
transformer.h.8.attn.c_attn,2816,3072,21.81706005021567,-0.002232191816421647,7.287306547164917,5,256,16,3.7284247875213623
transformer.h.8.attn.c_attn,3072,3328,21.8190423928471,-0.000249849184992712,7.391789436340332,5,256,16,3.9662044048309326
transformer.h.8.attn.c_attn,3328,3584,21.81394853089218,-0.005343711139911278,7.310558795928955,5,256,16,4.1696062088012695
transformer.h.8.attn.c_attn,3584,3840,21.816549705656218,-0.0027425363758730725,7.152777433395386,5,256,16,3.7696521282196045
transformer.h.8.attn.c_proj,0,256,21.81869816748426,-0.0005940745478305587,7.367229461669922,5,256,16,5.039116382598877
transformer.h.8.attn.c_proj,256,512,21.820763303839353,0.0014710618072619752,7.249265670776367,5,256,16,5.132559776306152
transformer.h.8.attn.c_proj,512,768,21.822219599613494,0.00292735758140239,7.158055305480957,5,256,16,5.027442932128906
transformer.h.8.attn.c_proj,768,1024,21.817969753393353,-0.001322488638738406,7.444815635681152,5,256,16,5.034615516662598
transformer.h.8.attn.c_proj,1024,1280,21.81368819272356,-0.005604049308530534,7.379199266433716,5,256,16,5.007194519042969
transformer.h.8.mlp.c_fc,0,256,21.81989852092539,0.0006062788932972296,7.11070990562439,5,256,16,6.528816223144531
transformer.h.8.mlp.c_fc,256,512,21.817805079593175,-0.001487162438916556,7.324262857437134,5,256,16,6.533018112182617
transformer.h.8.mlp.c_fc,512,768,21.811932922916963,-0.007359319115128216,7.2385804653167725,5,256,16,6.563319683074951
transformer.h.8.mlp.c_fc,768,1024,21.816868186606108,-0.0024240554259833402,7.312823534011841,5,256,16,6.613475799560547
transformer.h.8.mlp.c_fc,1024,1280,21.816116204526878,-0.003176037505213003,7.39847731590271,5,256,16,6.594815254211426
transformer.h.8.mlp.c_fc,1280,1536,21.812322656988908,-0.006969585043183457,7.161727428436279,5,256,16,6.604822158813477
transformer.h.8.mlp.c_fc,1536,1792,21.814486751272494,-0.004805490759597575,7.287928819656372,5,256,16,6.597545146942139
transformer.h.8.mlp.c_fc,1792,2048,21.81995054367942,0.0006583016473271641,7.295519828796387,5,256,16,6.616845607757568
transformer.h.8.mlp.c_fc,2048,2304,21.808451775860295,-0.010840466171796237,7.428333044052124,5,256,16,6.5654730796813965
transformer.h.8.mlp.c_fc,2304,2560,21.824595783724128,0.005303541692036617,7.313231945037842,5,256,16,6.566292762756348
transformer.h.8.mlp.c_fc,2560,2816,21.815126035250387,-0.004166206781704318,7.1361403465271,5,256,16,6.5746073722839355
transformer.h.8.mlp.c_fc,2816,3072,21.819575685350642,0.0002834433185512353,7.321730375289917,5,256,16,6.549023151397705
transformer.h.8.mlp.c_fc,3072,3328,21.815161254368263,-0.004130987663828023,7.327639102935791,5,256,16,6.575742721557617
transformer.h.8.mlp.c_fc,3328,3584,21.823523168583705,0.004230926551613834,7.313467264175415,5,256,16,6.590752124786377
transformer.h.8.mlp.c_fc,3584,3840,21.81664571015674,-0.002646531875349467,7.269689083099365,5,256,16,6.553695201873779
transformer.h.8.mlp.c_fc,3840,4096,21.818817070277163,-0.000475171754928283,7.252622127532959,5,256,16,6.597862243652344
transformer.h.8.mlp.c_fc,4096,4352,21.824240766805676,0.004948524773585206,7.302969694137573,5,256,16,6.607623100280762
transformer.h.8.mlp.c_fc,4352,4608,21.818203390195553,-0.001088851836538396,7.330850124359131,5,256,16,6.596189975738525
transformer.h.8.mlp.c_fc,4608,4864,21.819687458452876,0.0003952164207845499,7.3015735149383545,5,256,16,6.5794677734375
transformer.h.8.mlp.c_fc,4864,5120,21.82215582796693,0.0028635859348398185,7.221171617507935,5,256,16,6.52992582321167
transformer.h.8.mlp.c_proj,0,256,21.816730866205035,-0.0025613758270566223,6.769259452819824,5,256,16,11.353484153747559
transformer.h.8.mlp.c_proj,256,512,21.816671271797755,-0.0026209702343358288,6.560201168060303,5,256,16,12.306268692016602
transformer.h.8.mlp.c_proj,512,768,21.813708847293555,-0.00558339473853664,6.7698540687561035,5,256,16,11.420707702636719
transformer.h.8.mlp.c_proj,768,1024,21.827786735180315,0.00849449314822337,6.698737144470215,5,256,16,11.507407188415527
transformer.h.8.mlp.c_proj,1024,1280,21.792421100472314,-0.0268711415597771,6.656635999679565,5,256,16,11.407059669494629
transformer.h.9.attn.c_attn,0,256,21.81546916401438,-0.003823078017710202,7.06766939163208,5,256,16,7.941781044006348
transformer.h.9.attn.c_attn,256,512,21.81882881196311,-0.0004634300689794202,7.1867311000823975,5,256,16,7.933908462524414
transformer.h.9.attn.c_attn,512,768,21.818033364183254,-0.0012588778488371588,7.360307455062866,5,256,16,7.795851707458496
transformer.h.9.attn.c_attn,768,1024,21.816831775809497,-0.0024604662225939933,7.246698617935181,5,256,16,8.544699668884277
transformer.h.9.attn.c_attn,1024,1280,21.812062932555794,-0.0072293094762976295,7.323552131652832,5,256,16,7.804520606994629
transformer.h.9.attn.c_attn,1280,1536,21.819275595239542,-1.6646792548868916e-05,7.2684290409088135,5,256,16,8.86108112335205
transformer.h.9.attn.c_attn,1536,1792,21.81847894215856,-0.0008132998735312924,7.492142677307129,5,256,16,8.975055694580078
transformer.h.9.attn.c_attn,1792,2048,21.819537932331112,0.0002456902990211063,7.114212512969971,5,256,16,8.935693740844727
transformer.h.9.attn.c_attn,2048,2304,21.816372707754184,-0.0029195342779075872,7.3281049728393555,5,256,16,8.938835144042969
transformer.h.9.attn.c_attn,2304,2560,21.814636837180924,-0.004655404851167333,7.315243482589722,5,256,16,8.533716201782227
transformer.h.9.attn.c_attn,2560,2816,21.815341065940633,-0.003951176091458564,7.3702781200408936,5,256,16,4.068979263305664
transformer.h.9.attn.c_attn,2816,3072,21.823300326951607,0.004008084919515653,7.111437082290649,5,256,16,4.492957592010498
transformer.h.9.attn.c_attn,3072,3328,21.814569669894247,-0.004722572137843883,7.408998489379883,5,256,16,4.423516273498535
transformer.h.9.attn.c_attn,3328,3584,21.817217138873414,-0.002075103158677649,7.180163860321045,5,256,16,4.096382141113281
transformer.h.9.attn.c_attn,3584,3840,21.810755888059767,-0.008536353972324662,7.462062120437622,5,256,16,4.276078701019287
transformer.h.9.attn.c_proj,0,256,21.81927291986336,-1.9322168732571754e-05,7.079809665679932,5,256,16,5.125138282775879
transformer.h.9.attn.c_proj,256,512,21.815568581715326,-0.0037236603167656313,7.434535503387451,5,256,16,5.241225242614746
transformer.h.9.attn.c_proj,512,768,21.81927069038345,-2.155164863992809e-05,7.333713531494141,5,256,16,5.160282611846924
transformer.h.9.attn.c_proj,768,1024,21.8317623242543,0.012470082222208134,7.237464904785156,5,256,16,5.154361248016357
transformer.h.9.attn.c_proj,1024,1280,21.82119228931189,0.001900047279800532,7.347803831100464,5,256,16,5.12560510635376
transformer.h.9.mlp.c_fc,0,256,21.82411306322094,0.004820821188847191,7.134893417358398,5,256,16,6.605162143707275
transformer.h.9.mlp.c_fc,256,512,21.827509578785328,0.008217336753236992,7.409525632858276,5,256,16,6.564822196960449
transformer.h.9.mlp.c_fc,512,768,21.825782486041174,0.006490244009082602,7.268006324768066,5,256,16,6.541261672973633
transformer.h.9.mlp.c_fc,768,1024,21.816539302717135,-0.0027529393149556824,7.255793333053589,5,256,16,6.618045806884766
transformer.h.9.mlp.c_fc,1024,1280,21.810747716492198,-0.008544525539893044,7.262898683547974,5,256,16,6.554755210876465
transformer.h.9.mlp.c_fc,1280,1536,21.82331563887888,0.004023396846790206,7.311052560806274,5,256,16,6.562770366668701
transformer.h.9.mlp.c_fc,1536,1792,21.815586860355396,-0.0037053816766956515,7.360939979553223,5,256,16,6.538941383361816
transformer.h.9.mlp.c_fc,1792,2048,21.80953152422706,-0.009760717805029628,7.2189013957977295,5,256,16,6.533292293548584
transformer.h.9.mlp.c_fc,2048,2304,21.812717747168467,-0.0065744948636243805,7.3089399337768555,5,256,16,6.608105659484863
transformer.h.9.mlp.c_fc,2304,2560,21.81835379892632,-0.0009384431057704035,7.340111970901489,5,256,16,6.570162773132324
transformer.h.9.mlp.c_fc,2560,2816,21.818283499064403,-0.0010087429676879367,7.317909240722656,5,256,16,6.553297996520996
transformer.h.9.mlp.c_fc,2816,3072,21.81732875127498,-0.001963490757109554,7.156069040298462,5,256,16,6.6133341789245605
transformer.h.9.mlp.c_fc,3072,3328,21.82878461655975,0.009492374527660274,7.487457036972046,5,256,16,6.5079755783081055
transformer.h.9.mlp.c_fc,3328,3584,21.818190905723007,-0.0011013363090839334,7.044218063354492,5,256,16,6.554755687713623
transformer.h.9.mlp.c_fc,3584,3840,21.819008802395548,-0.00028343963654364757,7.238790273666382,5,256,16,6.596951961517334
transformer.h.9.mlp.c_fc,3840,4096,21.81283423996017,-0.006458002071919822,7.581014633178711,5,256,16,6.551590442657471
transformer.h.9.mlp.c_fc,4096,4352,21.822357697827204,0.003065455795113081,7.0151686668396,5,256,16,6.55326509475708
transformer.h.9.mlp.c_fc,4352,4608,21.8156364951138,-0.0036557469182909585,7.38641095161438,5,256,16,6.601876735687256
transformer.h.9.mlp.c_fc,4608,4864,21.815628618932017,-0.003663623100074176,7.340384483337402,5,256,16,6.52121639251709
transformer.h.9.mlp.c_fc,4864,5120,21.821521094697218,0.002228852665126624,7.296370983123779,5,256,16,6.620636940002441
transformer.h.9.mlp.c_proj,0,256,21.80304507305004,-0.016247168982051363,6.664584159851074,5,256,16,11.322278022766113
transformer.h.9.mlp.c_proj,256,512,21.808322084860368,-0.010970157171723116,6.722559452056885,5,256,16,12.091032981872559
transformer.h.9.mlp.c_proj,512,768,21.795376328372853,-0.02391591365923773,6.648179531097412,5,256,16,11.32696533203125
transformer.h.9.mlp.c_proj,768,1024,21.816376423060632,-0.0029158189714593163,6.64838433265686,5,256,16,11.461763381958008
transformer.h.9.mlp.c_proj,1024,1280,21.8095341984088,-0.00975804362328958,6.7816078662872314,5,256,16,11.333642959594727
transformer.h.10.attn.c_attn,0,256,21.818105595351774,-0.0011866466803169828,6.808333873748779,5,256,16,7.50769567489624
transformer.h.10.attn.c_attn,256,512,21.821310016529655,0.0020177744975633516,7.310203790664673,5,256,16,7.735913276672363
transformer.h.10.attn.c_attn,512,768,21.815776483573742,-0.003515758458348728,7.345550537109375,5,256,16,7.7809576988220215
transformer.h.10.attn.c_attn,768,1024,21.818427220165567,-0.0008650218665238185,7.116036415100098,5,256,16,8.173935890197754
transformer.h.10.attn.c_attn,1024,1280,21.815909042476385,-0.0033831995557065397,7.374194860458374,5,256,16,7.8567986488342285
transformer.h.10.attn.c_attn,1280,1536,21.81908252310036,-0.0002097189317318282,7.336899995803833,5,256,16,8.327197074890137
transformer.h.10.attn.c_attn,1536,1792,21.817339303209334,-0.0019529388227574884,7.3347156047821045,5,256,16,8.17459774017334
transformer.h.10.attn.c_attn,1792,2048,21.820828557842432,0.0015363158103411934,7.252849817276001,5,256,16,8.462367057800293
transformer.h.10.attn.c_attn,2048,2304,21.825031832088065,0.00573959005597402,7.194213628768921,5,256,16,8.954163551330566
transformer.h.10.attn.c_attn,2304,2560,21.816960179869067,-0.0023320621630240623,7.167640209197998,5,256,16,8.824963569641113
transformer.h.10.attn.c_attn,2560,2816,21.801031957631288,-0.018260284400803073,7.334308624267578,5,256,16,4.59084415435791
transformer.h.10.attn.c_attn,2816,3072,21.809019721591064,-0.010272520441027666,7.307580471038818,5,256,16,4.354910373687744
transformer.h.10.attn.c_attn,3072,3328,21.819840850131595,0.0005486080995034115,7.233574390411377,5,256,16,4.417055130004883
transformer.h.10.attn.c_attn,3328,3584,21.816645858770848,-0.0026463832612435567,7.420135259628296,5,256,16,4.374217510223389
transformer.h.10.attn.c_attn,3584,3840,21.828062854251343,0.008770612219251461,7.080996751785278,5,256,16,4.739809513092041
transformer.h.10.attn.c_proj,0,256,21.814287628987778,-0.005004613044313544,7.341035842895508,5,256,16,5.245737075805664
transformer.h.10.attn.c_proj,256,512,21.828168128354832,0.008875886322741167,7.418293476104736,5,256,16,5.386129379272461
transformer.h.10.attn.c_proj,512,768,21.81592702418328,-0.0033652178488097206,7.24987006187439,5,256,16,5.254635334014893
transformer.h.10.attn.c_proj,768,1024,21.812979856824697,-0.0063123852073943,7.281269073486328,5,256,16,5.282680988311768
transformer.h.10.attn.c_proj,1024,1280,21.82274226656479,0.0034500245327002688,7.2779700756073,5,256,16,5.226862907409668
transformer.h.10.mlp.c_fc,0,256,21.82406757178686,0.00477532975476791,7.276644945144653,5,256,16,6.560547828674316
transformer.h.10.mlp.c_fc,256,512,21.814262961726794,-0.00502928030529759,7.212779998779297,5,256,16,6.596031188964844
transformer.h.10.mlp.c_fc,512,768,21.824702081789226,0.00540983975713516,7.2408411502838135,5,256,16,6.550355911254883
transformer.h.10.mlp.c_fc,768,1024,21.813487294616923,-0.005804947415168016,7.341495752334595,5,256,16,6.5734968185424805
transformer.h.10.mlp.c_fc,1024,1280,21.81439149926624,-0.004900742765851618,7.3785600662231445,5,256,16,6.5736284255981445
transformer.h.10.mlp.c_fc,1280,1536,21.80953033570194,-0.009761906330151504,7.211371421813965,5,256,16,6.585068702697754
transformer.h.10.mlp.c_fc,1536,1792,21.82478756662277,0.005495324590679473,7.2212138175964355,5,256,16,6.594298362731934
transformer.h.10.mlp.c_fc,1792,2048,21.814504137409003,-0.0047881046230884294,7.474669694900513,5,256,16,6.572589874267578
transformer.h.10.mlp.c_fc,2048,2304,21.81729442036896,-0.0019978216631315604,7.216253757476807,5,256,16,6.559464931488037
transformer.h.10.mlp.c_fc,2304,2560,21.82756176837402,0.008269526341930344,7.33380126953125,5,256,16,6.571172714233398
transformer.h.10.mlp.c_fc,2560,2816,21.825678115497073,0.006385873464981984,7.2412590980529785,5,256,16,6.588431358337402
transformer.h.10.mlp.c_fc,2816,3072,21.821510689387594,0.002218447355502917,7.193101406097412,5,256,16,6.560466766357422
transformer.h.10.mlp.c_fc,3072,3328,21.818037377019667,-0.0012548650124237781,7.459915399551392,5,256,16,6.604034423828125
transformer.h.10.mlp.c_fc,3328,3584,21.819122653427442,-0.00016958860464910686,7.250690460205078,5,256,16,6.590845584869385
transformer.h.10.mlp.c_fc,3584,3840,21.83210630956713,0.012814067535039442,7.252888917922974,5,256,16,6.493821144104004
transformer.h.10.mlp.c_fc,3840,4096,21.82075438531195,0.0014621432798591627,7.2953221797943115,5,256,16,6.522552967071533
transformer.h.10.mlp.c_fc,4096,4352,21.81413353336277,-0.005158708669320333,7.2636189460754395,5,256,16,6.5190043449401855
transformer.h.10.mlp.c_fc,4352,4608,21.815024241917133,-0.004268000114958426,7.40095853805542,5,256,16,6.512877464294434
transformer.h.10.mlp.c_fc,4608,4864,21.82031277412236,0.0010205320902691994,7.416650295257568,5,256,16,6.6175537109375
transformer.h.10.mlp.c_fc,4864,5120,21.81695735616056,-0.00233488587153019,7.1075215339660645,5,256,16,6.571091175079346
transformer.h.10.mlp.c_proj,0,256,21.835881878520347,0.01658963648825562,6.6973583698272705,5,256,16,11.329366683959961
transformer.h.10.mlp.c_proj,256,512,21.814727037822667,-0.0045652042094239675,6.667232513427734,5,256,16,12.057916641235352
transformer.h.10.mlp.c_proj,512,768,21.827128345802837,0.00783610377074595,6.619099140167236,5,256,16,11.352771759033203
transformer.h.10.mlp.c_proj,768,1024,21.82115661452281,0.00186437249071858,6.801436424255371,5,256,16,11.477928161621094
transformer.h.10.mlp.c_proj,1024,1280,21.82484034438282,0.005548102350729778,6.748719692230225,5,256,16,11.337225914001465
transformer.h.11.attn.c_attn,0,256,21.81642873464257,-0.0028635073895202368,7.075815916061401,5,256,16,7.4772748947143555
transformer.h.11.attn.c_attn,256,512,21.816186200183687,-0.0031060418484045726,7.065199613571167,5,256,16,7.656065464019775
transformer.h.11.attn.c_attn,512,768,21.828789672251354,0.009497430219262526,7.342433452606201,5,256,16,7.69868278503418
transformer.h.11.attn.c_attn,768,1024,21.821912932539657,0.0026206905075660814,7.335688829421997,5,256,16,7.636410236358643
transformer.h.11.attn.c_attn,1024,1280,21.818168166166362,-0.001124075865728713,7.259937047958374,5,256,16,8.03372859954834
transformer.h.11.attn.c_attn,1280,1536,21.819323454802333,3.1212770242206034e-05,7.261937141418457,5,256,16,7.980370044708252
transformer.h.11.attn.c_attn,1536,1792,21.820245886636734,0.000953644604642534,7.3756349086761475,5,256,16,8.185604095458984
transformer.h.11.attn.c_attn,1792,2048,21.81473758849869,-0.0045546535334004545,7.314786672592163,5,256,16,8.191079139709473
transformer.h.11.attn.c_attn,2048,2304,21.82223996495714,0.0029477229250503,7.162335157394409,5,256,16,8.19466781616211
transformer.h.11.attn.c_attn,2304,2560,21.813445242954515,-0.005846999077576243,7.402225732803345,5,256,16,8.580677032470703
transformer.h.11.attn.c_attn,2560,2816,21.82073283221911,0.001440590187019808,7.371269702911377,5,256,16,4.762886047363281
transformer.h.11.attn.c_attn,2816,3072,21.819763559616064,0.0004713175839725636,7.232449293136597,5,256,16,4.778865337371826
transformer.h.11.attn.c_attn,3072,3328,21.81629855036987,-0.0029936916622226306,7.171048879623413,5,256,16,4.836731910705566
transformer.h.11.attn.c_attn,3328,3584,21.82703601229508,0.007743770262987226,7.295169830322266,5,256,16,4.897031784057617
transformer.h.11.attn.c_attn,3584,3840,21.820165473286536,0.0008732312544452725,7.315596580505371,5,256,16,4.771994113922119
transformer.h.11.attn.c_proj,0,256,21.81800319362193,-0.0012890484101610866,7.288012742996216,5,256,16,5.413995742797852
transformer.h.11.attn.c_proj,256,512,21.821973730468212,0.0026814884361208158,7.406269311904907,5,256,16,5.542740821838379
transformer.h.11.attn.c_proj,512,768,21.822861637365676,0.0035693953335851347,7.163423299789429,5,256,16,5.431314468383789
transformer.h.11.attn.c_proj,768,1024,21.808928504617455,-0.01036373741463592,7.4022932052612305,5,256,16,5.460447311401367
transformer.h.11.attn.c_proj,1024,1280,21.819540905007443,0.00024866297535197646,7.374940633773804,5,256,16,5.414666652679443
transformer.h.11.mlp.c_fc,0,256,21.811650470360796,-0.0076417716712953165,7.2552595138549805,5,256,16,6.492059230804443
transformer.h.11.mlp.c_fc,256,512,21.820404335990688,0.0011120939585964607,7.3280723094940186,5,256,16,6.546311378479004
transformer.h.11.mlp.c_fc,512,768,21.819036299000274,-0.00025594303181719624,7.16232705116272,5,256,16,6.546735763549805
transformer.h.11.mlp.c_fc,768,1024,21.825929824795622,0.0066375827635312135,7.351057529449463,5,256,16,6.546554088592529
transformer.h.11.mlp.c_fc,1024,1280,21.820021889372356,0.0007296473402647052,7.273873805999756,5,256,16,6.576606273651123
transformer.h.11.mlp.c_fc,1280,1536,21.817634908063997,-0.001657333968093866,7.279074430465698,5,256,16,6.550859451293945
transformer.h.11.mlp.c_fc,1536,1792,21.813180155895935,-0.006112086136155881,7.175683975219727,5,256,16,6.554772853851318
transformer.h.11.mlp.c_fc,1792,2048,21.815648680910076,-0.0036435611220149156,7.200558423995972,5,256,16,6.535453796386719
transformer.h.11.mlp.c_fc,2048,2304,21.811240393201803,-0.008051848830287867,7.40441107749939,5,256,16,6.508257865905762
transformer.h.11.mlp.c_fc,2304,2560,21.818311589256897,-0.0009806527751941019,7.202759742736816,5,256,16,6.553011894226074
transformer.h.11.mlp.c_fc,2560,2816,21.82360076973958,0.0043085277074901285,7.4272620677948,5,256,16,6.601295471191406
transformer.h.11.mlp.c_fc,2816,3072,21.820347407056598,0.0010551650245069766,7.478145360946655,5,256,16,6.554155349731445
transformer.h.11.mlp.c_fc,3072,3328,21.822977143731094,0.0036849016990032624,7.002533674240112,5,256,16,6.561995506286621
transformer.h.11.mlp.c_fc,3328,3584,21.821271517281225,0.001979275249134105,7.380200386047363,5,256,16,6.536484718322754
transformer.h.11.mlp.c_fc,3584,3840,21.810546845466547,-0.008745396565544183,7.307270050048828,5,256,16,6.623172283172607
transformer.h.11.mlp.c_fc,3840,4096,21.813533952740045,-0.00575828929204647,7.353801250457764,5,256,16,6.5633625984191895
transformer.h.11.mlp.c_fc,4096,4352,21.819536743260695,0.00024450122860386614,7.207474946975708,5,256,16,6.560135841369629
transformer.h.11.mlp.c_fc,4352,4608,21.818542851687056,-0.0007493903450352946,7.313681602478027,5,256,16,6.568355083465576
transformer.h.11.mlp.c_fc,4608,4864,21.815676024672833,-0.0036162173592586555,7.108997821807861,5,256,16,6.518780708312988
transformer.h.11.mlp.c_fc,4864,5120,21.81559310184575,-0.003699140186341765,7.4858787059783936,5,256,16,6.517116546630859
transformer.h.11.mlp.c_proj,0,256,21.798539843110664,-0.02075239892142733,6.656301259994507,5,256,16,11.39533805847168
transformer.h.11.mlp.c_proj,256,512,21.807277899861475,-0.012014342170616032,6.805648565292358,5,256,16,11.89807415008545
transformer.h.11.mlp.c_proj,512,768,21.82021779395391,0.0009255519218172026,6.7156922817230225,5,256,16,11.327500343322754
transformer.h.11.mlp.c_proj,768,1024,21.796026930199478,-0.023265311832613378,6.657001495361328,5,256,16,11.442193984985352
transformer.h.11.mlp.c_proj,1024,1280,21.829953702064348,0.010661460032256542,6.615954875946045,5,256,16,11.32763671875
transformer.h.12.attn.c_attn,0,256,21.8338151625989,0.01452292056680804,7.2366249561309814,5,256,16,6.965439319610596
transformer.h.12.attn.c_attn,256,512,21.82315716838443,0.0038649263523389266,7.089478015899658,5,256,16,7.331521511077881
transformer.h.12.attn.c_attn,512,768,21.817397116010646,-0.0018951260214450372,7.353334188461304,5,256,16,7.184831142425537
transformer.h.12.attn.c_attn,768,1024,21.82142640656249,0.002134164530399829,7.31930136680603,5,256,16,8.829451560974121
transformer.h.12.attn.c_attn,1024,1280,21.81529470116198,-0.003997540870109617,7.399540424346924,5,256,16,7.6425065994262695
transformer.h.12.attn.c_attn,1280,1536,21.831693765788696,0.01240152375660486,7.229208946228027,5,256,16,7.282545566558838
transformer.h.12.attn.c_attn,1536,1792,21.826035385967902,0.006743143935810991,7.464111566543579,5,256,16,7.93815279006958
transformer.h.12.attn.c_attn,1792,2048,21.82035900092669,0.0010667588945985074,7.183595180511475,5,256,16,7.807062149047852
transformer.h.12.attn.c_attn,2048,2304,21.812203195252277,-0.0070890467798143675,7.368095874786377,5,256,16,8.955769538879395
transformer.h.12.attn.c_attn,2304,2560,21.81622394740392,-0.0030682946281714862,7.022125482559204,5,256,16,8.20209789276123
transformer.h.12.attn.c_attn,2560,2816,21.82616919663836,0.006876954606269692,7.302686929702759,5,256,16,5.120112419128418
transformer.h.12.attn.c_attn,2816,3072,21.80265253437046,-0.01663970766163203,7.25981330871582,5,256,16,5.080366611480713
transformer.h.12.attn.c_attn,3072,3328,21.829239930893387,0.00994768886129549,7.324172735214233,5,256,16,4.979678630828857
transformer.h.12.attn.c_attn,3328,3584,21.830445325531304,0.011153083499213068,7.450116872787476,5,256,16,4.719285011291504
transformer.h.12.attn.c_attn,3584,3840,21.816319207411514,-0.0029730346205774083,7.229067325592041,5,256,16,4.920314788818359
transformer.h.12.attn.c_proj,0,256,21.82465257507352,0.005360333041430465,7.399299383163452,5,256,16,5.854008197784424
transformer.h.12.attn.c_proj,256,512,21.819795516238322,0.0005032742062311968,7.048370838165283,5,256,16,5.980064392089844
transformer.h.12.attn.c_proj,512,768,21.82112614235333,0.001833900321237536,7.359226942062378,5,256,16,5.859872817993164
transformer.h.12.attn.c_proj,768,1024,21.813066335871667,-0.006225906160423733,7.3472349643707275,5,256,16,5.871109962463379
transformer.h.12.attn.c_proj,1024,1280,21.799536832928794,-0.019755409103296984,7.325091600418091,5,256,16,5.822977542877197
transformer.h.12.mlp.c_fc,0,256,21.815277017185824,-0.004015224846266818,7.348164081573486,5,256,16,6.494288444519043
transformer.h.12.mlp.c_fc,256,512,21.825860095230855,0.006567853198763629,7.140677213668823,5,256,16,6.520409107208252
transformer.h.12.mlp.c_fc,512,768,21.812064269801827,-0.007227972230264612,7.224362850189209,5,256,16,6.560213565826416
transformer.h.12.mlp.c_fc,768,1024,21.81253661994356,-0.006755622088530089,7.383100748062134,5,256,16,6.544180870056152
transformer.h.12.mlp.c_fc,1024,1280,21.819831931981213,0.00053968994912168,7.185222625732422,5,256,16,6.559710502624512
transformer.h.12.mlp.c_fc,1280,1536,21.817404844211637,-0.0018873978204538844,7.308669805526733,5,256,16,6.583974361419678
transformer.h.12.mlp.c_fc,1536,1792,21.82010007262875,0.0008078305966598975,7.2397987842559814,5,256,16,6.507607460021973
transformer.h.12.mlp.c_fc,1792,2048,21.821480216723664,0.002187974691572947,7.343541860580444,5,256,16,6.5156426429748535
transformer.h.12.mlp.c_fc,2048,2304,21.816833707809415,-0.0024585342226757234,7.336094617843628,5,256,16,6.532222270965576
transformer.h.12.mlp.c_fc,2304,2560,21.82066832170982,0.0013760796777297912,7.272855758666992,5,256,16,6.4743804931640625
transformer.h.12.mlp.c_fc,2560,2816,21.82141228513333,0.002120043101239588,7.381734848022461,5,256,16,6.56294584274292
transformer.h.12.mlp.c_fc,2816,3072,21.830064784801486,0.010772542769394988,7.057138681411743,5,256,16,6.557204723358154
transformer.h.12.mlp.c_fc,3072,3328,21.792115891285043,-0.02717635074704816,7.456801414489746,5,256,16,6.5519633293151855
transformer.h.12.mlp.c_fc,3328,3584,21.819884251848812,0.0005920098167209176,7.272863864898682,5,256,16,6.600232124328613
transformer.h.12.mlp.c_fc,3584,3840,21.82380280162941,0.004510559597317609,7.279789686203003,5,256,16,6.569431304931641
transformer.h.12.mlp.c_fc,3840,4096,21.817054997240724,-0.002237244791366777,7.294148683547974,5,256,16,6.5200653076171875
transformer.h.12.mlp.c_fc,4096,4352,21.816351307601376,-0.002940934430714748,7.29711651802063,5,256,16,6.575960636138916
transformer.h.12.mlp.c_fc,4352,4608,21.8119675425508,-0.007324699481291219,7.348812580108643,5,256,16,6.574339389801025
transformer.h.12.mlp.c_fc,4608,4864,21.815539454808338,-0.0037527872237532733,7.272033214569092,5,256,16,6.5742998123168945
transformer.h.12.mlp.c_fc,4864,5120,21.80729097229106,-0.012001269741030995,7.189718246459961,5,256,16,6.490800380706787
transformer.h.12.mlp.c_proj,0,256,21.809490668713405,-0.009801573318686252,6.636810302734375,5,256,16,11.396656036376953
transformer.h.12.mlp.c_proj,256,512,21.82419765375405,0.004905411721960462,6.90130615234375,5,256,16,11.770031929016113
transformer.h.12.mlp.c_proj,512,768,21.81483863748538,-0.004453604546711176,6.850457668304443,5,256,16,11.415417671203613
transformer.h.12.mlp.c_proj,768,1024,21.821793120980665,0.0025008789485738703,6.727565765380859,5,256,16,11.481342315673828
transformer.h.12.mlp.c_proj,1024,1280,21.82976529394852,0.010473051916427778,6.72278618812561,5,256,16,11.35092544555664
transformer.h.13.attn.c_attn,0,256,21.817098244799432,-0.0021939972326592283,7.077849388122559,5,256,16,7.481507301330566
transformer.h.13.attn.c_attn,256,512,21.822049096350728,0.0027568543186369254,7.2092907428741455,5,256,16,7.249118328094482
transformer.h.13.attn.c_attn,512,768,21.81723066311537,-0.002061578916720208,7.421278953552246,5,256,16,8.444499015808105
transformer.h.13.attn.c_attn,768,1024,21.820710833222158,0.0014185911900668202,7.272850275039673,5,256,16,7.5562052726745605
transformer.h.13.attn.c_attn,1024,1280,21.81784565343758,-0.001446588594511411,7.133303880691528,5,256,16,7.133080005645752
transformer.h.13.attn.c_attn,1280,1536,21.817688708875593,-0.0016035331564978605,7.511794567108154,5,256,16,7.892949104309082
transformer.h.13.attn.c_attn,1536,1792,21.820557584068286,0.001265342036194994,7.118546724319458,5,256,16,7.931403636932373
transformer.h.13.attn.c_attn,1792,2048,21.818195513087044,-0.0010967289450469764,7.235799551010132,5,256,16,8.921788215637207
transformer.h.13.attn.c_attn,2048,2304,21.811405463189057,-0.007886778843033682,7.304023504257202,5,256,16,8.112873077392578
transformer.h.13.attn.c_attn,2304,2560,21.814236659919004,-0.005055582113087098,7.297260999679565,5,256,16,7.640571117401123
transformer.h.13.attn.c_attn,2560,2816,21.811956101721524,-0.007336140310567174,7.368236780166626,5,256,16,4.99377965927124
transformer.h.13.attn.c_attn,2816,3072,21.820660889635747,0.001368647603655404,7.2609968185424805,5,256,16,5.248569965362549
transformer.h.13.attn.c_attn,3072,3328,21.818345921763502,-0.000946320268589318,7.3318932056427,5,256,16,4.7191162109375
transformer.h.13.attn.c_attn,3328,3584,21.828049174602853,0.008756932570761933,7.31550407409668,5,256,16,5.303656101226807
transformer.h.13.attn.c_attn,3584,3840,21.81533274405003,-0.003959497982062743,7.367426872253418,5,256,16,5.092653751373291
transformer.h.13.attn.c_proj,0,256,21.816499177141424,-0.0027930648906675515,7.132885694503784,5,256,16,5.764244079589844
transformer.h.13.attn.c_proj,256,512,21.818841296800677,-0.00045094523141386844,7.389373064041138,5,256,16,5.866874694824219
transformer.h.13.attn.c_proj,512,768,21.81338461737896,-0.005907624653129773,7.344826936721802,5,256,16,5.745970249176025
transformer.h.13.attn.c_proj,768,1024,21.82930446674374,0.010012224711648088,7.282835245132446,5,256,16,5.789649486541748
transformer.h.13.attn.c_proj,1024,1280,21.83375135706632,0.01445911503422792,7.148343086242676,5,256,16,5.716357707977295
transformer.h.13.mlp.c_fc,0,256,21.82893286776741,0.009640625735318764,7.418635368347168,5,256,16,6.551949501037598
transformer.h.13.mlp.c_fc,256,512,21.81510879722186,-0.0041834448102306965,7.261133909225464,5,256,16,6.5823163986206055
transformer.h.13.mlp.c_fc,512,768,21.815645560156725,-0.003646681875366653,7.415834426879883,5,256,16,6.484676837921143
transformer.h.13.mlp.c_fc,768,1024,21.811520760338812,-0.007771481693279014,7.088265895843506,5,256,16,6.56725549697876
transformer.h.13.mlp.c_fc,1024,1280,21.813828168681468,-0.005464073350623266,7.4159510135650635,5,256,16,6.515475749969482
transformer.h.13.mlp.c_fc,1280,1536,21.809694798480244,-0.009597443551847107,7.212240219116211,5,256,16,6.626129150390625
transformer.h.13.mlp.c_fc,1536,1792,21.81943388891456,0.00014164688246864898,7.382570266723633,5,256,16,6.548835277557373
transformer.h.13.mlp.c_fc,1792,2048,21.80826711868991,-0.011025123342182752,7.124309062957764,5,256,16,6.513208389282227
transformer.h.13.mlp.c_fc,2048,2304,21.822413145472133,0.0031209034400419,7.439968585968018,5,256,16,6.526573657989502
transformer.h.13.mlp.c_fc,2304,2560,21.81164720159934,-0.007645040432752381,7.235704660415649,5,256,16,6.449970722198486
transformer.h.13.mlp.c_fc,2560,2816,21.811894737375983,-0.0073975046561081115,7.288632392883301,5,256,16,6.563658237457275
transformer.h.13.mlp.c_fc,2816,3072,21.81975984373279,0.0004676017006985944,7.393967866897583,5,256,16,6.506789684295654
transformer.h.13.mlp.c_fc,3072,3328,21.812861580195314,-0.006430661836777318,7.073718786239624,5,256,16,6.501218318939209
transformer.h.13.mlp.c_fc,3328,3584,21.82102655068157,0.0017343086494783222,7.298370599746704,5,256,16,6.517068386077881
transformer.h.13.mlp.c_fc,3584,3840,21.822092353809147,0.002800111777055747,7.2600767612457275,5,256,16,6.538809299468994
transformer.h.13.mlp.c_fc,3840,4096,21.81988217094259,0.0005899289105002481,7.277646064758301,5,256,16,6.4623236656188965
transformer.h.13.mlp.c_fc,4096,4352,21.821831621149357,0.002539379117266094,7.210282325744629,5,256,16,6.5183024406433105
transformer.h.13.mlp.c_fc,4352,4608,21.826328135045063,0.007035893012972139,7.393920183181763,5,256,16,6.546328067779541
transformer.h.13.mlp.c_fc,4608,4864,21.811928911203296,-0.007363330828795256,7.284413576126099,5,256,16,6.478555202484131
transformer.h.13.mlp.c_fc,4864,5120,21.815471838924175,-0.0038204031079160927,7.2045738697052,5,256,16,6.472535610198975
transformer.h.13.mlp.c_proj,0,256,21.826133067676494,0.006840825644403026,6.577556371688843,5,256,16,11.473738670349121
transformer.h.13.mlp.c_proj,256,512,21.794645426664662,-0.024646815367429298,6.776073217391968,5,256,16,11.810287475585938
transformer.h.13.mlp.c_proj,512,768,21.823406321386784,0.00411407935469299,6.796353101730347,5,256,16,11.471997261047363
transformer.h.13.mlp.c_proj,768,1024,21.80777896575193,-0.011513276280162188,6.732547044754028,5,256,16,11.559656143188477
transformer.h.13.mlp.c_proj,1024,1280,21.802523323411314,-0.016768918620776674,6.747524738311768,5,256,16,11.469267845153809
transformer.h.14.attn.c_attn,0,256,21.815525188582363,-0.0037670534497280528,6.969272136688232,5,256,16,9.006431579589844
transformer.h.14.attn.c_attn,256,512,21.819642273512816,0.0003500314807247662,7.27199387550354,5,256,16,7.4141998291015625
transformer.h.14.attn.c_attn,512,768,21.819074348413157,-0.0002178936189345393,7.354238033294678,5,256,16,7.546858787536621
transformer.h.14.attn.c_attn,768,1024,21.82023667104367,0.0009444290115787624,7.196562767028809,5,256,16,7.312624454498291
transformer.h.14.attn.c_attn,1024,1280,21.808111282921946,-0.011180959110145494,7.377352237701416,5,256,16,6.900722503662109
transformer.h.14.attn.c_attn,1280,1536,21.8183248169262,-0.0009674251058910954,7.2425572872161865,5,256,16,9.539401054382324
transformer.h.14.attn.c_attn,1536,1792,21.822896423002124,0.0036041809700328997,7.361850023269653,5,256,16,8.246124267578125
transformer.h.14.attn.c_attn,1792,2048,21.817700004090465,-0.0015922379416259957,7.1803975105285645,5,256,16,8.471017837524414
transformer.h.14.attn.c_attn,2048,2304,21.818833270832847,-0.00045897119924376284,7.316834926605225,5,256,16,8.27389144897461
transformer.h.14.attn.c_attn,2304,2560,21.80374016455268,-0.015552077479412674,7.313703298568726,5,256,16,7.194948196411133
transformer.h.14.attn.c_attn,2560,2816,21.81500522073381,-0.004287021298281957,7.350520610809326,5,256,16,4.541433334350586
transformer.h.14.attn.c_attn,2816,3072,21.814914721737193,-0.004377520294898574,7.257986783981323,5,256,16,5.0386505126953125
transformer.h.14.attn.c_attn,3072,3328,21.807335388900157,-0.011956853131934508,7.5488293170928955,5,256,16,4.903669357299805
transformer.h.14.attn.c_attn,3328,3584,21.82491780155193,0.005625559519838674,7.127960920333862,5,256,16,5.164859771728516
transformer.h.14.attn.c_attn,3584,3840,21.827219936270506,0.007927694238414773,7.372436761856079,5,256,16,5.17305850982666
transformer.h.14.attn.c_proj,0,256,21.82019772777403,0.0009054857419386053,7.160790920257568,5,256,16,5.8970537185668945
transformer.h.14.attn.c_proj,256,512,21.813524591388866,-0.005767650643225153,7.4591593742370605,5,256,16,5.963834285736084
transformer.h.14.attn.c_proj,512,768,21.815742452326212,-0.0035497897058789363,7.147843360900879,5,256,16,5.866299629211426
transformer.h.14.attn.c_proj,768,1024,21.814434147148972,-0.004858094883118724,7.330475807189941,5,256,16,5.922536373138428
transformer.h.14.attn.c_proj,1024,1280,21.81935169496626,5.945293417042308e-05,7.332831859588623,5,256,16,5.824758529663086
transformer.h.14.mlp.c_fc,0,256,21.822028136582126,0.0027358945500353116,7.2786548137664795,5,256,16,6.475739479064941
transformer.h.14.mlp.c_fc,256,512,21.806192024264888,-0.013100217767203048,7.448906183242798,5,256,16,6.513237953186035
transformer.h.14.mlp.c_fc,512,768,21.817955039709023,-0.0013372023230679986,6.999929904937744,5,256,16,6.520163059234619
transformer.h.14.mlp.c_fc,768,1024,21.819111060214265,-0.00018118181782611487,7.2847113609313965,5,256,16,6.506991863250732
transformer.h.14.mlp.c_fc,1024,1280,21.81744036424754,-0.0018518777845528689,7.330152988433838,5,256,16,6.52967643737793
transformer.h.14.mlp.c_fc,1280,1536,21.809786464361068,-0.009505777671023452,7.324604749679565,5,256,16,6.567750453948975
transformer.h.14.mlp.c_fc,1536,1792,21.817454631725926,-0.0018376103061648053,7.240528106689453,5,256,16,6.4835968017578125
transformer.h.14.mlp.c_fc,1792,2048,21.843164316016725,0.023872073984634312,7.302141189575195,5,256,16,6.531379222869873
transformer.h.14.mlp.c_fc,2048,2304,21.80988778754957,-0.009404454482520919,7.269451856613159,5,256,16,6.45713996887207
transformer.h.14.mlp.c_fc,2304,2560,21.818614044149683,-0.0006781978824079715,7.310445070266724,5,256,16,6.4912614822387695
transformer.h.14.mlp.c_fc,2560,2816,21.813669321299006,-0.005622920733085124,7.158003091812134,5,256,16,6.5611701011657715
transformer.h.14.mlp.c_fc,2816,3072,21.826702514649856,0.007410272617764946,7.269107818603516,5,256,16,6.532969951629639
transformer.h.14.mlp.c_fc,3072,3328,21.81699436163267,-0.0022978803994213592,7.384490966796875,5,256,16,6.525311470031738
transformer.h.14.mlp.c_fc,3328,3584,21.810360536272466,-0.00893170575962543,7.355558156967163,5,256,16,6.509324550628662
transformer.h.14.mlp.c_fc,3584,3840,21.816278190570983,-0.0030140514611076696,7.141722679138184,5,256,16,6.502718448638916
transformer.h.14.mlp.c_fc,3840,4096,21.81537346190215,-0.003918780129939847,7.42737340927124,5,256,16,6.49491024017334
transformer.h.14.mlp.c_fc,4096,4352,21.825704133748403,0.006411891716311402,7.191342115402222,5,256,16,6.520965576171875
transformer.h.14.mlp.c_fc,4352,4608,21.81318803119373,-0.006104210838362434,7.293361186981201,5,256,16,6.504026412963867
transformer.h.14.mlp.c_fc,4608,4864,21.817243295656642,-0.0020489463754493897,7.354810953140259,5,256,16,6.563509464263916
transformer.h.14.mlp.c_fc,4864,5120,21.819099912899702,-0.00019232913238909077,7.264599084854126,5,256,16,6.523652076721191
transformer.h.14.mlp.c_proj,0,256,21.832177100126703,0.012884858094611928,6.661497592926025,5,256,16,11.542520523071289
transformer.h.14.mlp.c_proj,256,512,21.83317934656461,0.01388710453251818,6.652343034744263,5,256,16,11.803869247436523
transformer.h.14.mlp.c_proj,512,768,21.793822950295418,-0.025469291736673227,6.885040283203125,5,256,16,11.538603782653809
transformer.h.14.mlp.c_proj,768,1024,21.817941069149242,-0.0013511728828490277,6.766327857971191,5,256,16,11.624089241027832
transformer.h.14.mlp.c_proj,1024,1280,21.806879194523273,-0.012413047508818664,6.623232364654541,5,256,16,11.514756202697754
transformer.h.15.attn.c_attn,0,256,21.821000686650123,0.00170844461803199,7.126110315322876,5,256,16,6.896022319793701
transformer.h.15.attn.c_attn,256,512,21.81369904008521,-0.005593201946879844,7.333526372909546,5,256,16,7.815436363220215
transformer.h.15.attn.c_attn,512,768,21.81796291673071,-0.001329325301380635,7.270592451095581,5,256,16,7.367581844329834
transformer.h.15.attn.c_attn,768,1024,21.81938394825084,9.170621875043139e-05,7.316552400588989,5,256,16,6.945566177368164
transformer.h.15.attn.c_attn,1024,1280,21.81657511857113,-0.0027171234609610906,7.34251856803894,5,256,16,7.610559940338135
transformer.h.15.attn.c_attn,1280,1536,21.813492198172938,-0.0058000438591534476,7.131505250930786,5,256,16,7.426265239715576
transformer.h.15.attn.c_attn,1536,1792,21.821089278517363,0.0017970364852715193,7.262206554412842,5,256,16,7.9228386878967285
transformer.h.15.attn.c_attn,1792,2048,21.822015055318303,0.0027228132862120447,7.432630300521851,5,256,16,8.077792167663574
transformer.h.15.attn.c_attn,2048,2304,21.817836290236016,-0.001455951796074828,7.2232506275177,5,256,16,7.613495349884033
transformer.h.15.attn.c_attn,2304,2560,21.81542279896348,-0.00386944306861281,7.355915069580078,5,256,16,8.533069610595703
transformer.h.15.attn.c_attn,2560,2816,21.811764580158812,-0.0075276618732793565,7.340283155441284,5,256,16,5.368910789489746
transformer.h.15.attn.c_attn,2816,3072,21.824216088289838,0.004923846257746334,7.208834886550903,5,256,16,5.1892876625061035
transformer.h.15.attn.c_attn,3072,3328,21.810269759402864,-0.009022482629227113,7.314838647842407,5,256,16,5.057833194732666
transformer.h.15.attn.c_attn,3328,3584,21.819279162408304,-1.3079623787604078e-05,7.308219909667969,5,256,16,5.180469512939453
transformer.h.15.attn.c_attn,3584,3840,21.809005905314844,-0.010286336717246769,7.294321537017822,5,256,16,5.040947437286377
transformer.h.15.attn.c_proj,0,256,21.81524952531859,-0.00404271671350287,7.403055429458618,5,256,16,5.928159236907959
transformer.h.15.attn.c_proj,256,512,21.813149992045762,-0.0061422499863290625,7.184917449951172,5,256,16,5.967816352844238
transformer.h.15.attn.c_proj,512,768,21.820772519654838,0.0014802776227469394,7.385883808135986,5,256,16,5.9524993896484375
transformer.h.15.attn.c_proj,768,1024,21.824275257308297,0.00498301527620626,7.127915620803833,5,256,16,5.941763401031494
transformer.h.15.attn.c_proj,1024,1280,21.822071542650065,0.0027793006179734903,7.376156568527222,5,256,16,5.896615505218506
transformer.h.15.mlp.c_fc,0,256,21.81431630842868,-0.00497593360341142,7.30954909324646,5,256,16,6.435916900634766
transformer.h.15.mlp.c_fc,256,512,21.81899914143455,-0.00029310059754195095,7.191986799240112,5,256,16,6.423323631286621
transformer.h.15.mlp.c_fc,512,768,21.82591094278061,0.006618700748518336,7.347928762435913,5,256,16,6.464761257171631
transformer.h.15.mlp.c_fc,768,1024,21.81416236119827,-0.005129880833820266,7.216175556182861,5,256,16,6.5050249099731445
transformer.h.15.mlp.c_fc,1024,1280,21.8172651425394,-0.0020270994926896435,7.310022830963135,5,256,16,6.432358741760254
transformer.h.15.mlp.c_fc,1280,1536,21.81653737074328,-0.0027548712888112448,7.18769907951355,5,256,16,6.51827335357666
transformer.h.15.mlp.c_fc,1536,1792,21.812640779058118,-0.006651462973973565,7.498598575592041,5,256,16,6.522395133972168
transformer.h.15.mlp.c_fc,1792,2048,21.817331426412782,-0.001960815619309386,7.148725509643555,5,256,16,6.468969821929932
transformer.h.15.mlp.c_fc,2048,2304,21.81658552152729,-0.002706720504800586,7.294546842575073,5,256,16,6.526442527770996
transformer.h.15.mlp.c_fc,2304,2560,21.820450562989,0.0011583209569074882,7.272904872894287,5,256,16,6.4726715087890625
transformer.h.15.mlp.c_fc,2560,2816,21.812095769398578,-0.007196472633513196,7.306828737258911,5,256,16,6.470746040344238
transformer.h.15.mlp.c_fc,2816,3072,21.825504611722693,0.006212369690601349,7.37241530418396,5,256,16,6.5706281661987305
transformer.h.15.mlp.c_fc,3072,3328,21.82414472888298,0.004852486850889903,7.1745336055755615,5,256,16,6.473677635192871
transformer.h.15.mlp.c_fc,3328,3584,21.818570050450155,-0.0007221915819357605,7.301251173019409,5,256,16,6.4104485511779785
transformer.h.15.mlp.c_fc,3584,3840,21.809544598007587,-0.009747644024503899,7.333850622177124,5,256,16,6.483884334564209
transformer.h.15.mlp.c_fc,3840,4096,21.816906380853982,-0.0023858611781086836,7.104197025299072,5,256,16,6.5034499168396
transformer.h.15.mlp.c_fc,4096,4352,21.825997919127186,0.006705677095094842,7.489744663238525,5,256,16,6.571574687957764
transformer.h.15.mlp.c_fc,4352,4608,21.811614216852014,-0.007678025180076986,7.253936052322388,5,256,16,6.484384536743164
transformer.h.15.mlp.c_fc,4608,4864,21.815765189354707,-0.0035270526773842903,7.199385404586792,5,256,16,6.505308628082275
transformer.h.15.mlp.c_fc,4864,5120,21.81758779530756,-0.0017044467245312944,7.297800302505493,5,256,16,6.423381328582764
transformer.h.15.mlp.c_proj,0,256,21.824612880580787,0.005320638548695911,6.71855092048645,5,256,16,11.553271293640137
transformer.h.15.mlp.c_proj,256,512,21.828703725653348,0.009411483621256878,6.720043659210205,5,256,16,11.756363868713379
transformer.h.15.mlp.c_proj,512,768,21.819884697757317,0.0005924557252257046,6.639839172363281,5,256,16,11.521599769592285
transformer.h.15.mlp.c_proj,768,1024,21.810567645634816,-0.00872459639727552,6.616993188858032,5,256,16,11.56893253326416
transformer.h.15.mlp.c_proj,1024,1280,21.828141363704113,0.008849121672021454,6.689722776412964,5,256,16,11.499588966369629
transformer.h.16.attn.c_attn,0,256,21.809393952875215,-0.009898289156875961,6.962542533874512,5,256,16,7.480199337005615
transformer.h.16.attn.c_attn,256,512,21.822728441595174,0.0034361995630831643,7.229801893234253,5,256,16,6.717566013336182
transformer.h.16.attn.c_attn,512,768,21.81903451543567,-0.0002577265964198716,7.318168640136719,5,256,16,7.252737522125244
transformer.h.16.attn.c_attn,768,1024,21.814456288417148,-0.004835953614943378,7.3255860805511475,5,256,16,6.54019021987915
transformer.h.16.attn.c_attn,1024,1280,21.825062607054537,0.0057703650224461,7.367280960083008,5,256,16,6.848092079162598
transformer.h.16.attn.c_attn,1280,1536,21.809362754309227,-0.009929487722864394,7.435530424118042,5,256,16,7.717483043670654
transformer.h.16.attn.c_attn,1536,1792,21.8189723880264,-0.00031985400569212175,7.1976964473724365,5,256,16,7.574270725250244
transformer.h.16.attn.c_attn,1792,2048,21.825229268375608,0.0059370263435170045,7.298439025878906,5,256,16,7.755066871643066
transformer.h.16.attn.c_attn,2048,2304,21.81606968949062,-0.0032225525414695255,7.280321836471558,5,256,16,7.061831951141357
transformer.h.16.attn.c_attn,2304,2560,21.815218912793682,-0.004073329238408974,7.410531997680664,5,256,16,7.237404823303223
transformer.h.16.attn.c_attn,2560,2816,21.80573466548813,-0.013557576543959726,7.350202322006226,5,256,16,4.857203483581543
transformer.h.16.attn.c_attn,2816,3072,21.808578199329936,-0.010714042702154813,7.080631494522095,5,256,16,4.909323215484619
transformer.h.16.attn.c_attn,3072,3328,21.80949438284785,-0.009797859184242697,7.307971000671387,5,256,16,5.11632776260376
transformer.h.16.attn.c_attn,3328,3584,21.812165157821724,-0.007127084210367229,7.265762805938721,5,256,16,5.042341709136963
transformer.h.16.attn.c_attn,3584,3840,21.80700144952083,-0.012290792511262083,7.282050371170044,5,256,16,5.080084323883057
transformer.h.16.attn.c_proj,0,256,21.827750306161423,0.008458064129332143,7.502976417541504,5,256,16,6.431652069091797
transformer.h.16.attn.c_proj,256,512,21.80942574574552,-0.00986649628656977,7.375854015350342,5,256,16,6.517969608306885
transformer.h.16.attn.c_proj,512,768,21.822465174221502,0.0031729321894111706,7.123140811920166,5,256,16,6.479242324829102
transformer.h.16.attn.c_proj,768,1024,21.83127379411696,0.011981552084868952,7.173871040344238,5,256,16,6.497014045715332
transformer.h.16.attn.c_proj,1024,1280,21.812416116938028,-0.006876125094063212,7.4744086265563965,5,256,16,6.450957298278809
transformer.h.16.mlp.c_fc,0,256,21.813984342492937,-0.005307899539154448,7.154601335525513,5,256,16,6.498221397399902
transformer.h.16.mlp.c_fc,256,512,21.814088062730594,-0.0052041793014971915,7.14910626411438,5,256,16,6.464879989624023
transformer.h.16.mlp.c_fc,512,768,21.823689966811347,0.004397724779256151,7.562258005142212,5,256,16,6.442724227905273
transformer.h.16.mlp.c_fc,768,1024,21.81254865542211,-0.0067435866099820885,7.268118143081665,5,256,16,6.4467926025390625
transformer.h.16.mlp.c_fc,1024,1280,21.811207854800863,-0.008084387231228618,7.100949287414551,5,256,16,6.41499137878418
transformer.h.16.mlp.c_fc,1280,1536,21.814153296771657,-0.0051389452604340136,7.377719879150391,5,256,16,6.449120998382568
transformer.h.16.mlp.c_fc,1536,1792,21.81055338266015,-0.008738859371941743,7.437132835388184,5,256,16,6.485719680786133
transformer.h.16.mlp.c_fc,1792,2048,21.817747117089215,-0.0015451249428757308,7.092095851898193,5,256,16,6.436484336853027
transformer.h.16.mlp.c_fc,2048,2304,21.80937538229485,-0.009916859737241879,7.532241582870483,5,256,16,6.479870319366455
transformer.h.16.mlp.c_fc,2304,2560,21.822034677216973,0.0027424351848814865,7.123522758483887,5,256,16,6.508189678192139
transformer.h.16.mlp.c_fc,2560,2816,21.81654985426967,-0.0027423877624208615,7.235524415969849,5,256,16,6.514584541320801
transformer.h.16.mlp.c_fc,2816,3072,21.81957657715505,0.00028433512295933383,7.431454181671143,5,256,16,6.496528148651123
transformer.h.16.mlp.c_fc,3072,3328,21.816603057950328,-0.0026891840817633295,7.062570571899414,5,256,16,6.500350475311279
transformer.h.16.mlp.c_fc,3328,3584,21.81819521583772,-0.0010970261943725745,7.536861181259155,5,256,16,6.480869293212891
transformer.h.16.mlp.c_fc,3584,3840,21.82565358403138,0.0063613419992876175,7.128420114517212,5,256,16,6.473221778869629
transformer.h.16.mlp.c_fc,3840,4096,21.814059532186256,-0.005232709845834904,7.36098837852478,5,256,16,6.428423881530762
transformer.h.16.mlp.c_fc,4096,4352,21.806915737257533,-0.012376504774557873,7.246744155883789,5,256,16,6.432165145874023
transformer.h.16.mlp.c_fc,4352,4608,21.81574527587748,-0.003546966154612363,7.281423568725586,5,256,16,6.383917331695557
transformer.h.16.mlp.c_fc,4608,4864,21.817180727494428,-0.0021115145376633393,7.331175088882446,5,256,16,6.483979225158691
transformer.h.16.mlp.c_fc,4864,5120,21.816669637040746,-0.0026226049913447014,7.254652976989746,5,256,16,6.436419486999512
transformer.h.16.mlp.c_proj,0,256,21.819300862697503,8.620665411740447e-06,6.738170862197876,5,256,16,12.183977127075195
transformer.h.16.mlp.c_proj,256,512,21.81885170083744,-0.0004405411946528659,6.6209166049957275,5,256,16,12.441967010498047
transformer.h.16.mlp.c_proj,512,768,21.81372340952012,-0.005568832511972488,6.740648031234741,5,256,16,12.155155181884766
transformer.h.16.mlp.c_proj,768,1024,21.816515970428952,-0.00277627160313898,6.856489181518555,5,256,16,12.215070724487305
transformer.h.16.mlp.c_proj,1024,1280,21.815789263881292,-0.003502978150798697,6.680795669555664,5,256,16,12.15571403503418
transformer.h.17.attn.c_attn,0,256,21.82143428483746,0.002142042805367339,7.047709703445435,5,256,16,6.53405237197876
transformer.h.17.attn.c_attn,256,512,21.806746690488243,-0.012545551543848177,7.205024003982544,5,256,16,7.974446773529053
transformer.h.17.attn.c_attn,512,768,21.81719217106414,-0.0021000709679519503,7.25183629989624,5,256,16,6.7242431640625
transformer.h.17.attn.c_attn,768,1024,21.819127260988246,-0.0001649810438451027,7.440868616104126,5,256,16,6.82081413269043
transformer.h.17.attn.c_attn,1024,1280,21.81113609219776,-0.008156149834331217,7.134332895278931,5,256,16,7.0373053550720215
transformer.h.17.attn.c_attn,1280,1536,21.820633836907504,0.0013415948754129658,7.488261699676514,5,256,16,6.792112827301025
transformer.h.17.attn.c_attn,1536,1792,21.804698625140674,-0.014593616891417582,7.309139728546143,5,256,16,7.701025485992432
transformer.h.17.attn.c_attn,1792,2048,21.81613819889166,-0.0031540431404302183,7.27570652961731,5,256,16,7.118227958679199
transformer.h.17.attn.c_attn,2048,2304,21.81318327629661,-0.00610896573548203,7.299655199050903,5,256,16,7.233706474304199
transformer.h.17.attn.c_attn,2304,2560,21.81426013836738,-0.005032103664710519,7.467872858047485,5,256,16,7.66323709487915
transformer.h.17.attn.c_attn,2560,2816,21.82008238475725,0.0007901427251582049,7.116400241851807,5,256,16,5.584471225738525
transformer.h.17.attn.c_attn,2816,3072,21.808252857219664,-0.0110393848124275,7.177424907684326,5,256,16,5.2627787590026855
transformer.h.17.attn.c_attn,3072,3328,21.805935789276813,-0.013356452755278525,7.388010263442993,5,256,16,5.653987884521484
transformer.h.17.attn.c_attn,3328,3584,21.81725325307668,-0.002038988955412435,7.227968215942383,5,256,16,5.223961353302002
transformer.h.17.attn.c_attn,3584,3840,21.821996919942805,0.0027046779107138263,7.4319751262664795,5,256,16,5.604579448699951
transformer.h.17.attn.c_proj,0,256,21.805627865648365,-0.013664376383726307,7.3173322677612305,5,256,16,6.666224002838135
transformer.h.17.attn.c_proj,256,512,21.80798010839608,-0.011312133636010913,7.191440105438232,5,256,16,6.751611232757568
transformer.h.17.attn.c_proj,512,768,21.81914940701984,-0.00014283501225165196,7.277759790420532,5,256,16,6.739110946655273
transformer.h.17.attn.c_proj,768,1024,21.81548313299134,-0.0038091090407519346,7.356333494186401,5,256,16,6.720908164978027
transformer.h.17.attn.c_proj,1024,1280,21.813508691960354,-0.005783550071736698,7.308724403381348,5,256,16,6.656341552734375
transformer.h.17.mlp.c_fc,0,256,21.819555768395194,0.000263526363102784,7.179659366607666,5,256,16,6.516628265380859
transformer.h.17.mlp.c_fc,256,512,21.817617519432265,-0.0016747225998265947,7.512862682342529,5,256,16,6.472965717315674
transformer.h.17.mlp.c_fc,512,768,21.824230806196528,0.004938564164437054,7.135702848434448,5,256,16,6.439614772796631
transformer.h.17.mlp.c_fc,768,1024,21.825941570309276,0.006649328277184452,7.247822046279907,5,256,16,6.407473564147949
transformer.h.17.mlp.c_fc,1024,1280,21.813637819429825,-0.005654422602265896,7.3933093547821045,5,256,16,6.393229007720947
transformer.h.17.mlp.c_fc,1280,1536,21.816606476068326,-0.002685765963764908,7.3270745277404785,5,256,16,6.481255531311035
transformer.h.17.mlp.c_fc,1536,1792,21.807294240399692,-0.01199800163239928,7.2693421840667725,5,256,16,6.444100379943848
transformer.h.17.mlp.c_fc,1792,2048,21.817889051186164,-0.0014031908459273268,7.289597988128662,5,256,16,6.448858737945557
transformer.h.17.mlp.c_fc,2048,2304,21.82158010776139,0.0022878657292970672,7.237955093383789,5,256,16,6.396697521209717
transformer.h.17.mlp.c_fc,2304,2560,21.81968522893061,0.00039298689851818835,7.322741508483887,5,256,16,6.400022029876709
transformer.h.17.mlp.c_fc,2560,2816,21.83202957048032,0.012737328448228169,7.220190048217773,5,256,16,6.412524700164795
transformer.h.17.mlp.c_fc,2816,3072,21.82018301258719,0.0008907705550988965,7.360334396362305,5,256,16,6.406421661376953
transformer.h.17.mlp.c_fc,3072,3328,21.818000815648425,-0.0012914263836663054,7.137959241867065,5,256,16,6.503754615783691
transformer.h.17.mlp.c_fc,3328,3584,21.81444350889049,-0.004848733141599837,7.370920658111572,5,256,16,6.4776387214660645
transformer.h.17.mlp.c_fc,3584,3840,21.819643165319935,0.0003509232878435853,7.362964868545532,5,256,16,6.44157600402832
transformer.h.17.mlp.c_fc,3840,4096,21.817371850757297,-0.0019203912747940421,7.163320302963257,5,256,16,6.390174865722656
transformer.h.17.mlp.c_fc,4096,4352,21.81932627881708,3.403678498870022e-05,7.388525724411011,5,256,16,6.370737075805664
transformer.h.17.mlp.c_fc,4352,4608,21.825592924525484,0.006300682493392884,7.356580018997192,5,256,16,6.432951927185059
transformer.h.17.mlp.c_fc,4608,4864,21.821100724137192,0.0018084821051012057,7.143333673477173,5,256,16,6.45928430557251
transformer.h.17.mlp.c_fc,4864,5120,21.814612615325828,-0.004679626706263207,7.297884702682495,5,256,16,6.428723335266113
transformer.h.17.mlp.c_proj,0,256,21.806446776817545,-0.012845465214546437,6.649004936218262,5,256,16,12.59620189666748
transformer.h.17.mlp.c_proj,256,512,21.819993648341004,0.0007014063089130218,6.7277913093566895,5,256,16,12.787067413330078
transformer.h.17.mlp.c_proj,512,768,21.809691975712077,-0.009600266320013873,6.674310684204102,5,256,16,12.661050796508789
transformer.h.17.mlp.c_proj,768,1024,21.809152090874626,-0.010140151157465027,6.686960220336914,5,256,16,12.681282043457031
transformer.h.17.mlp.c_proj,1024,1280,21.813823710834573,-0.005468531197518445,6.811136245727539,5,256,16,12.608134269714355
transformer.h.18.attn.c_attn,0,256,21.813428600622874,-0.005863641409217024,6.8420469760894775,5,256,16,6.583352565765381
transformer.h.18.attn.c_attn,256,512,21.822770213841952,0.0034779718098612022,7.264803409576416,5,256,16,7.518186092376709
transformer.h.18.attn.c_attn,512,768,21.820245143443596,0.0009529014115052803,7.244044542312622,5,256,16,6.688604354858398
transformer.h.18.attn.c_attn,768,1024,21.81567379556045,-0.0036184464716413345,7.351806879043579,5,256,16,6.461432456970215
transformer.h.18.attn.c_attn,1024,1280,21.80981573215456,-0.009476509877529793,7.321839809417725,5,256,16,6.904204368591309
transformer.h.18.attn.c_attn,1280,1536,21.81040911913858,-0.008883122893511342,7.2691943645477295,5,256,16,7.049561500549316
transformer.h.18.attn.c_attn,1536,1792,21.81143562462684,-0.007856617405252564,7.32848048210144,5,256,16,7.966794013977051
transformer.h.18.attn.c_attn,1792,2048,21.81563634650657,-0.003655895525522368,7.249107837677002,5,256,16,7.168644905090332
transformer.h.18.attn.c_attn,2048,2304,21.81551062515298,-0.003781616879109606,7.347452402114868,5,256,16,7.180139541625977
transformer.h.18.attn.c_attn,2304,2560,21.81020483411576,-0.00908740791633278,7.192009210586548,5,256,16,7.559115409851074
transformer.h.18.attn.c_attn,2560,2816,21.824510745644815,0.005218503612724135,7.363027334213257,5,256,16,6.03145170211792
transformer.h.18.attn.c_attn,2816,3072,21.8256006556296,0.006308413597508888,7.360347747802734,5,256,16,5.266305923461914
transformer.h.18.attn.c_attn,3072,3328,21.816108625392808,-0.0031836166392835707,7.160773277282715,5,256,16,5.542990207672119
transformer.h.18.attn.c_attn,3328,3584,21.823040917777814,0.003748675745722352,7.348220348358154,5,256,16,5.6929168701171875
transformer.h.18.attn.c_attn,3584,3840,21.835304308776934,0.016012066744842457,7.290262460708618,5,256,16,5.465629577636719
transformer.h.18.attn.c_proj,0,256,21.81577247115316,-0.0035197708789311832,7.2888288497924805,5,256,16,6.695547103881836
transformer.h.18.attn.c_proj,256,512,21.818957525036055,-0.00033471699603637717,7.370936393737793,5,256,16,6.786052703857422
transformer.h.18.attn.c_proj,512,768,21.815237785558814,-0.004054456473276957,7.247381210327148,5,256,16,6.698605537414551
transformer.h.18.attn.c_proj,768,1024,21.819904169104113,0.0006119270720219561,7.366118669509888,5,256,16,6.731514930725098
transformer.h.18.attn.c_proj,1024,1280,21.826776856082173,0.007484614050081717,7.414436340332031,5,256,16,6.689741134643555
transformer.h.18.mlp.c_fc,0,256,21.81211478804506,-0.007177453987029736,7.100301504135132,5,256,16,6.371723175048828
transformer.h.18.mlp.c_fc,256,512,21.823539521294748,0.004247279262656889,7.216224908828735,5,256,16,6.425426006317139
transformer.h.18.mlp.c_fc,512,768,21.820185985351408,0.0008937433193167976,7.454956531524658,5,256,16,6.441257476806641
transformer.h.18.mlp.c_fc,768,1024,21.823876538531888,0.004584296499796636,7.309909820556641,5,256,16,6.52362060546875
transformer.h.18.mlp.c_fc,1024,1280,21.8150890329473,-0.004203209084792547,7.266692399978638,5,256,16,6.458486080169678
transformer.h.18.mlp.c_fc,1280,1536,21.820458886831894,0.001166644799802441,7.306552410125732,5,256,16,6.408387184143066
transformer.h.18.mlp.c_fc,1536,1792,21.82193850035206,0.0026462583199702294,7.307177305221558,5,256,16,6.41041374206543
transformer.h.18.mlp.c_fc,1792,2048,21.81867364386383,-0.0006185981682627073,7.304089069366455,5,256,16,6.434752464294434
transformer.h.18.mlp.c_fc,2048,2304,21.82378436744271,0.004492125410617831,7.429940700531006,5,256,16,6.44303560256958
transformer.h.18.mlp.c_fc,2304,2560,21.823728470326635,0.004436228294544264,7.17925500869751,5,256,16,6.430576324462891
transformer.h.18.mlp.c_fc,2560,2816,21.82221112644692,0.002918884414828682,7.253980398178101,5,256,16,6.331182479858398
transformer.h.18.mlp.c_fc,2816,3072,21.810872518948774,-0.00841972308331762,7.417913436889648,5,256,16,6.398736953735352
transformer.h.18.mlp.c_fc,3072,3328,21.81446921655056,-0.004823025481531573,6.984259366989136,5,256,16,6.372250556945801
transformer.h.18.mlp.c_fc,3328,3584,21.816457268285593,-0.002834973746498548,7.500433683395386,5,256,16,6.425496578216553
transformer.h.18.mlp.c_fc,3584,3840,21.819880090036577,0.000587848004485636,7.184474945068359,5,256,16,6.4413604736328125
transformer.h.18.mlp.c_fc,3840,4096,21.819953665048605,0.0006614230165133961,7.421067953109741,5,256,16,6.445250511169434
transformer.h.18.mlp.c_fc,4096,4352,21.822831014158975,0.0035387721268840266,7.2270002365112305,5,256,16,6.4017205238342285
transformer.h.18.mlp.c_fc,4352,4608,21.825512491470043,0.0062202494379519635,7.240535497665405,5,256,16,6.454843044281006
transformer.h.18.mlp.c_fc,4608,4864,21.817815334513757,-0.0014769075183345137,7.345945835113525,5,256,16,6.464037895202637
transformer.h.18.mlp.c_fc,4864,5120,21.81713718253731,-0.002155059494782563,7.2959606647491455,5,256,16,6.463955402374268
transformer.h.18.mlp.c_proj,0,256,21.806962232776232,-0.012330009255858698,6.642764091491699,5,256,16,12.981962203979492
transformer.h.18.mlp.c_proj,256,512,21.8158860080801,-0.0034062339519920215,6.720875263214111,5,256,16,13.19312572479248
transformer.h.18.mlp.c_proj,512,768,21.808910082994814,-0.01038215903727746,6.818450212478638,5,256,16,12.907142639160156
transformer.h.18.mlp.c_proj,768,1024,21.823138437426426,0.0038461953943347282,6.69554328918457,5,256,16,12.963841438293457
transformer.h.18.mlp.c_proj,1024,1280,21.82029404560572,0.001001803573629445,6.8181986808776855,5,256,16,12.913130760192871
transformer.h.19.attn.c_attn,0,256,21.82808605019663,0.008793808164540451,6.836338520050049,5,256,16,6.718936443328857
transformer.h.19.attn.c_attn,256,512,21.813789385443936,-0.00550285658815497,7.184664726257324,5,256,16,7.155375957489014
transformer.h.19.attn.c_attn,512,768,21.81905116204429,-0.00024107998780209527,7.317225694656372,5,256,16,6.875584602355957
transformer.h.19.attn.c_attn,768,1024,21.820444320108905,0.0011520780768137229,7.372637748718262,5,256,16,6.408835411071777
transformer.h.19.attn.c_attn,1024,1280,21.816651506107608,-0.0026407359244835504,7.292806148529053,5,256,16,6.738475322723389
transformer.h.19.attn.c_attn,1280,1536,21.83013556874142,0.010843326709327528,7.198843479156494,5,256,16,7.326107978820801
transformer.h.19.attn.c_attn,1536,1792,21.82059548749307,0.00130324546097782,7.399754762649536,5,256,16,7.744996547698975
transformer.h.19.attn.c_attn,1792,2048,21.815953625247957,-0.003338616784134274,7.2288196086883545,5,256,16,7.4734673500061035
transformer.h.19.attn.c_attn,2048,2304,21.81851253179438,-0.0007797102377118392,7.320391654968262,5,256,16,7.0070295333862305
transformer.h.19.attn.c_attn,2304,2560,21.81809935314258,-0.0011928888895127443,7.262892007827759,5,256,16,7.312794208526611
transformer.h.19.attn.c_attn,2560,2816,21.80995835749708,-0.009333884535010384,7.3686745166778564,5,256,16,5.473813533782959
transformer.h.19.attn.c_attn,2816,3072,21.816648533824914,-0.0026437082071772977,7.285106420516968,5,256,16,5.213305950164795
transformer.h.19.attn.c_attn,3072,3328,21.813801273019,-0.005490969013091984,7.318670272827148,5,256,16,5.495076656341553
transformer.h.19.attn.c_attn,3328,3584,21.817252212749004,-0.002040029283087108,7.153083562850952,5,256,16,5.473141670227051
transformer.h.19.attn.c_attn,3584,3840,21.81663723915441,-0.0026550028776810564,7.515276670455933,5,256,16,5.789932727813721
transformer.h.19.attn.c_proj,0,256,21.813233499949824,-0.006058742082267088,7.2645103931427,5,256,16,6.908950328826904
transformer.h.19.attn.c_proj,256,512,21.82062551299787,0.0013332709657802866,7.102576971054077,5,256,16,6.998592376708984
transformer.h.19.attn.c_proj,512,768,21.81677277558645,-0.0025194664456407168,7.376193523406982,5,256,16,6.964339733123779
transformer.h.19.attn.c_proj,768,1024,21.811699204680668,-0.0075930373514232485,7.401028633117676,5,256,16,6.981656074523926
transformer.h.19.attn.c_proj,1024,1280,21.818771589882356,-0.000520652149734957,7.279186010360718,5,256,16,6.919782638549805
transformer.h.19.mlp.c_fc,0,256,21.810680264033195,-0.008611977998896236,7.319483518600464,5,256,16,6.365857124328613
transformer.h.19.mlp.c_fc,256,512,21.818257043783913,-0.0010351982481786592,7.176293134689331,5,256,16,6.468705654144287
transformer.h.19.mlp.c_fc,512,768,21.813245238631,-0.006047003401089768,7.333331823348999,5,256,16,6.426313877105713
transformer.h.19.mlp.c_fc,768,1024,21.814901347533084,-0.004390894499007203,7.208250284194946,5,256,16,6.455845355987549
transformer.h.19.mlp.c_fc,1024,1280,21.824263958689368,0.0049717166572769145,7.214061737060547,5,256,16,6.424429416656494
transformer.h.19.mlp.c_fc,1280,1536,21.814715892747888,-0.004576349284203474,7.531824827194214,5,256,16,6.43697452545166
transformer.h.19.mlp.c_fc,1536,1792,21.819253300448,-3.894158409067927e-05,7.22716212272644,5,256,16,6.437211036682129
transformer.h.19.mlp.c_fc,1792,2048,21.824475511432823,0.00518326940073166,7.084755897521973,5,256,16,6.485708713531494
transformer.h.19.mlp.c_fc,2048,2304,21.821820026496816,0.0025277844647249026,7.331626892089844,5,256,16,6.488710403442383
transformer.h.19.mlp.c_fc,2304,2560,21.821411393253907,0.0021191512218159403,7.359411954879761,5,256,16,6.379447937011719
transformer.h.19.mlp.c_fc,2560,2816,21.831145454527256,0.011853212495164911,7.354360103607178,5,256,16,6.439042568206787
transformer.h.19.mlp.c_fc,2816,3072,21.822929276154124,0.003637034122032645,7.3722617626190186,5,256,16,6.447168827056885
transformer.h.19.mlp.c_fc,3072,3328,21.819387366804534,9.512477244300044e-05,7.05669093132019,5,256,16,6.423989772796631
transformer.h.19.mlp.c_fc,3328,3584,21.815942776765148,-0.003349465266943241,7.41384482383728,5,256,16,6.423267841339111
transformer.h.19.mlp.c_fc,3584,3840,21.815927767229347,-0.003364474802744155,7.320511817932129,5,256,16,6.434963226318359
transformer.h.19.mlp.c_fc,3840,4096,21.818288552323875,-0.0010036897082166263,7.140998363494873,5,256,16,6.404947280883789
transformer.h.19.mlp.c_fc,4096,4352,21.822729630839525,0.0034373888074341608,7.288880825042725,5,256,16,6.376526355743408
transformer.h.19.mlp.c_fc,4352,4608,21.816106544846654,-0.003185697185436709,7.296637058258057,5,256,16,6.465827465057373
transformer.h.19.mlp.c_fc,4608,4864,21.819227735781737,-6.450625035370194e-05,7.22259521484375,5,256,16,6.402597427368164
transformer.h.19.mlp.c_fc,4864,5120,21.81076911114833,-0.008523130883762775,7.3636794090271,5,256,16,6.378423690795898
transformer.h.19.mlp.c_proj,0,256,21.818256895158832,-0.0010353468732589022,6.589685678482056,5,256,16,13.108267784118652
transformer.h.19.mlp.c_proj,256,512,21.825820547218484,0.006528305186392913,6.742893695831299,5,256,16,13.21462345123291
transformer.h.19.mlp.c_proj,512,768,21.803175623802375,-0.01611661822971655,6.8630101680755615,5,256,16,13.033329963684082
transformer.h.19.mlp.c_proj,768,1024,21.813827277112022,-0.005464964920069093,6.715010643005371,5,256,16,13.13948917388916
transformer.h.19.mlp.c_proj,1024,1280,21.84081452695177,0.02152228491967989,6.820632219314575,5,256,16,13.065671920776367
transformer.h.20.attn.c_attn,0,256,21.820400322718932,0.0011080806868406512,6.965519189834595,5,256,16,7.060000896453857
transformer.h.20.attn.c_attn,256,512,21.81138599942622,-0.007906242605869807,7.224608659744263,5,256,16,6.892323970794678
transformer.h.20.attn.c_attn,512,768,21.81741866580869,-0.0018735762233994535,7.160644292831421,5,256,16,7.189587593078613
transformer.h.20.attn.c_attn,768,1024,21.816204182119044,-0.0030880599130469477,7.438577651977539,5,256,16,6.483993053436279
transformer.h.20.attn.c_attn,1024,1280,21.814456734214716,-0.004835507817375628,7.256460666656494,5,256,16,6.721390724182129
transformer.h.20.attn.c_attn,1280,1536,21.818965996939312,-0.0003262450927792315,7.249530553817749,5,256,16,7.477919578552246
transformer.h.20.attn.c_attn,1536,1792,21.818366432117898,-0.0009258099141931098,7.32898736000061,5,256,16,7.107672691345215
transformer.h.20.attn.c_attn,1792,2048,21.81485587530043,-0.004436366731660257,7.204655408859253,5,256,16,7.474409103393555
transformer.h.20.attn.c_attn,2048,2304,21.81930294354828,1.0701516188760252e-05,7.358541250228882,5,256,16,6.917552471160889
transformer.h.20.attn.c_attn,2304,2560,21.818558754784863,-0.0007334872472277709,7.274709939956665,5,256,16,7.42426872253418
transformer.h.20.attn.c_attn,2560,2816,21.81979670532285,0.0005044632907598157,7.487790822982788,5,256,16,5.739473819732666
transformer.h.20.attn.c_attn,2816,3072,21.82335488503277,0.0040626430006796,7.107597589492798,5,256,16,5.547678470611572
transformer.h.20.attn.c_attn,3072,3328,21.814824668921105,-0.004467573110986223,7.198009490966797,5,256,16,5.590528964996338
transformer.h.20.attn.c_attn,3328,3584,21.818602153951876,-0.000690088080215645,7.322332859039307,5,256,16,5.7532453536987305
transformer.h.20.attn.c_attn,3584,3840,21.819533324683597,0.00024108265150601937,7.494413614273071,5,256,16,5.984857082366943
transformer.h.20.attn.c_proj,0,256,21.819790016723246,0.000497774691154973,7.086329460144043,5,256,16,6.886945724487305
transformer.h.20.attn.c_proj,256,512,21.813347618029617,-0.005944624002474086,7.338865041732788,5,256,16,6.942167282104492
transformer.h.20.attn.c_proj,512,768,21.826425372021667,0.007133129989576048,7.2545692920684814,5,256,16,6.878821849822998
transformer.h.20.attn.c_proj,768,1024,21.81420723759533,-0.005085004436761409,7.317911386489868,5,256,16,6.919483661651611
transformer.h.20.attn.c_proj,1024,1280,21.817092002878443,-0.002200239153648198,7.390206813812256,5,256,16,6.867619514465332
transformer.h.20.mlp.c_fc,0,256,21.8171559083444,-0.00213633368769095,7.122103452682495,5,256,16,6.447446346282959
transformer.h.20.mlp.c_fc,256,512,21.814070974118824,-0.005221267913267269,7.31673789024353,5,256,16,6.442593097686768
transformer.h.20.mlp.c_fc,512,768,21.83060459249521,0.011312350463118293,7.255171537399292,5,256,16,6.404929161071777
transformer.h.20.mlp.c_fc,768,1024,21.82122915332188,0.0019369112897891227,7.3969972133636475,5,256,16,6.378719806671143
transformer.h.20.mlp.c_fc,1024,1280,21.816161976608257,-0.003130265423834544,7.29681658744812,5,256,16,6.452960014343262
transformer.h.20.mlp.c_fc,1280,1536,21.820257331814176,0.0009650897820847604,7.171107530593872,5,256,16,6.481031894683838
transformer.h.20.mlp.c_fc,1536,1792,21.819135435695273,-0.0001568063368182493,7.3956193923950195,5,256,16,6.398256301879883
transformer.h.20.mlp.c_fc,1792,2048,21.822274898255092,0.002982656223000646,7.345183610916138,5,256,16,6.427989482879639
transformer.h.20.mlp.c_fc,2048,2304,21.815708866954925,-0.0035833750771665507,7.357286214828491,5,256,16,6.431964874267578
transformer.h.20.mlp.c_fc,2304,2560,21.820546138733345,0.0012538967012538649,7.122239351272583,5,256,16,6.390011787414551
transformer.h.20.mlp.c_fc,2560,2816,21.821679999256393,0.002387757224301623,7.357211112976074,5,256,16,6.378039836883545
transformer.h.20.mlp.c_fc,2816,3072,21.823589025485628,0.00429678345353679,7.292762756347656,5,256,16,6.395355701446533
transformer.h.20.mlp.c_fc,3072,3328,21.815247890668115,-0.004044351363976517,7.310747385025024,5,256,16,6.448394775390625
transformer.h.20.mlp.c_fc,3328,3584,21.826477410336942,0.00718516830485072,7.201785564422607,5,256,16,6.3727126121521
transformer.h.20.mlp.c_fc,3584,3840,21.819865523699974,0.0005732816678829522,7.435767889022827,5,256,16,6.403860092163086
transformer.h.20.mlp.c_fc,3840,4096,21.817357434714076,-0.0019348073180154302,7.256057977676392,5,256,16,6.40010929107666
transformer.h.20.mlp.c_fc,4096,4352,21.81563768397167,-0.0036545580604219197,7.204071760177612,5,256,16,6.3834686279296875
transformer.h.20.mlp.c_fc,4352,4608,21.823977927179605,0.004685685147514107,7.492306470870972,5,256,16,6.434475898742676
transformer.h.20.mlp.c_fc,4608,4864,21.81759567219666,-0.0016965698354312053,7.125136137008667,5,256,16,6.439311981201172
transformer.h.20.mlp.c_fc,4864,5120,21.82102848305297,0.0017362410208789925,7.447758913040161,5,256,16,6.41888952255249
transformer.h.20.mlp.c_proj,0,256,21.823268959833182,0.003976717801091212,6.695712327957153,5,256,16,13.472362518310547
transformer.h.20.mlp.c_proj,256,512,21.82834998015618,0.009057738124088388,6.752501010894775,5,256,16,13.57613754272461
transformer.h.20.mlp.c_proj,512,768,21.808533928748364,-0.010758313283727006,6.628380060195923,5,256,16,13.416574478149414
transformer.h.20.mlp.c_proj,768,1024,21.81936447736827,7.223533618017086e-05,6.808534383773804,5,256,16,13.52314567565918
transformer.h.20.mlp.c_proj,1024,1280,21.820666092087333,0.0013738500552413768,6.762174606323242,5,256,16,13.43173885345459
transformer.h.21.attn.c_attn,0,256,21.817646054630096,-0.0016461874019952916,6.93593168258667,5,256,16,6.535155773162842
transformer.h.21.attn.c_attn,256,512,21.817532211303014,-0.0017600307290770445,7.394415378570557,5,256,16,6.624582767486572
transformer.h.21.attn.c_attn,512,768,21.82930045183504,0.010008209802947476,7.148375034332275,5,256,16,7.146717548370361
transformer.h.21.attn.c_attn,768,1024,21.81793423249559,-0.001358009536502891,7.271732330322266,5,256,16,7.079642295837402
transformer.h.21.attn.c_attn,1024,1280,21.817363825330002,-0.0019284167020892085,7.295693397521973,5,256,16,6.8887939453125
transformer.h.21.attn.c_attn,1280,1536,21.82490219115984,0.0056099491277485924,7.310109376907349,5,256,16,7.166585922241211
transformer.h.21.attn.c_attn,1536,1792,21.813949273870843,-0.005342968161247796,7.448644161224365,5,256,16,6.764462471008301
transformer.h.21.attn.c_attn,1792,2048,21.82564629893475,0.006354056902658556,7.193568229675293,5,256,16,7.543341159820557
transformer.h.21.attn.c_attn,2048,2304,21.81460919752021,-0.004683044511882173,7.257785320281982,5,256,16,7.762046813964844
transformer.h.21.attn.c_attn,2304,2560,21.815733387243025,-0.003558854789066146,7.3396546840667725,5,256,16,7.428682327270508
transformer.h.21.attn.c_attn,2560,2816,21.817383443046374,-0.0019087989857169418,7.4497597217559814,5,256,16,5.452740669250488
transformer.h.21.attn.c_attn,2816,3072,21.817710110340297,-0.0015821316917943307,7.072786569595337,5,256,16,6.104678630828857
transformer.h.21.attn.c_attn,3072,3328,21.819289863918087,-2.378114004386589e-06,7.274137496948242,5,256,16,5.370944023132324
transformer.h.21.attn.c_attn,3328,3584,21.80343880699003,-0.015853435042060937,7.414169788360596,5,256,16,5.555671215057373
transformer.h.21.attn.c_attn,3584,3840,21.819633801346974,0.00034155931488299984,7.33838152885437,5,256,16,5.712794780731201
transformer.h.21.attn.c_proj,0,256,21.81641803453606,-0.002874207496031289,7.13380241394043,5,256,16,6.721188068389893
transformer.h.21.attn.c_proj,256,512,21.811339940209304,-0.007952301822786723,7.366660833358765,5,256,16,6.798366546630859
transformer.h.21.attn.c_proj,512,768,21.80735871136991,-0.011933530662179948,7.26950478553772,5,256,16,6.679895401000977
transformer.h.21.attn.c_proj,768,1024,21.8170016438414,-0.0022905981906902184,7.341513156890869,5,256,16,6.741535186767578
transformer.h.21.attn.c_proj,1024,1280,21.815678402392955,-0.003613839639136529,7.220139503479004,5,256,16,6.662147521972656
transformer.h.21.mlp.c_fc,0,256,21.82873138317218,0.00943914114008848,7.381680488586426,5,256,16,6.375089645385742
transformer.h.21.mlp.c_fc,256,512,21.811257182441366,-0.008035059590724813,7.228806734085083,5,256,16,6.396554470062256
transformer.h.21.mlp.c_fc,512,768,21.816166286322158,-0.003125955709933237,7.2804834842681885,5,256,16,6.433316707611084
transformer.h.21.mlp.c_fc,768,1024,21.808715171295752,-0.010577070736339067,7.291433572769165,5,256,16,6.453400611877441
transformer.h.21.mlp.c_fc,1024,1280,21.821606418423304,0.0023141763912128965,7.36866569519043,5,256,16,6.428892612457275
transformer.h.21.mlp.c_fc,1280,1536,21.819972987820172,0.000680745788081083,7.209952354431152,5,256,16,6.401923179626465
transformer.h.21.mlp.c_fc,1536,1792,21.821787323663855,0.002495081631764151,7.414592981338501,5,256,16,6.4524970054626465
transformer.h.21.mlp.c_fc,1792,2048,21.820206794712284,0.0009145526801930259,7.229239225387573,5,256,16,6.348418712615967
transformer.h.21.mlp.c_fc,2048,2304,21.818139927534233,-0.0011523144978582422,7.2968363761901855,5,256,16,6.399075984954834
transformer.h.21.mlp.c_fc,2304,2560,21.81501250227859,-0.004279739753499712,7.199054479598999,5,256,16,6.394105911254883
transformer.h.21.mlp.c_fc,2560,2816,21.816706642024833,-0.0025856000072579377,7.4148640632629395,5,256,16,6.388611316680908
transformer.h.21.mlp.c_fc,2816,3072,21.821318340700405,0.002026098668313381,7.132706165313721,5,256,16,6.408878326416016
transformer.h.21.mlp.c_fc,3072,3328,21.81697489288249,-0.002317349149599579,7.340270519256592,5,256,16,6.41935920715332
transformer.h.21.mlp.c_fc,3328,3584,21.82365681519044,0.004364573158348151,7.485539436340332,5,256,16,6.43641996383667
transformer.h.21.mlp.c_fc,3584,3840,21.813096945375953,-0.0061952966561378275,7.153011083602905,5,256,16,6.451683521270752
transformer.h.21.mlp.c_fc,3840,4096,21.81976801867682,0.00047577664473053005,7.317988634109497,5,256,16,6.385828495025635
transformer.h.21.mlp.c_fc,4096,4352,21.822617544843954,0.00332530281186294,7.305772542953491,5,256,16,6.415889739990234
transformer.h.21.mlp.c_fc,4352,4608,21.81579565403787,-0.00349658799422059,7.2824530601501465,5,256,16,6.391810417175293
transformer.h.21.mlp.c_fc,4608,4864,21.82493073588526,0.00563849385316928,7.3861212730407715,5,256,16,6.427268981933594
transformer.h.21.mlp.c_fc,4864,5120,21.82424626744253,0.004954025410437879,7.153833389282227,5,256,16,6.420766353607178
transformer.h.21.mlp.c_proj,0,256,21.82751136304271,0.008219121010618835,6.75537371635437,5,256,16,13.686775207519531
transformer.h.21.mlp.c_proj,256,512,21.822044042220288,0.0027518001881965404,6.663741827011108,5,256,16,13.810527801513672
transformer.h.21.mlp.c_proj,512,768,21.831147239081847,0.011854997049756122,6.877623796463013,5,256,16,13.631572723388672
transformer.h.21.mlp.c_proj,768,1024,21.81496896164904,-0.004323280383051298,6.889144659042358,5,256,16,13.72807502746582
transformer.h.21.mlp.c_proj,1024,1280,21.822158355044955,0.002866113012863991,6.758086681365967,5,256,16,13.634406089782715
transformer.h.22.attn.c_attn,0,256,21.817997843181914,-0.0012943988501774584,6.924210071563721,5,256,16,6.511454105377197
transformer.h.22.attn.c_attn,256,512,21.827552847067967,0.008260605035875557,7.309349536895752,5,256,16,6.510764122009277
transformer.h.22.attn.c_attn,512,768,21.819935828659265,0.0006435866271736757,7.259423494338989,5,256,16,6.7128095626831055
transformer.h.22.attn.c_attn,768,1024,21.81804138985683,-0.0012508521752607749,7.338240146636963,5,256,16,6.937488555908203
transformer.h.22.attn.c_attn,1024,1280,21.821950392368034,0.002658150335943077,7.244544744491577,5,256,16,6.926568508148193
transformer.h.22.attn.c_attn,1280,1536,21.816648831053165,-0.002643410978926397,7.3899595737457275,5,256,16,7.171103477478027
transformer.h.22.attn.c_attn,1536,1792,21.814858401533098,-0.004433840498993646,7.190793514251709,5,256,16,6.58074951171875
transformer.h.22.attn.c_attn,1792,2048,21.816210572397157,-0.003081669634934059,7.259688854217529,5,256,16,7.558449745178223
transformer.h.22.attn.c_attn,2048,2304,21.826319660283225,0.0070274182511340655,7.365966320037842,5,256,16,7.460391521453857
transformer.h.22.attn.c_attn,2304,2560,21.814560605298393,-0.004731636733698252,7.408843755722046,5,256,16,7.420818328857422
transformer.h.22.attn.c_attn,2560,2816,21.82383595347208,0.004543711439989551,7.1477086544036865,5,256,16,5.757754325866699
transformer.h.22.attn.c_attn,2816,3072,21.821290989865574,0.001998747833482639,7.307382345199585,5,256,16,5.520776271820068
transformer.h.22.attn.c_attn,3072,3328,21.811243959056917,-0.008048282975174459,7.14930534362793,5,256,16,5.236730098724365
transformer.h.22.attn.c_attn,3328,3584,21.81141942956393,-0.007872812468161072,7.325003147125244,5,256,16,5.966466426849365
transformer.h.22.attn.c_attn,3584,3840,21.820107801787177,0.0008155597550860705,7.244862079620361,5,256,16,5.8473405838012695
transformer.h.22.attn.c_proj,0,256,21.81075321372823,-0.008539028303861329,7.319760322570801,5,256,16,7.130675315856934
transformer.h.22.attn.c_proj,256,512,21.8095766882294,-0.009715553802692511,7.465118408203125,5,256,16,7.144275188446045
transformer.h.22.attn.c_proj,512,768,21.831757565308305,0.012465323276213525,7.177822828292847,5,256,16,6.950068950653076
transformer.h.22.attn.c_proj,768,1024,21.820815031370174,0.0015227893380824753,7.210301399230957,5,256,16,7.068753242492676
transformer.h.22.attn.c_proj,1024,1280,21.818129077964237,-0.0011631640678544386,7.4919116497039795,5,256,16,6.999099254608154
transformer.h.22.mlp.c_fc,0,256,21.81379012841719,-0.005502113614902271,7.0375494956970215,5,256,16,6.408121109008789
transformer.h.22.mlp.c_fc,256,512,21.818757024285755,-0.0005352177463358032,7.3821728229522705,5,256,16,6.428551197052002
transformer.h.22.mlp.c_fc,512,768,21.822245167785205,0.0029529257531137887,7.261216163635254,5,256,16,6.385801792144775
transformer.h.22.mlp.c_fc,768,1024,21.82260862555869,0.0033163835265987984,7.3829474449157715,5,256,16,6.411807060241699
transformer.h.22.mlp.c_fc,1024,1280,21.816350415928795,-0.0029418261032958526,7.240490913391113,5,256,16,6.4258832931518555
transformer.h.22.mlp.c_fc,1280,1536,21.809485320360917,-0.009806921671174251,7.348259210586548,5,256,16,6.447982311248779
transformer.h.22.mlp.c_fc,1536,1792,21.817038649388625,-0.0022535926434663622,7.353485107421875,5,256,16,6.399020671844482
transformer.h.22.mlp.c_fc,1792,2048,21.827458727511242,0.00816648547915122,7.360199928283691,5,256,16,6.411064624786377
transformer.h.22.mlp.c_fc,2048,2304,21.809399895464278,-0.009892346567813348,7.269501447677612,5,256,16,6.451378345489502
transformer.h.22.mlp.c_fc,2304,2560,21.81578213068546,-0.003510111346631817,7.199270248413086,5,256,16,6.408085823059082
transformer.h.22.mlp.c_fc,2560,2816,21.816028078679608,-0.0032641633524832514,7.312755584716797,5,256,16,6.430080890655518
transformer.h.22.mlp.c_fc,2816,3072,21.82161028326897,0.002318041236879509,7.370883226394653,5,256,16,6.399356842041016
transformer.h.22.mlp.c_fc,3072,3328,21.8123508880919,-0.00694135394019213,7.143356800079346,5,256,16,6.435783386230469
transformer.h.22.mlp.c_fc,3328,3584,21.818608990814823,-0.0006832512172678662,7.330268621444702,5,256,16,6.392308712005615
transformer.h.22.mlp.c_fc,3584,3840,21.820954161199463,0.0016619191673719058,7.323767185211182,5,256,16,6.3954010009765625
transformer.h.22.mlp.c_fc,3840,4096,21.813842582392688,-0.005449659639403137,7.192101001739502,5,256,16,6.446926593780518
transformer.h.22.mlp.c_fc,4096,4352,21.8192198583034,-7.238372869267096e-05,7.346673965454102,5,256,16,6.42743444442749
transformer.h.22.mlp.c_fc,4352,4608,21.816316235174103,-0.002976006857988267,7.31868052482605,5,256,16,6.3690595626831055
transformer.h.22.mlp.c_fc,4608,4864,21.81609747961218,-0.003194762419912678,7.264892339706421,5,256,16,6.436376571655273
transformer.h.22.mlp.c_fc,4864,5120,21.82204731253985,0.002755070507760138,7.364739656448364,5,256,16,6.40587854385376
transformer.h.22.mlp.c_proj,0,256,21.824613623922676,0.005321381890585286,6.790701389312744,5,256,16,14.076531410217285
transformer.h.22.mlp.c_proj,256,512,21.813340634223728,-0.005951607808363235,6.7752110958099365,5,256,16,14.14520263671875
transformer.h.22.mlp.c_proj,512,768,21.835338965505553,0.01604672347346181,6.794587850570679,5,256,16,13.95354175567627
transformer.h.22.mlp.c_proj,768,1024,21.800183994900827,-0.019108247131264022,6.6950695514678955,5,256,16,14.081729888916016
transformer.h.22.mlp.c_proj,1024,1280,21.82360240501595,0.004310162983859556,6.700118780136108,5,256,16,13.990527153015137
transformer.h.23.attn.c_attn,0,256,21.79942352958504,-0.019868712447049575,6.933964490890503,5,256,16,6.627957344055176
transformer.h.23.attn.c_attn,256,512,21.820653903488427,0.001361661456336094,7.358462333679199,5,256,16,6.893030643463135
transformer.h.23.attn.c_attn,512,768,21.813558321990524,-0.005733920041567586,7.38316798210144,5,256,16,7.282284736633301
transformer.h.23.attn.c_attn,768,1024,21.809144514159946,-0.010147727872144685,7.249149560928345,5,256,16,7.184027194976807
transformer.h.23.attn.c_attn,1024,1280,21.817414801705404,-0.0018774403266874629,7.231576919555664,5,256,16,6.6400580406188965
transformer.h.23.attn.c_attn,1280,1536,21.83707276459137,0.017780522559277756,7.361976146697998,5,256,16,6.703982353210449
transformer.h.23.attn.c_attn,1536,1792,21.818666955608496,-0.0006252864235953837,7.440366506576538,5,256,16,7.566215515136719
transformer.h.23.attn.c_attn,1792,2048,21.81625426411629,-0.0030379779158025144,7.095107793807983,5,256,16,7.8859782218933105
transformer.h.23.attn.c_attn,2048,2304,21.81481084896738,-0.004481393064711625,7.352253675460815,5,256,16,7.820687770843506
transformer.h.23.attn.c_attn,2304,2560,21.821370664132136,0.002078422100044719,7.176377296447754,5,256,16,7.49428653717041
transformer.h.23.attn.c_attn,2560,2816,21.8135669403905,-0.005725301641589908,7.276615381240845,5,256,16,5.74767541885376
transformer.h.23.attn.c_attn,2816,3072,21.812837954664023,-0.006454287368068634,7.404840707778931,5,256,16,6.1276679039001465
transformer.h.23.attn.c_attn,3072,3328,21.818010178920595,-0.0012820631114962566,7.185944318771362,5,256,16,5.284980297088623
transformer.h.23.attn.c_attn,3328,3584,21.824109197932003,0.004816955899912045,7.392102479934692,5,256,16,5.903031826019287
transformer.h.23.attn.c_attn,3584,3840,21.823516032859086,0.0042237908269946445,7.381738901138306,5,256,16,5.51216983795166
transformer.h.23.attn.c_proj,0,256,21.824274067979715,0.004981825947623975,7.153364896774292,5,256,16,6.8248491287231445
transformer.h.23.attn.c_proj,256,512,21.82247112037218,0.003178878340090563,7.40487813949585,5,256,16,6.833087921142578
transformer.h.23.attn.c_proj,512,768,21.8167646017646,-0.0025276402674911935,7.265380620956421,5,256,16,6.6992950439453125
transformer.h.23.attn.c_proj,768,1024,21.814117930684187,-0.005174311347904137,7.230635404586792,5,256,16,6.8093953132629395
transformer.h.23.attn.c_proj,1024,1280,21.810767922555762,-0.008524319476329367,7.3173863887786865,5,256,16,6.742715358734131
transformer.h.23.mlp.c_fc,0,256,21.816303305946064,-0.0029889360860266834,7.320193529129028,5,256,16,6.400264739990234
transformer.h.23.mlp.c_fc,256,512,21.816816022585716,-0.0024762194463754383,7.271621942520142,5,256,16,6.435961723327637
transformer.h.23.mlp.c_fc,512,768,21.81653529015625,-0.0027569518758419065,7.240390300750732,5,256,16,6.401522159576416
transformer.h.23.mlp.c_fc,768,1024,21.814582895294965,-0.0047093467371261966,7.410629510879517,5,256,16,6.44899320602417
transformer.h.23.mlp.c_fc,1024,1280,21.81278282852387,-0.00650941350822265,7.159099578857422,5,256,16,6.399522304534912
transformer.h.23.mlp.c_fc,1280,1536,21.815401548348078,-0.003890693684013513,7.244855165481567,5,256,16,6.4565324783325195
transformer.h.23.mlp.c_fc,1536,1792,21.819916208647843,0.0006239666157519252,7.292850971221924,5,256,16,6.427763938903809
transformer.h.23.mlp.c_fc,1792,2048,21.820810869380406,0.0015186273483145385,7.364577293395996,5,256,16,6.393780708312988
transformer.h.23.mlp.c_fc,2048,2304,21.817898563032998,-0.001393678999093595,7.2749950885772705,5,256,16,6.433881759643555
transformer.h.23.mlp.c_fc,2304,2560,21.8165364790631,-0.002755762968991604,7.45253586769104,5,256,16,6.422273635864258
transformer.h.23.mlp.c_fc,2560,2816,21.814235173942112,-0.005057068089978856,7.2024245262146,5,256,16,6.446691989898682
transformer.h.23.mlp.c_fc,2816,3072,21.82268057456373,0.003388332531638838,7.217661142349243,5,256,16,6.381110191345215
transformer.h.23.mlp.c_fc,3072,3328,21.813127852103463,-0.006164389928628111,7.295519590377808,5,256,16,6.4570631980896
transformer.h.23.mlp.c_fc,3328,3584,21.819101101946323,-0.00019114008576792685,7.278174161911011,5,256,16,6.383350849151611
transformer.h.23.mlp.c_fc,3584,3840,21.819210048617375,-8.219341471615849e-05,7.335519790649414,5,256,16,6.426876544952393
transformer.h.23.mlp.c_fc,3840,4096,21.81193530022912,-0.007356941802971306,7.290028095245361,5,256,16,6.3760199546813965
transformer.h.23.mlp.c_fc,4096,4352,21.815857475184227,-0.0034347668478638127,7.199063301086426,5,256,16,6.370419979095459
transformer.h.23.mlp.c_fc,4352,4608,21.817643230832818,-0.001649011199273076,7.33586049079895,5,256,16,6.4405837059021
transformer.h.23.mlp.c_fc,4608,4864,21.816997779811977,-0.0022944622201137577,7.195211887359619,5,256,16,6.439489841461182
transformer.h.23.mlp.c_fc,4864,5120,21.81738641542919,-0.0019058266029006177,7.275715351104736,5,256,16,6.452645778656006
transformer.h.23.mlp.c_proj,0,256,21.813192786091896,-0.006099455940194787,6.855488061904907,5,256,16,14.304058074951172
transformer.h.23.mlp.c_proj,256,512,21.806868350552936,-0.012423891479155458,6.8791749477386475,5,256,16,14.359350204467773
transformer.h.23.mlp.c_proj,512,768,21.82867606816956,0.009383826137469242,6.749097585678101,5,256,16,14.154997825622559
transformer.h.23.mlp.c_proj,768,1024,21.806935642675125,-0.012356599356966314,6.723972320556641,5,256,16,14.314201354980469
transformer.h.23.mlp.c_proj,1024,1280,21.8076400684801,-0.01165217355199033,6.940929889678955,5,256,16,14.20516300201416
transformer.h.24.attn.c_attn,0,256,21.818090881575824,-0.0012013604562675084,6.906817436218262,5,256,16,6.846417427062988
transformer.h.24.attn.c_attn,256,512,21.81876073999825,-0.0005315020338407805,7.192862272262573,5,256,16,6.7125043869018555
transformer.h.24.attn.c_attn,512,768,21.821581891534077,0.0022896495019857355,7.4472596645355225,5,256,16,6.970065116882324
transformer.h.24.attn.c_attn,768,1024,21.793265198332737,-0.02602704369935438,7.105095386505127,5,256,16,7.020861625671387
transformer.h.24.attn.c_attn,1024,1280,21.825779809867146,0.00648756783505533,7.473556995391846,5,256,16,6.651580333709717
transformer.h.24.attn.c_attn,1280,1536,21.820116720050315,0.0008244780182238287,7.244616746902466,5,256,16,7.469849109649658
transformer.h.24.attn.c_attn,1536,1792,21.820233846911098,0.000941604879006519,7.318737745285034,5,256,16,7.371696472167969
transformer.h.24.attn.c_attn,1792,2048,21.818138144042905,-0.001154097989186198,7.290942668914795,5,256,16,7.422194004058838
transformer.h.24.attn.c_attn,2048,2304,21.824673834700437,0.005381592668346258,7.199125051498413,5,256,16,7.455593109130859
transformer.h.24.attn.c_attn,2304,2560,21.821425068742496,0.0021328267104046006,7.22168231010437,5,256,16,7.0621466636657715
transformer.h.24.attn.c_attn,2560,2816,21.813166782755246,-0.006125459276844936,7.470546245574951,5,256,16,5.7175726890563965
transformer.h.24.attn.c_attn,2816,3072,21.824723787471772,0.005431545439680718,7.204041242599487,5,256,16,5.317744255065918
transformer.h.24.attn.c_attn,3072,3328,21.81747499262272,-0.0018172494093704472,7.216839551925659,5,256,16,6.0407562255859375
transformer.h.24.attn.c_attn,3328,3584,21.800201369638046,-0.019090872394045277,7.40162467956543,5,256,16,5.872959613800049
transformer.h.24.attn.c_attn,3584,3840,21.813828317276382,-0.005463924755709115,7.3150856494903564,5,256,16,6.1369853019714355
transformer.h.24.attn.c_proj,0,256,21.811138023693303,-0.008154218338788155,7.278817415237427,5,256,16,6.837930202484131
transformer.h.24.attn.c_proj,256,512,21.81789350986385,-0.0013987321682407128,7.277876853942871,5,256,16,6.943116188049316
transformer.h.24.attn.c_proj,512,768,21.813925944352636,-0.005366297679454846,7.127763032913208,5,256,16,6.741414546966553
transformer.h.24.attn.c_proj,768,1024,21.818222562792307,-0.0010696792397837385,7.410239219665527,5,256,16,6.832047462463379
transformer.h.24.attn.c_proj,1024,1280,21.8167879343187,-0.00250430771339083,7.216102838516235,5,256,16,6.7365217208862305
transformer.h.24.mlp.c_fc,0,256,21.814132938974808,-0.005159303057283182,7.313684940338135,5,256,16,6.445209503173828
transformer.h.24.mlp.c_fc,256,512,21.820761817417868,0.0014695753857765226,7.304718255996704,5,256,16,6.435136795043945
transformer.h.24.mlp.c_fc,512,768,21.82051537013543,0.0012231281033372454,7.1970391273498535,5,256,16,6.418409824371338
transformer.h.24.mlp.c_fc,768,1024,21.821703337067394,0.0024110950353026794,7.384814739227295,5,256,16,6.392866134643555
transformer.h.24.mlp.c_fc,1024,1280,21.813278671618356,-0.006013570413735181,7.31086802482605,5,256,16,6.472951889038086
transformer.h.24.mlp.c_fc,1280,1536,21.81696820514789,-0.0023240368842003534,7.184279918670654,5,256,16,6.4698896408081055
transformer.h.24.mlp.c_fc,1536,1792,21.820210362033283,0.0009181200011916246,7.398859739303589,5,256,16,6.439995288848877
transformer.h.24.mlp.c_fc,1792,2048,21.81907241621481,-0.00021982581728252626,7.329212188720703,5,256,16,6.4313154220581055
transformer.h.24.mlp.c_fc,2048,2304,21.817563867416577,-0.0017283746155136726,7.151391267776489,5,256,16,6.412269115447998
transformer.h.24.mlp.c_fc,2304,2560,21.821971054761196,0.0026788127291048625,7.374085187911987,5,256,16,6.42683744430542
transformer.h.24.mlp.c_fc,2560,2816,21.819337426247284,4.518421519250637e-05,7.250055551528931,5,256,16,6.41060209274292
transformer.h.24.mlp.c_fc,2816,3072,21.82172340463185,0.0024311625997590625,7.264834880828857,5,256,16,6.452396869659424
transformer.h.24.mlp.c_fc,3072,3328,21.817429515025417,-0.0018627270066744472,7.390072584152222,5,256,16,6.39007568359375
transformer.h.24.mlp.c_fc,3328,3584,21.816060624271458,-0.0032316177606332985,7.208514451980591,5,256,16,6.393506050109863
transformer.h.24.mlp.c_fc,3584,3840,21.81471351513267,-0.004578726899421071,7.308171033859253,5,256,16,6.4239325523376465
transformer.h.24.mlp.c_fc,3840,4096,21.818196702084368,-0.0010955399477232675,7.282764673233032,5,256,16,6.4658522605896
transformer.h.24.mlp.c_fc,4096,4352,21.81772393213074,-0.0015683099013514834,7.225631952285767,5,256,16,6.429092884063721
transformer.h.24.mlp.c_fc,4352,4608,21.818200269076748,-0.0010919729553435786,7.264003038406372,5,256,16,6.423214435577393
transformer.h.24.mlp.c_fc,4608,4864,21.81411971384689,-0.0051725281852021965,7.396778345108032,5,256,16,6.40377140045166
transformer.h.24.mlp.c_fc,4864,5120,21.819094264929173,-0.00019797710291769022,7.246108293533325,5,256,16,6.42789363861084
transformer.h.24.mlp.c_proj,0,256,21.826632039205812,0.007339797173720797,6.718295574188232,5,256,16,14.565216064453125
transformer.h.24.mlp.c_proj,256,512,21.814824966124508,-0.0044672759075830015,6.7411415576934814,5,256,16,14.609378814697266
transformer.h.24.mlp.c_proj,512,768,21.81155107051544,-0.007741171516652656,6.860149145126343,5,256,16,14.431726455688477
transformer.h.24.mlp.c_proj,768,1024,21.80708582518014,-0.012206416851952895,6.754652738571167,5,256,16,14.559404373168945
transformer.h.24.mlp.c_proj,1024,1280,21.81638028698001,-0.0029119550520810833,6.699892997741699,5,256,16,14.470460891723633
transformer.h.25.attn.c_attn,0,256,21.815088735740296,-0.0042035062917946675,6.968238592147827,5,256,16,6.710591793060303
transformer.h.25.attn.c_attn,256,512,21.817770599315853,-0.001521642716237892,7.396955728530884,5,256,16,6.710269927978516
transformer.h.25.attn.c_attn,512,768,21.818288552323875,-0.0010036897082166263,7.264693260192871,5,256,16,7.005115509033203
transformer.h.25.attn.c_attn,768,1024,21.817189347325595,-0.002102894706496272,7.250761032104492,5,256,16,6.755424499511719
transformer.h.25.attn.c_attn,1024,1280,21.818747957949927,-0.0005442840821636707,7.363785743713379,5,256,16,7.02147102355957
transformer.h.25.attn.c_attn,1280,1536,21.81750397349398,-0.0017882685381103158,7.27745795249939,5,256,16,7.061482906341553
transformer.h.25.attn.c_attn,1536,1792,21.8480375899823,0.028745347950209776,7.308451414108276,5,256,16,7.060107231140137
transformer.h.25.attn.c_attn,1792,2048,21.804472410978782,-0.014819831053308974,7.297348976135254,5,256,16,7.227986812591553
transformer.h.25.attn.c_attn,2048,2304,21.81824307303075,-0.0010491690013409993,7.316758394241333,5,256,16,7.095759868621826
transformer.h.25.attn.c_attn,2304,2560,21.81746027927204,-0.0018319627600504873,7.322194576263428,5,256,16,7.286984443664551
transformer.h.25.attn.c_attn,2560,2816,21.814476943714425,-0.004815298317666361,7.324587821960449,5,256,16,6.064009189605713
transformer.h.25.attn.c_attn,2816,3072,21.814363859916384,-0.004928382115707564,7.343766450881958,5,256,16,6.303740978240967
transformer.h.25.attn.c_attn,3072,3328,21.81943715884296,0.00014491681086781227,7.231091022491455,5,256,16,6.052584171295166
transformer.h.25.attn.c_attn,3328,3584,21.817134210188456,-0.0021580318436349444,7.275155782699585,5,256,16,5.886199951171875
transformer.h.25.attn.c_attn,3584,3840,21.817706692049388,-0.001585549982703327,7.184567213058472,5,256,16,6.09260368347168
transformer.h.25.attn.c_proj,0,256,21.817904062071346,-0.0013881799607453615,7.36347222328186,5,256,16,6.862844467163086
transformer.h.25.attn.c_proj,256,512,21.81082066641284,-0.00847157561925016,7.210808277130127,5,256,16,6.972328186035156
transformer.h.25.attn.c_proj,512,768,21.814810551764168,-0.004481690267923,7.379086494445801,5,256,16,6.744454383850098
transformer.h.25.attn.c_proj,768,1024,21.82237315774621,0.003080915714118504,7.372385025024414,5,256,16,6.839831352233887
transformer.h.25.attn.c_proj,1024,1280,21.818018055962188,-0.0012741860699030383,7.318092584609985,5,256,16,6.75559663772583
transformer.h.25.mlp.c_fc,0,256,21.813523848424662,-0.00576839360742909,7.1319825649261475,5,256,16,6.486288070678711
transformer.h.25.mlp.c_fc,256,512,21.818940283979934,-0.000351958052156931,7.26064920425415,5,256,16,6.399930000305176
transformer.h.25.mlp.c_fc,512,768,21.816746024908166,-0.0025462171239247766,7.219125747680664,5,256,16,6.430177688598633
transformer.h.25.mlp.c_fc,768,1024,21.822206518234907,0.002914276202815813,7.4534924030303955,5,256,16,6.405786514282227
transformer.h.25.mlp.c_fc,1024,1280,21.81839452241717,-0.0008977196149224653,7.3254172801971436,5,256,16,6.443751811981201
transformer.h.25.mlp.c_fc,1280,1536,21.817572338778703,-0.001719903253388111,7.066795587539673,5,256,16,6.44221305847168
transformer.h.25.mlp.c_fc,1536,1792,21.816137010006507,-0.003155232025584098,7.372929096221924,5,256,16,6.451637268066406
transformer.h.25.mlp.c_fc,1792,2048,21.819658771950476,0.0003665299183843729,7.309942245483398,5,256,16,6.431783199310303
transformer.h.25.mlp.c_fc,2048,2304,21.82221588331197,0.0029236412798780975,7.327608346939087,5,256,16,6.427674770355225
transformer.h.25.mlp.c_fc,2304,2560,21.816200466841927,-0.0030917751901640145,7.222263336181641,5,256,16,6.380757808685303
transformer.h.25.mlp.c_fc,2560,2816,21.81868910117289,-0.0006031408592015453,7.238714933395386,5,256,16,6.447566986083984
transformer.h.25.mlp.c_fc,2816,3072,21.82002203800946,0.0007297959773673313,7.155137062072754,5,256,16,6.422799110412598
transformer.h.25.mlp.c_fc,3072,3328,21.825359803287462,0.00606756125537089,7.2829248905181885,5,256,16,6.495234966278076
transformer.h.25.mlp.c_fc,3328,3584,21.818533636813253,-0.000758605218837971,7.457085609436035,5,256,16,6.480116367340088
transformer.h.25.mlp.c_fc,3584,3840,21.81851476119682,-0.0007774808352714047,7.2119128704071045,5,256,16,6.446636199951172
transformer.h.25.mlp.c_fc,3840,4096,21.809890610343093,-0.009401631688998435,7.327959060668945,5,256,16,6.431946277618408
transformer.h.25.mlp.c_fc,4096,4352,21.815384310101845,-0.003907931930246633,7.342068195343018,5,256,16,6.461395740509033
transformer.h.25.mlp.c_fc,4352,4608,21.81636319657257,-0.0029290454595205517,7.248615980148315,5,256,16,6.4423112869262695
transformer.h.25.mlp.c_fc,4608,4864,21.814772806989446,-0.004519435042645625,7.262870788574219,5,256,16,6.443044185638428
transformer.h.25.mlp.c_fc,4864,5120,21.81949438266924,0.00020214063714973918,7.261106014251709,5,256,16,6.449202537536621
transformer.h.25.mlp.c_proj,0,256,21.824981581269903,0.005689339237811453,6.641813278198242,5,256,16,14.888452529907227
transformer.h.25.mlp.c_proj,256,512,21.806104681217665,-0.013187560814426291,6.597568988800049,5,256,16,14.957271575927734
transformer.h.25.mlp.c_proj,512,768,21.81794954065783,-0.0013427013742628446,6.769293785095215,5,256,16,14.7772216796875
transformer.h.25.mlp.c_proj,768,1024,21.840356293233846,0.021064051201754808,6.657141447067261,5,256,16,14.924623489379883
transformer.h.25.mlp.c_proj,1024,1280,21.803448461061272,-0.015843780970818955,6.735025882720947,5,256,16,14.765678405761719
transformer.h.26.attn.c_attn,0,256,21.824265742681444,0.004973500649352758,7.028024196624756,5,256,16,6.657748699188232
transformer.h.26.attn.c_attn,256,512,21.81858966925115,-0.000702572780941324,7.179895877838135,5,256,16,6.877886772155762
transformer.h.26.attn.c_attn,512,768,21.80542154588153,-0.013870696150561912,7.432833909988403,5,256,16,6.752181053161621
transformer.h.26.attn.c_attn,768,1024,21.816615541514306,-0.0026767005177852354,7.328375816345215,5,256,16,6.7926249504089355
transformer.h.26.attn.c_attn,1024,1280,21.809241674582978,-0.010050567449113146,7.257596492767334,5,256,16,6.591291427612305
transformer.h.26.attn.c_attn,1280,1536,21.819445036399742,0.00015279436765069931,7.326046705245972,5,256,16,7.283024311065674
transformer.h.26.attn.c_attn,1536,1792,21.817369026995507,-0.0019232150365837697,7.132759094238281,5,256,16,7.232383728027344
transformer.h.26.attn.c_attn,1792,2048,21.837648744783536,0.018356502751444737,7.3706629276275635,5,256,16,7.151259422302246
transformer.h.26.attn.c_attn,2048,2304,21.81622231268043,-0.0030699293516605053,7.265465021133423,5,256,16,7.216429710388184
transformer.h.26.attn.c_attn,2304,2560,21.81550364065458,-0.003788601377511469,7.345953464508057,5,256,16,6.870042324066162
transformer.h.26.attn.c_attn,2560,2816,21.808325353123525,-0.01096688890856612,7.3417651653289795,5,256,16,6.2635674476623535
transformer.h.26.attn.c_attn,2816,3072,21.818135022933433,-0.0011572190986584019,7.368556261062622,5,256,16,5.91552734375
transformer.h.26.attn.c_attn,3072,3328,21.796696705127918,-0.022595536904173485,7.157686471939087,5,256,16,5.6808366775512695
transformer.h.26.attn.c_attn,3328,3584,21.81072067605407,-0.00857156597801989,7.327544212341309,5,256,16,6.0187153816223145
transformer.h.26.attn.c_attn,3584,3840,21.816869969993625,-0.002422272038465678,7.240764379501343,5,256,16,6.434266567230225
transformer.h.26.attn.c_proj,0,256,21.820961593373422,0.001669351341330838,7.488758325576782,5,256,16,7.035687446594238
transformer.h.26.attn.c_proj,256,512,21.817747711575645,-0.0015445304564458695,7.2312493324279785,5,256,16,7.201297760009766
transformer.h.26.attn.c_proj,512,768,21.820401214557034,0.0011089725249426863,7.30729079246521,5,256,16,6.957486152648926
transformer.h.26.attn.c_proj,768,1024,21.821695458695284,0.0024032166631933194,7.347348213195801,5,256,16,7.056800842285156
transformer.h.26.attn.c_proj,1024,1280,21.82053662573226,0.0012443837001683278,7.260807275772095,5,256,16,6.946183681488037
transformer.h.26.mlp.c_fc,0,256,21.818252585031924,-0.0010396570001667271,7.1303794384002686,5,256,16,6.4600653648376465
transformer.h.26.mlp.c_fc,256,512,21.820196390029363,0.0009041479972715649,7.4020116329193115,5,256,16,6.456887722015381
transformer.h.26.mlp.c_fc,512,768,21.817305269523892,-0.001986972508198903,7.3517680168151855,5,256,16,6.484584808349609
transformer.h.26.mlp.c_fc,768,1024,21.81840775013676,-0.0008844918953307968,7.201544523239136,5,256,16,6.441051483154297
transformer.h.26.mlp.c_fc,1024,1280,21.81924259895615,-4.964307593979811e-05,7.32942533493042,5,256,16,6.46322774887085
transformer.h.26.mlp.c_fc,1280,1536,21.818986805136717,-0.00030543689537410046,7.203112840652466,5,256,16,6.445946216583252
transformer.h.26.mlp.c_fc,1536,1792,21.815766972652064,-0.003525269380027396,7.25414776802063,5,256,16,6.414416790008545
transformer.h.26.mlp.c_fc,1792,2048,21.824901893819145,0.005609651787054304,7.192069053649902,5,256,16,6.4307451248168945
transformer.h.26.mlp.c_fc,2048,2304,21.81788043107855,-0.0014118109535417034,7.368800640106201,5,256,16,6.46527099609375
transformer.h.26.mlp.c_fc,2304,2560,21.819260137514984,-3.210451710700113e-05,7.264511585235596,5,256,16,6.450774669647217
transformer.h.26.mlp.c_fc,2560,2816,21.816239848811524,-0.0030523932205674953,7.342512130737305,5,256,16,6.4464640617370605
transformer.h.26.mlp.c_fc,2816,3072,21.81494280759252,-0.004349434439571809,7.340765714645386,5,256,16,6.425785541534424
transformer.h.26.mlp.c_fc,3072,3328,21.820494263199627,0.0012020211675363157,7.148855686187744,5,256,16,6.44989538192749
transformer.h.26.mlp.c_fc,3328,3584,21.81902975926412,-0.0002624827679724717,7.303490400314331,5,256,16,6.417434215545654
transformer.h.26.mlp.c_fc,3584,3840,21.821590513104116,0.00229827107202496,7.291257619857788,5,256,16,6.446554660797119
transformer.h.26.mlp.c_fc,3840,4096,21.815177600813602,-0.004114641218489368,7.40582013130188,5,256,16,6.428262710571289
transformer.h.26.mlp.c_fc,4096,4352,21.81975999236811,0.00046775033601775817,7.276326417922974,5,256,16,6.467072486877441
transformer.h.26.mlp.c_fc,4352,4608,21.81456446889616,-0.004727773135929425,7.140153884887695,5,256,16,6.399501800537109
transformer.h.26.mlp.c_fc,4608,4864,21.81892200253013,-0.00037023950196157784,7.310970306396484,5,256,16,6.471170425415039
transformer.h.26.mlp.c_fc,4864,5120,21.822026352772962,0.002734110740870932,7.424124002456665,5,256,16,6.447874546051025
transformer.h.26.mlp.c_proj,0,256,21.82398327908612,0.004691037054030289,6.660395622253418,5,256,16,15.268308639526367
transformer.h.26.mlp.c_proj,256,512,21.817535778186755,-0.0017564638453357873,6.744278907775879,5,256,16,15.346660614013672
transformer.h.26.mlp.c_proj,512,768,21.823829114971254,0.004536872939162606,6.798457622528076,5,256,16,15.158747673034668
transformer.h.26.mlp.c_proj,768,1024,21.817594185990952,-0.00169805604113904,6.653225898742676,5,256,16,15.312783241271973
transformer.h.26.mlp.c_proj,1024,1280,21.82603687274863,0.006744630716539746,6.687323331832886,5,256,16,15.179927825927734
transformer.h.27.attn.c_attn,0,256,21.82139385296587,0.00210161093377792,7.058746099472046,5,256,16,6.855180740356445
transformer.h.27.attn.c_attn,256,512,21.819154311848667,-0.00013793018342411756,7.3341381549835205,5,256,16,6.706653118133545
transformer.h.27.attn.c_attn,512,768,21.817730917339993,-0.0015613246920977986,7.252734422683716,5,256,16,6.885522842407227
transformer.h.27.attn.c_attn,768,1024,21.817539047830692,-0.0017531942013988555,7.357261896133423,5,256,16,7.0253586769104
transformer.h.27.attn.c_attn,1024,1280,21.8210313072884,0.0017390652563094022,7.196004152297974,5,256,16,6.97231912612915
transformer.h.27.attn.c_attn,1280,1536,21.823718509951302,0.004426267919210858,7.297401666641235,5,256,16,7.173062324523926
transformer.h.27.attn.c_attn,1536,1792,21.818308913998916,-0.000983328033175468,7.378149747848511,5,256,16,7.090032577514648
transformer.h.27.attn.c_attn,1792,2048,21.814768348949503,-0.00452389308258816,7.161237716674805,5,256,16,7.370611190795898
transformer.h.27.attn.c_attn,2048,2304,21.81751185035282,-0.0017803916792722418,7.385685682296753,5,256,16,7.022126197814941
transformer.h.27.attn.c_attn,2304,2560,21.809850496995836,-0.009441745036255611,7.287333011627197,5,256,16,7.459712982177734
transformer.h.27.attn.c_attn,2560,2816,21.799918474998407,-0.01937376703368443,7.398067235946655,5,256,16,6.1588568687438965
transformer.h.27.attn.c_attn,2816,3072,21.811568602891725,-0.00772363914036589,7.276169538497925,5,256,16,5.894606113433838
transformer.h.27.attn.c_attn,3072,3328,21.814598052505644,-0.004694189526446735,7.280887603759766,5,256,16,5.832340240478516
transformer.h.27.attn.c_attn,3328,3584,21.8220554883409,0.0027632463088096415,7.347252368927002,5,256,16,5.8224945068359375
transformer.h.27.attn.c_attn,3584,3840,21.813164256718476,-0.006127985313614914,7.18065619468689,5,256,16,6.295860290527344
transformer.h.27.attn.c_proj,0,256,21.81653633044974,-0.0027559115823514446,7.46884560585022,5,256,16,6.934603214263916
transformer.h.27.attn.c_proj,256,512,21.816628470927387,-0.002663771104703727,7.262275695800781,5,256,16,7.094290733337402
transformer.h.27.attn.c_proj,512,768,21.8161734196436,-0.003118822388490372,7.332853078842163,5,256,16,6.870151042938232
transformer.h.27.attn.c_proj,768,1024,21.811815246289157,-0.007476995742933923,7.231997489929199,5,256,16,6.958614826202393
transformer.h.27.attn.c_proj,1024,1280,21.80993740934147,-0.009354832690622317,7.382039785385132,5,256,16,6.879795074462891
transformer.h.27.mlp.c_fc,0,256,21.816672163483453,-0.002620078548638105,7.180559873580933,5,256,16,6.4877190589904785
transformer.h.27.mlp.c_fc,256,512,21.81790985835651,-0.0013823836755797458,7.372834920883179,5,256,16,6.461422920227051
transformer.h.27.mlp.c_fc,512,768,21.797776316951406,-0.021515925080684895,7.248539686203003,5,256,16,6.499155044555664
transformer.h.27.mlp.c_fc,768,1024,21.82049114175311,0.0011988997210181651,7.301729679107666,5,256,16,6.427224159240723
transformer.h.27.mlp.c_fc,1024,1280,21.819464507354198,0.00017226532210656842,7.302923202514648,5,256,16,6.476733684539795
transformer.h.27.mlp.c_fc,1280,1536,21.81665670760328,-0.0026355344288120364,7.252596139907837,5,256,16,6.436441421508789
transformer.h.27.mlp.c_fc,1536,1792,21.819749587898244,0.0004573458661525365,7.2975914478302,5,256,16,6.431948661804199
transformer.h.27.mlp.c_fc,1792,2048,21.81494681986052,-0.0043454221715713,7.258061170578003,5,256,16,6.475666046142578
transformer.h.27.mlp.c_fc,2048,2304,21.823301070248803,0.0040088282167118905,7.318143129348755,5,256,16,6.447967052459717
transformer.h.27.mlp.c_fc,2304,2560,21.81561747339663,-0.0036747686354594578,7.261488199234009,5,256,16,6.472614765167236
transformer.h.27.mlp.c_fc,2560,2816,21.821621729162068,0.002329487129976826,7.30908465385437,5,256,16,6.463869094848633
transformer.h.27.mlp.c_fc,2816,3072,21.816339567248676,-0.002952674783415432,7.289897203445435,5,256,16,6.439939022064209
transformer.h.27.mlp.c_fc,3072,3328,21.817533103023887,-0.0017591390082039027,7.1826252937316895,5,256,16,6.43508768081665
transformer.h.27.mlp.c_fc,3328,3584,21.812485803551787,-0.0068064384803037115,7.318255424499512,5,256,16,6.486764430999756
transformer.h.27.mlp.c_fc,3584,3840,21.82218585561879,0.002893613586699928,7.349675893783569,5,256,16,6.506469249725342
transformer.h.27.mlp.c_fc,3840,4096,21.818385158980067,-0.0009070830520236939,7.151442289352417,5,256,16,6.522213935852051
transformer.h.27.mlp.c_fc,4096,4352,21.814673392914994,-0.004618849117097312,7.309842824935913,5,256,16,6.488717555999756
transformer.h.27.mlp.c_fc,4352,4608,21.816746322137746,-0.002545919894345161,7.20514440536499,5,256,16,6.430289268493652
transformer.h.27.mlp.c_fc,4608,4864,21.82343516147648,0.004142919444387161,7.413495063781738,5,256,16,6.474432468414307
transformer.h.27.mlp.c_fc,4864,5120,21.813419387909043,-0.005872854123047944,7.257174491882324,5,256,16,6.461775779724121
transformer.h.27.mlp.c_proj,0,256,21.811113508570266,-0.008178733461825516,6.819939613342285,5,256,16,15.546602249145508
transformer.h.27.mlp.c_proj,256,512,21.813893253349974,-0.0053989886821170785,6.807500600814819,5,256,16,15.633332252502441
transformer.h.27.mlp.c_proj,512,768,21.824444291292508,0.005152049260416902,6.621654033660889,5,256,16,15.42558765411377
transformer.h.27.mlp.c_proj,768,1024,21.819024408572357,-0.00026783345973413475,6.809131860733032,5,256,16,15.567630767822266
transformer.h.27.mlp.c_proj,1024,1280,21.823863010170236,0.004570768138144388,6.745678901672363,5,256,16,15.43482494354248
transformer.h.28.attn.c_attn,0,256,21.8197240226505,0.00043178061840976056,6.926513671875,5,256,16,6.816898345947266
transformer.h.28.attn.c_attn,256,512,21.815829685368403,-0.003462556663688332,7.3961262702941895,5,256,16,6.877786636352539
transformer.h.28.attn.c_attn,512,768,21.819248395596922,-4.384643516885944e-05,7.258579969406128,5,256,16,6.843948841094971
transformer.h.28.attn.c_attn,768,1024,21.818558160276325,-0.0007340817557661694,7.32205867767334,5,256,16,6.832388401031494
transformer.h.28.attn.c_attn,1024,1280,21.813920594912485,-0.005371647119606138,7.1967527866363525,5,256,16,6.948185443878174
transformer.h.28.attn.c_attn,1280,1536,21.814091629051262,-0.005200612980829078,7.431133985519409,5,256,16,7.265023708343506
transformer.h.28.attn.c_attn,1536,1792,21.818032323818368,-0.0012599182137229548,7.194323539733887,5,256,16,7.092940807342529
transformer.h.28.attn.c_attn,1792,2048,21.822106029724495,0.00281378769240348,7.334040403366089,5,256,16,7.095418453216553
transformer.h.28.attn.c_attn,2048,2304,21.81370349790664,-0.005588744125450518,7.421447992324829,5,256,16,7.110841274261475
transformer.h.28.attn.c_attn,2304,2560,21.80423298002981,-0.015059262002282026,7.129257917404175,5,256,16,7.06627082824707
transformer.h.28.attn.c_attn,2560,2816,21.818230588535492,-0.0010616534965990354,7.277223825454712,5,256,16,5.980303764343262
transformer.h.28.attn.c_attn,2816,3072,21.818779615827488,-0.0005126262046033503,7.428242444992065,5,256,16,6.178385257720947
transformer.h.28.attn.c_attn,3072,3328,21.81800200463515,-0.0012902373969403413,7.332162618637085,5,256,16,6.5207366943359375
transformer.h.28.attn.c_attn,3328,3584,21.819458264756225,0.00016602272413379637,7.246108055114746,5,256,16,5.862511157989502
transformer.h.28.attn.c_attn,3584,3840,21.81845798581904,-0.0008342562130501108,7.350964069366455,5,256,16,6.075992107391357
transformer.h.28.attn.c_proj,0,256,21.815299902334168,-0.003992339697923342,7.3091371059417725,5,256,16,7.059892177581787
transformer.h.28.attn.c_proj,256,512,21.819327616508403,3.537447631174473e-05,7.214223861694336,5,256,16,7.312836647033691
transformer.h.28.attn.c_proj,512,768,21.8153300691573,-0.003962172874789616,7.3552727699279785,5,256,16,6.9479193687438965
transformer.h.28.attn.c_proj,768,1024,21.811523583343675,-0.007768658688416252,7.314923048019409,5,256,16,7.064711570739746
transformer.h.28.attn.c_proj,1024,1280,21.81010454944114,-0.009187692590952423,7.310023069381714,5,256,16,6.968586444854736
transformer.h.28.mlp.c_fc,0,256,21.819454846191423,0.00016260415933189165,7.208949565887451,5,256,16,6.500988483428955
transformer.h.28.mlp.c_fc,256,512,21.81739295467279,-0.001899287359300672,7.43911075592041,5,256,16,6.489535331726074
transformer.h.28.mlp.c_fc,512,768,21.82258469216125,0.003292450129158908,7.23395037651062,5,256,16,6.466955661773682
transformer.h.28.mlp.c_fc,768,1024,21.820341610123858,0.0010493680917669224,7.205256700515747,5,256,16,6.450230598449707
transformer.h.28.mlp.c_fc,1024,1280,21.819701132861073,0.0004088908289823223,7.3611578941345215,5,256,16,6.4666032791137695
transformer.h.28.mlp.c_fc,1280,1536,21.820115085035134,0.0008228430030428058,7.258740186691284,5,256,16,6.4810590744018555
transformer.h.28.mlp.c_fc,1536,1792,21.81601202881657,-0.0032802132155218544,7.381530046463013,5,256,16,6.447134494781494
transformer.h.28.mlp.c_fc,1792,2048,21.82089143375208,0.0015991917199897898,7.174763441085815,5,256,16,6.510611057281494
transformer.h.28.mlp.c_fc,2048,2304,21.823923367540846,0.004631125508755218,7.4459755420684814,5,256,16,6.4765729904174805
transformer.h.28.mlp.c_fc,2304,2560,21.818299253347803,-0.0009929886842883207,7.108051300048828,5,256,16,6.467606067657471
transformer.h.28.mlp.c_fc,2560,2816,21.820576907374654,0.0012846653425633292,7.389589309692383,5,256,16,6.503350734710693
transformer.h.28.mlp.c_fc,2816,3072,21.819020544184674,-0.0002716978474168741,7.3102545738220215,5,256,16,6.483312129974365
transformer.h.28.mlp.c_fc,3072,3328,21.82080195083356,0.001509708801467724,7.182579040527344,5,256,16,6.44204568862915
transformer.h.28.mlp.c_fc,3328,3584,21.818919921715676,-0.000372320316415653,7.371031761169434,5,256,16,6.466832160949707
transformer.h.28.mlp.c_fc,3584,3840,21.819085495714656,-0.00020674631743489158,7.252604246139526,5,256,16,6.486231803894043
transformer.h.28.mlp.c_fc,3840,4096,21.821495081432456,0.002202839400364809,7.343292474746704,5,256,16,6.502962589263916
transformer.h.28.mlp.c_fc,4096,4352,21.819676459478586,0.00038421744649497214,7.1931984424591064,5,256,16,6.449647426605225
transformer.h.28.mlp.c_fc,4352,4608,21.818456648181023,-0.0008355938510682392,7.349625110626221,5,256,16,6.479304790496826
transformer.h.28.mlp.c_fc,4608,4864,21.815634266005457,-0.003657976026634202,7.198080778121948,5,256,16,6.499938011169434
transformer.h.28.mlp.c_fc,4864,5120,21.82419363978461,0.004901397752519188,7.382271766662598,5,256,16,6.449652194976807
transformer.h.28.mlp.c_proj,0,256,21.815296930235625,-0.003995311796465728,6.755967617034912,5,256,16,15.898077964782715
transformer.h.28.mlp.c_proj,256,512,21.82158144559089,0.0022892035587993576,6.759653091430664,5,256,16,16.074892044067383
transformer.h.28.mlp.c_proj,512,768,21.814689144591654,-0.004603097440437409,6.674648761749268,5,256,16,15.747199058532715
transformer.h.28.mlp.c_proj,768,1024,21.819259542987332,-3.269904475899921e-05,6.689541816711426,5,256,16,15.914002418518066
transformer.h.28.mlp.c_proj,1024,1280,21.81213410387487,-0.00715813815721944,6.762161731719971,5,256,16,15.771953582763672
transformer.h.29.attn.c_attn,0,256,21.816362156287326,-0.002930085744765165,7.123111724853516,5,256,16,6.954616546630859
transformer.h.29.attn.c_attn,256,512,21.832749679265635,0.013457437233544312,7.075883150100708,5,256,16,6.8944807052612305
transformer.h.29.attn.c_attn,512,768,21.821056874067832,0.001764632035740732,7.199944257736206,5,256,16,6.892707824707031
transformer.h.29.attn.c_attn,768,1024,21.812028312770554,-0.007263929261537072,7.434729099273682,5,256,16,6.797966957092285
transformer.h.29.attn.c_attn,1024,1280,21.820697752748007,0.0014055107159158808,7.280513286590576,5,256,16,6.894967079162598
transformer.h.29.attn.c_attn,1280,1536,21.817687222663547,-0.0016050193685437364,7.277608156204224,5,256,16,7.122665882110596
transformer.h.29.attn.c_attn,1536,1792,21.82039199889837,0.0010997568662780566,7.336302995681763,5,256,16,6.841588020324707
transformer.h.29.attn.c_attn,1792,2048,21.81990476364932,0.0006125216172279124,7.356144666671753,5,256,16,7.104400634765625
transformer.h.29.attn.c_attn,2048,2304,21.81402431484704,-0.005267927185052201,7.177095890045166,5,256,16,7.020667552947998
transformer.h.29.attn.c_attn,2304,2560,21.819582522518647,0.0002902804865563269,7.419584035873413,5,256,16,7.058746814727783
transformer.h.29.attn.c_attn,2560,2816,21.81816905791323,-0.0011231841188603653,7.199231863021851,5,256,16,6.058986663818359
transformer.h.29.attn.c_attn,2816,3072,21.82737962576481,0.008087383732718223,7.370326995849609,5,256,16,6.240018844604492
transformer.h.29.attn.c_attn,3072,3328,21.82362604220624,0.004333800174148195,7.2189085483551025,5,256,16,6.3813581466674805
transformer.h.29.attn.c_attn,3328,3584,21.82269321026058,0.003400968228490342,7.363085031509399,5,256,16,6.489897727966309
transformer.h.29.attn.c_attn,3584,3840,21.81531149352235,-0.00398074850973984,7.215391635894775,5,256,16,6.515505790710449
transformer.h.29.attn.c_proj,0,256,21.820370446163473,0.0010782041313817103,7.458625078201294,5,256,16,7.158345699310303
transformer.h.29.attn.c_proj,256,512,21.820064548262692,0.0007723062306013162,7.023211240768433,5,256,16,7.434247016906738
transformer.h.29.attn.c_proj,512,768,21.81416563033666,-0.005126611695430938,7.448200464248657,5,256,16,7.089345455169678
transformer.h.29.attn.c_proj,768,1024,21.813495467210895,-0.005796774821195783,7.39944052696228,5,256,16,7.167759418487549
transformer.h.29.attn.c_proj,1024,1280,21.814091183261144,-0.005201058770946787,7.314781427383423,5,256,16,7.04082727432251
transformer.h.29.mlp.c_fc,0,256,21.817573230501228,-0.0017190115308629572,7.347188711166382,5,256,16,6.502787113189697
transformer.h.29.mlp.c_fc,256,512,21.820019362541743,0.0007271205096515132,7.1937031745910645,5,256,16,6.497620105743408
transformer.h.29.mlp.c_fc,512,768,21.817742212576707,-0.00155002945538385,7.279175281524658,5,256,16,6.563754081726074
transformer.h.29.mlp.c_fc,768,1024,21.818497223237127,-0.0007950187949639087,7.194141626358032,5,256,16,6.476269721984863
transformer.h.29.mlp.c_fc,1024,1280,21.817009074669137,-0.002283167362953975,7.391413450241089,5,256,16,6.502226829528809
transformer.h.29.mlp.c_fc,1280,1536,21.816331244977174,-0.002960997054916703,7.2949981689453125,5,256,16,6.495232105255127
transformer.h.29.mlp.c_fc,1536,1792,21.81801879907947,-0.0012734429526197744,7.254484415054321,5,256,16,6.466613292694092
transformer.h.29.mlp.c_fc,1792,2048,21.812321171142393,-0.006971070889697728,7.341383695602417,5,256,16,6.494758129119873
transformer.h.29.mlp.c_fc,2048,2304,21.821274638839377,0.0019823968072856246,7.189873456954956,5,256,16,6.50600004196167
transformer.h.29.mlp.c_fc,2304,2560,21.82058166388346,0.0012894218513679334,7.517511606216431,5,256,16,6.506925582885742
transformer.h.29.mlp.c_fc,2560,2816,21.822484201909393,0.003191959877302253,7.138961315155029,5,256,16,6.49001407623291
transformer.h.29.mlp.c_fc,2816,3072,21.81778887980093,-0.0015033622311619865,7.195004463195801,5,256,16,6.44536828994751
transformer.h.29.mlp.c_fc,3072,3328,21.82061837822071,0.0013261361886200973,7.393529891967773,5,256,16,6.485206604003906
transformer.h.29.mlp.c_fc,3328,3584,21.821183221964137,0.0018909799320461218,7.293003559112549,5,256,16,6.493892669677734
transformer.h.29.mlp.c_fc,3584,3840,21.8209326079093,0.0016403658772077279,7.346289157867432,5,256,16,6.4803361892700195
transformer.h.29.mlp.c_fc,3840,4096,21.820954161199463,0.0016619191673719058,7.073138236999512,5,256,16,6.461897850036621
transformer.h.29.mlp.c_fc,4096,4352,21.817947014067197,-0.0013452279648937804,7.334126234054565,5,256,16,6.513565540313721
transformer.h.29.mlp.c_fc,4352,4608,21.814411411507738,-0.004880830524353286,7.297642469406128,5,256,16,6.510333061218262
transformer.h.29.mlp.c_fc,4608,4864,21.818504357320727,-0.0007878847113644838,7.34068489074707,5,256,16,6.513596534729004
transformer.h.29.mlp.c_fc,4864,5120,21.82170081004207,0.0024085680099794615,7.136076927185059,5,256,16,6.4703474044799805
transformer.h.29.mlp.c_proj,0,256,21.811416160837087,-0.007876081195004048,6.73114800453186,5,256,16,16.109683990478516
transformer.h.29.mlp.c_proj,256,512,21.81418034146548,-0.005111900566610927,6.735306024551392,5,256,16,16.401973724365234
transformer.h.29.mlp.c_proj,512,768,21.805593701693223,-0.013698540338868526,6.71837306022644,5,256,16,16.0169677734375
transformer.h.29.mlp.c_proj,768,1024,21.80733553745084,-0.011956704581251643,6.677622318267822,5,256,16,16.205345153808594
transformer.h.29.mlp.c_proj,1024,1280,21.81426712246766,-0.005025119564432856,6.692028522491455,5,256,16,16.03892707824707
transformer.h.30.attn.c_attn,0,256,21.818787047260805,-0.0005051947712857441,7.115483999252319,5,256,16,6.633387088775635
transformer.h.30.attn.c_attn,256,512,21.815418340790703,-0.003873901241387756,7.236088275909424,5,256,16,6.628028392791748
transformer.h.30.attn.c_attn,512,768,21.816355171516296,-0.0029370705157951704,7.2862229347229,5,256,16,6.773313045501709
transformer.h.30.attn.c_attn,768,1024,21.81904952710895,-0.000242714923139431,7.290220260620117,5,256,16,6.5230841636657715
transformer.h.30.attn.c_attn,1024,1280,21.81832318204529,-0.0009690599868008576,7.296373605728149,5,256,16,6.600941181182861
transformer.h.30.attn.c_attn,1280,1536,21.81695720754433,-0.0023350344877606233,7.450520038604736,5,256,16,6.996404647827148
transformer.h.30.attn.c_attn,1536,1792,21.817328602656225,-0.0019636393758659665,7.192401885986328,5,256,16,6.934178352355957
transformer.h.30.attn.c_attn,1792,2048,21.825396525664196,0.006104283632105023,7.3177666664123535,5,256,16,6.920875549316406
transformer.h.30.attn.c_attn,2048,2304,21.8173552054299,-0.001937036602189579,7.3719916343688965,5,256,16,6.820230960845947
transformer.h.30.attn.c_attn,2304,2560,21.81307168510233,-0.006220556929761756,7.297428846359253,5,256,16,6.818246841430664
transformer.h.30.attn.c_attn,2560,2816,21.818893762922333,-0.00039847910975865375,7.209127426147461,5,256,16,6.509079933166504
transformer.h.30.attn.c_attn,2816,3072,21.81555446407698,-0.0037377779551128754,7.321528434753418,5,256,16,6.684510231018066
transformer.h.30.attn.c_attn,3072,3328,21.80864193129812,-0.010650310733971935,7.2481725215911865,5,256,16,6.104883670806885
transformer.h.30.attn.c_attn,3328,3584,21.81473149585417,-0.004560746177922681,7.435617685317993,5,256,16,6.953510761260986
transformer.h.30.attn.c_attn,3584,3840,21.81352265968198,-0.005769582350112046,7.335283994674683,5,256,16,6.413394451141357
transformer.h.30.attn.c_proj,0,256,21.813874233152795,-0.00541800887929611,7.32052206993103,5,256,16,7.530378341674805
transformer.h.30.attn.c_proj,256,512,21.814119862443786,-0.005172379588305631,7.223023891448975,5,256,16,7.89668083190918
transformer.h.30.attn.c_proj,512,768,21.81719930472102,-0.002092937311072518,7.239055395126343,5,256,16,7.46355676651001
transformer.h.30.attn.c_proj,768,1024,21.8150443033394,-0.004247938692692799,7.362855672836304,5,256,16,7.535444259643555
transformer.h.30.attn.c_proj,1024,1280,21.812224739920108,-0.007067502111983259,7.169152736663818,5,256,16,7.452686786651611
transformer.h.30.mlp.c_fc,0,256,21.821308530070926,0.0020162880388348015,7.369551658630371,5,256,16,6.537735939025879
transformer.h.30.mlp.c_fc,256,512,21.81991977592134,0.0006275338892471893,7.192019939422607,5,256,16,6.5319976806640625
transformer.h.30.mlp.c_fc,512,768,21.820642160820313,0.0013499187882217711,7.3638129234313965,5,256,16,6.510647773742676
transformer.h.30.mlp.c_fc,768,1024,21.821992311776025,0.002700069743934108,7.360516548156738,5,256,16,6.461746692657471
transformer.h.30.mlp.c_fc,1024,1280,21.821155276719356,0.0018630346872647863,7.2503135204315186,5,256,16,6.566365718841553
transformer.h.30.mlp.c_fc,1280,1536,21.820872407452974,0.0015801654208829063,7.442797899246216,5,256,16,6.50724983215332
transformer.h.30.mlp.c_fc,1536,1792,21.816534249862798,-0.0027579921692932885,7.176151514053345,5,256,16,6.550792694091797
transformer.h.30.mlp.c_fc,1792,2048,21.815648235088137,-0.003644006943954281,7.3648669719696045,5,256,16,6.454277515411377
transformer.h.30.mlp.c_fc,2048,2304,21.816830289655815,-0.002461952376275889,7.397436141967773,5,256,16,6.5155558586120605
transformer.h.30.mlp.c_fc,2304,2560,21.81901043732783,-0.0002818047042616456,7.035807132720947,5,256,16,6.51149320602417
transformer.h.30.mlp.c_fc,2560,2816,21.809848119910903,-0.009444122121188059,7.2935521602630615,5,256,16,6.5289225578308105
transformer.h.30.mlp.c_fc,2816,3072,21.81832184441555,-0.0009703976165411632,7.3786749839782715,5,256,16,6.520806312561035
transformer.h.30.mlp.c_fc,3072,3328,21.815019783825807,-0.004272458206283858,7.303895711898804,5,256,16,6.493879795074463
transformer.h.30.mlp.c_fc,3328,3584,21.822093988972487,0.0028017469403955886,7.323486566543579,5,256,16,6.517479419708252
transformer.h.30.mlp.c_fc,3584,3840,21.81745938755414,-0.0018328544779500078,7.1778786182403564,5,256,16,6.535243988037109
transformer.h.30.mlp.c_fc,3840,4096,21.820993997681462,0.0017017556493712505,7.4176177978515625,5,256,16,6.539657115936279
transformer.h.30.mlp.c_fc,4096,4352,21.81598735960567,-0.0033048824264199084,7.288635492324829,5,256,16,6.504158020019531
transformer.h.30.mlp.c_fc,4352,4608,21.815724322163607,-0.0035679198684839264,7.338386297225952,5,256,16,6.507345676422119
transformer.h.30.mlp.c_fc,4608,4864,21.84044377347385,0.02115153144175963,7.185067176818848,5,256,16,6.533470153808594
transformer.h.30.mlp.c_fc,4864,5120,21.81790391344867,-0.0013883285834204173,7.224301338195801,5,256,16,6.462100028991699
transformer.h.30.mlp.c_proj,0,256,21.819145691241154,-0.00014655079093728318,6.645922422409058,5,256,16,16.5583553314209
transformer.h.30.mlp.c_proj,256,512,21.81234791639513,-0.006944325636961679,6.971769094467163,5,256,16,16.836088180541992
transformer.h.30.mlp.c_proj,512,768,21.820155068623322,0.0008628265912307143,6.876257658004761,5,256,16,16.377750396728516
transformer.h.30.mlp.c_proj,768,1024,21.81669207780674,-0.002600164225352586,6.821112871170044,5,256,16,16.56424903869629
transformer.h.30.mlp.c_proj,1024,1280,21.81632530049948,-0.002966941532612566,6.818912744522095,5,256,16,16.421735763549805
transformer.h.31.attn.c_attn,0,256,21.818631433575643,-0.0006608084564483363,6.956743240356445,5,256,16,7.081120014190674
transformer.h.31.attn.c_attn,256,512,21.81882881196311,-0.0004634300689794202,7.394064426422119,5,256,16,6.7793731689453125
transformer.h.31.attn.c_attn,512,768,21.817636245651638,-0.0016559963804532174,7.177204847335815,5,256,16,6.559040069580078
transformer.h.31.attn.c_attn,768,1024,21.81845858032484,-0.0008336617072508545,7.379951238632202,5,256,16,6.894710540771484
transformer.h.31.attn.c_attn,1024,1280,21.80892493914089,-0.01036730289120058,7.253687143325806,5,256,16,6.896634101867676
transformer.h.31.attn.c_attn,1280,1536,21.81908906285234,-0.000203179179752766,7.2056849002838135,5,256,16,7.278536796569824
transformer.h.31.attn.c_attn,1536,1792,21.818229250911426,-0.0010629911206656573,7.3701255321502686,5,256,16,7.052412509918213
transformer.h.31.attn.c_attn,1792,2048,21.8205549085349,0.0012626665028072637,7.170876502990723,5,256,16,6.974470615386963
transformer.h.31.attn.c_attn,2048,2304,21.818864482946527,-0.00042775908556436093,7.4093077182769775,5,256,16,7.056316375732422
transformer.h.31.attn.c_attn,2304,2560,21.819437902008577,0.0001456599764857458,7.204526901245117,5,256,16,7.122763633728027
transformer.h.31.attn.c_attn,2560,2816,21.815846775357905,-0.003445466674186548,7.42282509803772,5,256,16,6.012414932250977
transformer.h.31.attn.c_attn,2816,3072,21.82221365353135,0.0029214114992583973,7.195385932922363,5,256,16,6.4230055809021
transformer.h.31.attn.c_attn,3072,3328,21.81568479251706,-0.0036074495150302255,7.358867168426514,5,256,16,7.008617877960205
transformer.h.31.attn.c_attn,3328,3584,21.81796068738466,-0.001331554647432398,7.29810643196106,5,256,16,6.217328071594238
transformer.h.31.attn.c_attn,3584,3840,21.81522990952098,-0.004062332511111322,7.121771335601807,5,256,16,6.39895486831665
transformer.h.31.attn.c_proj,0,256,21.81806368341005,-0.0012285586220421862,7.390142917633057,5,256,16,7.451535701751709
transformer.h.31.attn.c_proj,256,512,21.813023690663048,-0.0062685513690432515,7.309982061386108,5,256,16,8.109064102172852
transformer.h.31.attn.c_proj,512,768,21.824733302298316,0.005441060266225151,7.261395692825317,5,256,16,7.347792148590088
transformer.h.31.attn.c_proj,768,1024,21.822783890182112,0.0034916481500211205,7.341922998428345,5,256,16,7.427221775054932
transformer.h.31.attn.c_proj,1024,1280,21.812146882048612,-0.007145359983478983,7.349873065948486,5,256,16,7.347439289093018
transformer.h.31.mlp.c_fc,0,256,21.818011962401464,-0.00128027963062749,7.319999933242798,5,256,16,6.516736030578613
transformer.h.31.mlp.c_fc,256,512,21.813322208874247,-0.005970033157844057,7.107471942901611,5,256,16,6.535640716552734
transformer.h.31.mlp.c_fc,512,768,21.826401434438296,0.007109192406204556,7.417860507965088,5,256,16,6.563086986541748
transformer.h.31.mlp.c_fc,768,1024,21.814553175304596,-0.004739066727495356,7.277920484542847,5,256,16,6.564916610717773
transformer.h.31.mlp.c_fc,1024,1280,21.822242194740436,0.0029499527083451937,7.299575090408325,5,256,16,6.49539852142334
transformer.h.31.mlp.c_fc,1280,1536,21.816559068305637,-0.002733173726454652,7.2626051902771,5,256,16,6.522277355194092
transformer.h.31.mlp.c_fc,1536,1792,21.81252919063913,-0.006763051392962183,7.354945659637451,5,256,16,6.490926265716553
transformer.h.31.mlp.c_fc,1792,2048,21.815381932413782,-0.003910309618309071,7.243250131607056,5,256,16,6.539852142333984
transformer.h.31.mlp.c_fc,2048,2304,21.819966447803267,0.0006742057711761618,7.334724426269531,5,256,16,6.524362087249756
transformer.h.31.mlp.c_fc,2304,2560,21.822591678926734,0.003299436894643293,7.332221269607544,5,256,16,6.539853096008301
transformer.h.31.mlp.c_fc,2560,2816,21.82315137070523,0.0038591286731382013,7.200720548629761,5,256,16,6.494049072265625
transformer.h.31.mlp.c_fc,2816,3072,21.818589966505847,-0.0007022755262440228,7.1357948780059814,5,256,16,6.5982489585876465
transformer.h.31.mlp.c_fc,3072,3328,21.821932405696383,0.0026401636642923165,7.444284200668335,5,256,16,6.503340244293213
transformer.h.31.mlp.c_fc,3328,3584,21.81499258948842,-0.004299652543672039,7.287069082260132,5,256,16,6.524029731750488
transformer.h.31.mlp.c_fc,3584,3840,21.82346846142125,0.004176219389158575,7.225057601928711,5,256,16,6.546367168426514
transformer.h.31.mlp.c_fc,3840,4096,21.815502005985067,-0.003790236047024109,7.463806629180908,5,256,16,6.515516757965088
transformer.h.31.mlp.c_fc,4096,4352,21.814127589483896,-0.005164652548195647,7.091645956039429,5,256,16,6.528054237365723
transformer.h.31.mlp.c_fc,4352,4608,21.819418133811876,0.0001258917797848369,7.341191053390503,5,256,16,6.510074615478516
transformer.h.31.mlp.c_fc,4608,4864,21.81824678865571,-0.001045453376381289,7.336891174316406,5,256,16,6.557263374328613
transformer.h.31.mlp.c_fc,4864,5120,21.82026104778217,0.0009688057500802927,7.254652976989746,5,256,16,6.5463104248046875
transformer.h.31.mlp.c_proj,0,256,21.82043198299398,0.0011397409618894017,6.773065805435181,5,256,16,17.00621223449707
transformer.h.31.mlp.c_proj,256,512,21.827195997815718,0.007903755783626565,6.842607736587524,5,256,16,17.61457061767578
transformer.h.31.mlp.c_proj,512,768,21.822927492271297,0.0036352502392063,6.759456396102905,5,256,16,16.816261291503906
transformer.h.31.mlp.c_proj,768,1024,21.825624741009996,0.006332498977904777,6.83129096031189,5,256,16,17.027099609375
transformer.h.31.mlp.c_proj,1024,1280,21.8171254417617,-0.002166800270391178,6.890085697174072,5,256,16,16.863698959350586
transformer.h.32.attn.c_attn,0,256,21.81279501272614,-0.006497229305949759,6.830901145935059,5,256,16,6.614922523498535
transformer.h.32.attn.c_attn,256,512,21.82830031647216,0.009008074440068015,7.385316610336304,5,256,16,6.7973103523254395
transformer.h.32.attn.c_attn,512,768,21.81787032474982,-0.0014219172822720338,7.074015855789185,5,256,16,6.6838483810424805
transformer.h.32.attn.c_attn,768,1024,21.81836152746618,-0.0009307145659107618,7.40366530418396,5,256,16,6.413046836853027
transformer.h.32.attn.c_attn,1024,1280,21.8197338325676,0.0004415905355088512,7.1909403800964355,5,256,16,6.930912017822266
transformer.h.32.attn.c_attn,1280,1536,21.831873267476862,0.012581025444770688,7.288002252578735,5,256,16,7.0810675621032715
transformer.h.32.attn.c_attn,1536,1792,21.813594578730644,-0.0056976633014471645,7.331849813461304,5,256,16,6.887787342071533
transformer.h.32.attn.c_attn,1792,2048,21.819315428657145,2.3186625053739363e-05,7.381082773208618,5,256,16,7.006830215454102
transformer.h.32.attn.c_attn,2048,2304,21.816648831053165,-0.002643410978926397,7.064044713973999,5,256,16,6.9062347412109375
transformer.h.32.attn.c_attn,2304,2560,21.82204240706069,0.0027501650285977064,7.485783338546753,5,256,16,7.049105167388916
transformer.h.32.attn.c_attn,2560,2816,21.81944057740499,0.00014833537289860033,7.268786191940308,5,256,16,6.2862982749938965
transformer.h.32.attn.c_attn,2816,3072,21.81998116284406,0.000688920811967364,7.152722358703613,5,256,16,6.030292987823486
transformer.h.32.attn.c_attn,3072,3328,21.811442013508174,-0.00785022852391748,7.449549198150635,5,256,16,6.40637731552124
transformer.h.32.attn.c_attn,3328,3584,21.8133489553544,-0.005943286677691617,7.132346868515015,5,256,16,6.911749839782715
transformer.h.32.attn.c_attn,3584,3840,21.821069062891826,0.0017768208597352952,7.424330472946167,5,256,16,6.353755474090576
transformer.h.32.attn.c_proj,0,256,21.821427744382564,0.0021355023504732173,7.164194107055664,5,256,16,7.671280860900879
transformer.h.32.attn.c_proj,256,512,21.82055594902007,0.0012637069879772866,7.283888816833496,5,256,16,9.30688762664795
transformer.h.32.attn.c_proj,512,768,21.822959453527375,0.0036672114952835955,7.409729719161987,5,256,16,7.5595831871032715
transformer.h.32.attn.c_proj,768,1024,21.81899988458524,-0.0002923574468525203,7.303950071334839,5,256,16,7.649182319641113
transformer.h.32.attn.c_proj,1024,1280,21.81544613008255,-0.003846111949542319,7.182295560836792,5,256,16,7.563150882720947
transformer.h.32.mlp.c_fc,0,256,21.819240518111123,-5.172392096852718e-05,7.344092845916748,5,256,16,6.594682216644287
transformer.h.32.mlp.c_fc,256,512,21.81858312964885,-0.0007091123832410062,7.301027774810791,5,256,16,6.608968734741211
transformer.h.32.mlp.c_fc,512,768,21.817877755873422,-0.001414486158669348,7.231866121292114,5,256,16,6.629660606384277
transformer.h.32.mlp.c_fc,768,1024,21.816270016934443,-0.003022225097648601,7.279659032821655,5,256,16,6.636262893676758
transformer.h.32.mlp.c_fc,1024,1280,21.816286661433903,-0.003005580598188118,7.456397533416748,5,256,16,6.650219917297363
transformer.h.32.mlp.c_fc,1280,1536,21.81774399603567,-0.001548245996421116,7.152731418609619,5,256,16,6.602148056030273
transformer.h.32.mlp.c_fc,1536,1792,21.816790906620373,-0.002501335411718486,7.404364585876465,5,256,16,6.561036586761475
transformer.h.32.mlp.c_fc,1792,2048,21.811120194510178,-0.008172047521913584,7.278881311416626,5,256,16,6.558298110961914
transformer.h.32.mlp.c_fc,2048,2304,21.817222340503946,-0.002069901528145124,7.398228645324707,5,256,16,6.603517532348633
transformer.h.32.mlp.c_fc,2304,2560,21.817506945893207,-0.0017852961388840072,7.288028717041016,5,256,16,6.602392673492432
transformer.h.32.mlp.c_fc,2560,2816,21.818909220387333,-0.0003830216447582302,7.2053937911987305,5,256,16,6.598535060882568
transformer.h.32.mlp.c_fc,2816,3072,21.824811948445358,0.005519706413267045,7.225367307662964,5,256,16,6.597611427307129
transformer.h.32.mlp.c_fc,3072,3328,21.820150609483466,0.0008583674513751305,7.268811464309692,5,256,16,6.580759048461914
transformer.h.32.mlp.c_fc,3328,3584,21.812529636397326,-0.006762605634765606,7.3449506759643555,5,256,16,6.620162487030029
transformer.h.32.mlp.c_fc,3584,3840,21.816342093653155,-0.002950148378936035,7.327691316604614,5,256,16,6.6237945556640625
transformer.h.32.mlp.c_fc,3840,4096,21.818985913356414,-0.0003063286756770367,7.3250932693481445,5,256,16,6.637839317321777
transformer.h.32.mlp.c_fc,4096,4352,21.81147232357537,-0.007819918456721808,7.204523801803589,5,256,16,6.593747138977051
transformer.h.32.mlp.c_fc,4352,4608,21.815362316497115,-0.003929925534976064,7.455791711807251,5,256,16,6.593050003051758
transformer.h.32.mlp.c_fc,4608,4864,21.822224653784602,0.0029324117525106885,7.150907039642334,5,256,16,6.589480400085449
transformer.h.32.mlp.c_fc,4864,5120,21.818847093334828,-0.00044514869726342,7.32382869720459,5,256,16,6.579090118408203
transformer.h.32.mlp.c_proj,0,256,21.819017571579238,-0.0002746704528533428,6.737359046936035,5,256,16,17.413034439086914
transformer.h.32.mlp.c_proj,256,512,21.834215104088887,0.014922862056796049,6.775275945663452,5,256,16,18.71940040588379
transformer.h.32.mlp.c_proj,512,768,21.813292490601427,-0.005999751430664446,6.792620897293091,5,256,16,17.180309295654297
transformer.h.32.mlp.c_proj,768,1024,21.81702557111577,-0.002266670916320379,6.7057037353515625,5,256,16,17.362089157104492
transformer.h.32.mlp.c_proj,1024,1280,21.822355319379092,0.003063077347000842,6.827615737915039,5,256,16,17.172697067260742
transformer.h.33.attn.c_attn,0,256,21.817974063464387,-0.0013181785677041091,6.880728006362915,5,256,16,6.789053440093994
transformer.h.33.attn.c_attn,256,512,21.81865461949848,-0.0006376225336097718,7.222445726394653,5,256,16,6.941391468048096
transformer.h.33.attn.c_attn,512,768,21.813794883446594,-0.0054973585854973805,7.355849266052246,5,256,16,6.791548728942871
transformer.h.33.attn.c_attn,768,1024,21.795613731946524,-0.023678510085566984,7.256675481796265,5,256,16,6.908595085144043
transformer.h.33.attn.c_attn,1024,1280,21.818241289530988,-0.0010509525011030973,7.362850189208984,5,256,16,7.11884069442749
transformer.h.33.attn.c_attn,1280,1536,21.81919904988374,-9.319214835201706e-05,7.261178016662598,5,256,16,7.287446022033691
transformer.h.33.attn.c_attn,1536,1792,21.81957836076396,0.0002861187318679015,7.385416030883789,5,256,16,7.366481304168701
transformer.h.33.attn.c_attn,1792,2048,21.816730866205035,-0.0025613758270566223,7.205571889877319,5,256,16,7.3639960289001465
transformer.h.33.attn.c_attn,2048,2304,21.818441934168337,-0.0008503078637538408,7.307139158248901,5,256,16,7.337904453277588
transformer.h.33.attn.c_attn,2304,2560,21.826778194230272,0.007485952198180712,7.340534925460815,5,256,16,7.406674861907959
transformer.h.33.attn.c_attn,2560,2816,21.81907984774785,-0.0002123942842402471,7.360004901885986,5,256,16,5.919244766235352
transformer.h.33.attn.c_attn,2816,3072,21.813560848072918,-0.0057313939591736585,7.18252158164978,5,256,16,6.588820457458496
transformer.h.33.attn.c_attn,3072,3328,21.817289961813692,-0.0020022802183987665,7.3363261222839355,5,256,16,5.881974697113037
transformer.h.33.attn.c_attn,3328,3584,21.807078694830103,-0.012213547201987751,7.151044607162476,5,256,16,6.277266979217529
transformer.h.33.attn.c_attn,3584,3840,21.820946431741234,0.0016541897091428837,7.473357439041138,5,256,16,6.578460216522217
transformer.h.33.attn.c_proj,0,256,21.817437986335374,-0.0018542556967169332,7.28264045715332,5,256,16,7.492654800415039
transformer.h.33.attn.c_proj,256,512,21.818569604568516,-0.0007226374635749266,7.208479642868042,5,256,16,9.702805519104004
transformer.h.33.attn.c_proj,512,768,21.816407334434796,-0.0028849075972949834,7.382944107055664,5,256,16,7.340485095977783
transformer.h.33.attn.c_proj,768,1024,21.81409742432359,-0.0051948177084994995,7.2526819705963135,5,256,16,7.447601318359375
transformer.h.33.attn.c_proj,1024,1280,21.822982198077646,0.0036899560455552205,7.259290456771851,5,256,16,7.313937664031982
transformer.h.33.mlp.c_fc,0,256,21.81638727175908,-0.002904970273011287,7.243075609207153,5,256,16,6.699514865875244
transformer.h.33.mlp.c_fc,256,512,21.819236653685174,-5.558834691754555e-05,7.392682313919067,5,256,16,6.6335129737854
transformer.h.33.mlp.c_fc,512,768,21.822369144112333,0.0030769020802416946,7.2793965339660645,5,256,16,6.721316814422607
transformer.h.33.mlp.c_fc,768,1024,21.818134577060682,-0.0011576649714086784,7.365522146224976,5,256,16,6.673895835876465
transformer.h.33.mlp.c_fc,1024,1280,21.81607637694979,-0.0032158650822999846,7.323579549789429,5,256,16,6.7542219161987305
transformer.h.33.mlp.c_fc,1280,1536,21.818364351356436,-0.0009278906756549077,7.199190139770508,5,256,16,6.7468791007995605
transformer.h.33.mlp.c_fc,1536,1792,21.81624683354563,-0.0030454084864608433,7.270697832107544,5,256,16,6.682684898376465
transformer.h.33.mlp.c_fc,1792,2048,21.81875925371318,-0.0005329883189126861,7.301274538040161,5,256,16,6.694006443023682
transformer.h.33.mlp.c_fc,2048,2304,21.819658771950476,0.0003665299183843729,7.231358766555786,5,256,16,6.678656578063965
transformer.h.33.mlp.c_fc,2304,2560,21.819513259133167,0.00022101710107591543,7.271029949188232,5,256,16,6.682926654815674
transformer.h.33.mlp.c_fc,2560,2816,21.81842395038852,-0.0008682916435702737,7.3602988719940186,5,256,16,6.679459571838379
transformer.h.33.mlp.c_fc,2816,3072,21.81795726905449,-0.0013349729776024333,7.433664321899414,5,256,16,6.7187323570251465
transformer.h.33.mlp.c_fc,3072,3328,21.819696673813976,0.00040443178188454,7.131161212921143,5,256,16,6.709118843078613
transformer.h.33.mlp.c_fc,3328,3584,21.81707372297727,-0.0022185190548213995,7.277683258056641,5,256,16,6.718947410583496
transformer.h.33.mlp.c_fc,3584,3840,21.825310741099177,0.006018499067085514,7.395449161529541,5,256,16,6.699970245361328
transformer.h.33.mlp.c_fc,3840,4096,21.821035617964224,0.0017433759321328068,7.143156290054321,5,256,16,6.730259418487549
transformer.h.33.mlp.c_fc,4096,4352,21.81330452649704,-0.005987715535052729,7.299144983291626,5,256,16,6.675893783569336
transformer.h.33.mlp.c_fc,4352,4608,21.81517893825058,-0.004113303781512201,7.317170143127441,5,256,16,6.664407730102539
transformer.h.33.mlp.c_fc,4608,4864,21.82006098096553,0.0007687389334378736,7.223042249679565,5,256,16,6.661505699157715
transformer.h.33.mlp.c_fc,4864,5120,21.816980094455264,-0.0023121475768270727,7.467931032180786,5,256,16,6.741907596588135
transformer.h.33.mlp.c_proj,0,256,21.826033750509225,0.006741508477134062,6.839699983596802,5,256,16,17.779403686523438
transformer.h.33.mlp.c_proj,256,512,21.818216469174462,-0.0010757728576287207,6.896600246429443,5,256,16,19.75541114807129
transformer.h.33.mlp.c_proj,512,768,21.81291551782489,-0.006376724207200368,6.7408037185668945,5,256,16,17.56424903869629
transformer.h.33.mlp.c_proj,768,1024,21.810809523333816,-0.008482718698274994,6.673965215682983,5,256,16,17.82839012145996
transformer.h.33.mlp.c_proj,1024,1280,21.81595481412311,-0.003337427908981283,6.765300989151001,5,256,16,17.57036781311035
transformer.h.34.attn.c_attn,0,256,21.820528450500262,0.001236208468171185,6.979748249053955,5,256,16,6.530453681945801
transformer.h.34.attn.c_attn,256,512,21.819403419150774,0.00011117711868280367,7.264724493026733,5,256,16,7.052349090576172
transformer.h.34.attn.c_attn,512,768,21.822872191976003,0.0035799499439121973,7.285977363586426,5,256,16,6.712546348571777
transformer.h.34.attn.c_attn,768,1024,21.81963484178821,0.00034259975612016547,7.24235463142395,5,256,16,6.819401741027832
transformer.h.34.attn.c_attn,1024,1280,21.81039515341063,-0.008897088621459659,7.191264629364014,5,256,16,6.679769992828369
transformer.h.34.attn.c_attn,1280,1536,21.819387961335657,9.571930356599978e-05,7.5095789432525635,5,256,16,7.9388556480407715
transformer.h.34.attn.c_attn,1536,1792,21.819686566643938,0.0003943246118467414,7.222104072570801,5,256,16,8.144247055053711
transformer.h.34.attn.c_attn,1792,2048,21.82064394451633,0.0013517024842393255,7.227785348892212,5,256,16,7.97981595993042
transformer.h.34.attn.c_attn,2048,2304,21.822653816641584,0.0033615746094923793,7.403696298599243,5,256,16,7.890523910522461
transformer.h.34.attn.c_attn,2304,2560,21.81741004588692,-0.0018821961451713776,7.277364730834961,5,256,16,7.700425624847412
transformer.h.34.attn.c_attn,2560,2816,21.8113530150739,-0.007939226958189494,7.176641941070557,5,256,16,5.428021430969238
transformer.h.34.attn.c_attn,2816,3072,21.81250422819478,-0.006788013837311979,7.293827295303345,5,256,16,5.606107711791992
transformer.h.34.attn.c_attn,3072,3328,21.821948459914996,0.002656217882904599,7.242635011672974,5,256,16,5.052818775177002
transformer.h.34.attn.c_attn,3328,3584,21.816790163544923,-0.0025020784871685464,7.39299464225769,5,256,16,5.483417987823486
transformer.h.34.attn.c_attn,3584,3840,21.815061689920267,-0.004230552111824437,7.186142683029175,5,256,16,5.52302360534668
transformer.h.34.attn.c_proj,0,256,21.818799383445693,-0.0004928585863979151,7.412900447845459,5,256,16,7.646407604217529
transformer.h.34.attn.c_proj,256,512,21.823243985098152,0.003951743066060942,7.2803919315338135,5,256,16,10.287351608276367
transformer.h.34.attn.c_proj,512,768,21.818371336770728,-0.0009209052613634583,7.252054214477539,5,256,16,7.396348476409912
transformer.h.34.attn.c_proj,768,1024,21.81584276292438,-0.0034494791077115394,7.260840654373169,5,256,16,7.519391059875488
transformer.h.34.attn.c_proj,1024,1280,21.819383056454306,9.081442221514635e-05,7.259227752685547,5,256,16,7.459364891052246
transformer.h.34.mlp.c_fc,0,256,21.81802741924176,-0.001264822790332687,7.376025199890137,5,256,16,6.794984340667725
transformer.h.34.mlp.c_fc,256,512,21.81892096212288,-0.0003712799092099317,7.31971549987793,5,256,16,6.834433555603027
transformer.h.34.mlp.c_fc,512,768,21.823229119198,0.003936877165909181,7.158205509185791,5,256,16,6.801237106323242
transformer.h.34.mlp.c_fc,768,1024,21.8201611627826,0.0008689207505092611,7.341045379638672,5,256,16,6.804375648498535
transformer.h.34.mlp.c_fc,1024,1280,21.815920336769896,-0.0033719052621954404,7.327444314956665,5,256,16,6.873556613922119
transformer.h.34.mlp.c_fc,1280,1536,21.81872343427354,-0.0005688077585510598,7.379591226577759,5,256,16,6.829390048980713
transformer.h.34.mlp.c_fc,1536,1792,21.824050921351038,0.00475867931894669,7.18977952003479,5,256,16,6.884109973907471
transformer.h.34.mlp.c_fc,1792,2048,21.816819143506503,-0.002473098525587858,7.40700888633728,5,256,16,6.834695339202881
transformer.h.34.mlp.c_fc,2048,2304,21.813380902582015,-0.0059113394500762695,7.228626489639282,5,256,16,6.814936637878418
transformer.h.34.mlp.c_fc,2304,2560,21.81905368876277,-0.00023855326931965237,7.36604905128479,5,256,16,6.805224895477295
transformer.h.34.mlp.c_fc,2560,2816,21.81162120010517,-0.007671041926922584,7.211671590805054,5,256,16,6.874548435211182
transformer.h.34.mlp.c_fc,2816,3072,21.812912546051194,-0.006379695980896827,7.353041887283325,5,256,16,6.796375274658203
transformer.h.34.mlp.c_fc,3072,3328,21.8161842682411,-0.003107973790992702,7.2585906982421875,5,256,16,6.816400051116943
transformer.h.34.mlp.c_fc,3328,3584,21.811661168129003,-0.007631073903088037,7.326113700866699,5,256,16,6.7854156494140625
transformer.h.34.mlp.c_fc,3584,3840,21.82469821639597,0.00540597436387813,7.238849878311157,5,256,16,6.803696155548096
transformer.h.34.mlp.c_fc,3840,4096,21.817705948942734,-0.0015862930893568716,7.202366352081299,5,256,16,6.868783473968506
transformer.h.34.mlp.c_fc,4096,4352,21.81975984373279,0.0004676017006985944,7.387205600738525,5,256,16,6.816675662994385
transformer.h.34.mlp.c_fc,4352,4608,21.811657305045433,-0.007634936986658403,7.248308420181274,5,256,16,6.800042152404785
transformer.h.34.mlp.c_fc,4608,4864,21.82427659530303,0.004984353270938158,7.351154804229736,5,256,16,6.792226791381836
transformer.h.34.mlp.c_fc,4864,5120,21.822709413694323,0.003417171662231766,7.232829570770264,5,256,16,6.8298163414001465
transformer.h.34.mlp.c_proj,0,256,21.814093412211815,-0.005198829820276529,6.879248857498169,5,256,16,18.460477828979492
transformer.h.34.mlp.c_proj,256,512,21.817689303360446,-0.0016029386716454042,6.84728741645813,5,256,16,19.885229110717773
transformer.h.34.mlp.c_proj,512,768,21.81758081014413,-0.0017114318879620782,6.792978525161743,5,256,16,18.075605392456055
transformer.h.34.mlp.c_proj,768,1024,21.827775286053534,0.00848304402144251,6.831247091293335,5,256,16,18.439210891723633
transformer.h.34.mlp.c_proj,1024,1280,21.813676750991757,-0.0056154910403343195,6.795433759689331,5,256,16,18.145967483520508
transformer.h.35.attn.c_attn,0,256,21.817164974018677,-0.0021272680134138966,6.946251392364502,5,256,16,6.416867733001709
transformer.h.35.attn.c_attn,256,512,21.816463212799245,-0.00282902923284567,7.196505069732666,5,256,16,6.929080963134766
transformer.h.35.attn.c_attn,512,768,21.817004021705998,-0.0022882203260934375,7.3217222690582275,5,256,16,6.884057998657227
transformer.h.35.attn.c_attn,768,1024,21.8195376350635,0.0002453930314096908,7.237171649932861,5,256,16,6.505852699279785
transformer.h.35.attn.c_attn,1024,1280,21.82988217519274,0.010589933160648712,7.463637828826904,5,256,16,6.295614719390869
transformer.h.35.attn.c_attn,1280,1536,21.818629798671758,-0.0006624433603334978,7.2179272174835205,5,256,16,9.299415588378906
transformer.h.35.attn.c_attn,1536,1792,21.819987702865376,0.0006954608332847556,7.380646705627441,5,256,16,9.353182792663574
transformer.h.35.attn.c_attn,1792,2048,21.815981415221668,-0.003310826810423606,7.221943616867065,5,256,16,9.030513763427734
transformer.h.35.attn.c_attn,2048,2304,21.821699472205243,0.0024072301731514756,7.2938313484191895,5,256,16,9.384273529052734
transformer.h.35.attn.c_attn,2304,2560,21.819510732361465,0.00021849032937382162,7.273905038833618,5,256,16,9.541632652282715
transformer.h.35.attn.c_attn,2560,2816,21.81392089210357,-0.005371349928520175,7.303699254989624,5,256,16,4.089333534240723
transformer.h.35.attn.c_attn,2816,3072,21.810297542136258,-0.008994699895833236,7.27126407623291,5,256,16,4.446653366088867
transformer.h.35.attn.c_attn,3072,3328,21.81580902879026,-0.003483213241832317,7.302747488021851,5,256,16,4.7578654289245605
transformer.h.35.attn.c_attn,3328,3584,21.814701478459618,-0.004590763572473122,7.420355319976807,5,256,16,3.89935040473938
transformer.h.35.attn.c_attn,3584,3840,21.822348481342235,0.0030562393101440932,7.162966012954712,5,256,16,4.036289215087891
transformer.h.35.attn.c_proj,0,256,21.815669783158754,-0.003622458873337564,7.373307466506958,5,256,16,9.45810317993164
transformer.h.35.attn.c_proj,256,512,21.82096649860962,0.0016742565775302864,7.2549147605896,5,256,16,8.129855155944824
transformer.h.35.attn.c_proj,512,768,21.81749327286011,-0.001798969171982634,7.290415287017822,5,256,16,7.282566547393799
transformer.h.35.attn.c_proj,768,1024,21.816277447512984,-0.0030147945191068004,7.37348484992981,5,256,16,7.587530136108398
transformer.h.35.attn.c_proj,1024,1280,21.814775927617948,-0.004516314414143352,7.363155364990234,5,256,16,7.298255920410156
transformer.h.35.mlp.c_fc,0,256,21.823718807275878,0.004426565243786484,7.316081762313843,5,256,16,7.0140862464904785
transformer.h.35.mlp.c_fc,256,512,21.8170438509766,-0.002248391055491794,7.25072979927063,5,256,16,6.894987106323242
transformer.h.35.mlp.c_fc,512,768,21.812726810998555,-0.006565431033536129,7.16149377822876,5,256,16,6.927701473236084
transformer.h.35.mlp.c_fc,768,1024,21.81359309279749,-0.005699149234601464,7.359133005142212,5,256,16,6.946741580963135
transformer.h.35.mlp.c_fc,1024,1280,21.807684782906342,-0.011607459125748676,7.370417833328247,5,256,16,6.90294885635376
transformer.h.35.mlp.c_fc,1280,1536,21.82239530707233,0.0031030650402392723,7.197033166885376,5,256,16,7.002049446105957
transformer.h.35.mlp.c_fc,1536,1792,21.819573455839798,0.00028121380770684823,7.252674102783203,5,256,16,6.918845176696777
transformer.h.35.mlp.c_fc,1792,2048,21.81747335780549,-0.0018188842266013694,7.311855792999268,5,256,16,6.840724945068359
transformer.h.35.mlp.c_fc,2048,2304,21.80973327730388,-0.009558964728210384,7.292388439178467,5,256,16,6.8945441246032715
transformer.h.35.mlp.c_fc,2304,2560,21.81097800729635,-0.008314234735742332,7.248560428619385,5,256,16,6.981865406036377
transformer.h.35.mlp.c_fc,2560,2816,21.817316267302903,-0.001975974729187868,7.310718536376953,5,256,16,6.967276096343994
transformer.h.35.mlp.c_fc,2816,3072,21.815300050939104,-0.003992191092986985,7.214028358459473,5,256,16,6.907111644744873
transformer.h.35.mlp.c_fc,3072,3328,21.818571536722338,-0.0007207053097531002,7.580316781997681,5,256,16,6.936741352081299
transformer.h.35.mlp.c_fc,3328,3584,21.81863485201144,-0.0006573900206525707,7.047433137893677,5,256,16,6.83074951171875
transformer.h.35.mlp.c_fc,3584,3840,21.81382341364481,-0.005468828387282798,7.344517469406128,5,256,16,6.979431629180908
transformer.h.35.mlp.c_fc,3840,4096,21.819961542791873,0.0006693007597817768,7.278725862503052,5,256,16,6.9241414070129395
transformer.h.35.mlp.c_fc,4096,4352,21.79693798355957,-0.022354258472521593,7.340764760971069,5,256,16,6.8243408203125
transformer.h.35.mlp.c_fc,4352,4608,21.817247456965962,-0.002044785066129151,7.273386716842651,5,256,16,6.887326240539551
transformer.h.35.mlp.c_fc,4608,4864,21.818344881383723,-0.0009473606483680896,7.295609712600708,5,256,16,6.94822883605957
transformer.h.35.mlp.c_fc,4864,5120,21.810218354010868,-0.009073888021223553,7.243501424789429,5,256,16,6.9211955070495605
transformer.h.35.mlp.c_proj,0,256,21.816740377546942,-0.0025518644851487693,6.824639797210693,5,256,16,19.22580337524414
transformer.h.35.mlp.c_proj,256,512,21.84241901583654,0.023126773804449385,6.768485069274902,5,256,16,18.946556091308594
transformer.h.35.mlp.c_proj,512,768,21.822410023751118,0.0031177817190268797,6.887758493423462,5,256,16,18.35172462463379
transformer.h.35.mlp.c_proj,768,1024,21.815429189012722,-0.003863053019369289,6.8905112743377686,5,256,16,18.64191436767578
transformer.h.35.mlp.c_proj,1024,1280,21.806403401828675,-0.012888840203416407,6.742293357849121,5,256,16,18.322067260742188
